[{"model": "admin.logentry", "pk": 1, "fields": {"action_time": "2022-06-02T13:33:06.948Z", "user": 1, "content_type": 6, "object_id": "2", "object_repr": "Shani Wahrman", "action_flag": 1, "change_message": "[{\"added\": {}}]"}}, {"model": "admin.logentry", "pk": 2, "fields": {"action_time": "2022-06-02T13:35:26.661Z", "user": 1, "content_type": 6, "object_id": "3", "object_repr": "Uriel Rosenzweig", "action_flag": 1, "change_message": "[{\"added\": {}}]"}}, {"model": "admin.logentry", "pk": 3, "fields": {"action_time": "2022-06-02T13:36:43.865Z", "user": 1, "content_type": 6, "object_id": "1", "object_repr": "Alon Aviv", "action_flag": 2, "change_message": "[{\"changed\": {\"fields\": [\"First name\", \"Last name\"]}}]"}}, {"model": "admin.logentry", "pk": 4, "fields": {"action_time": "2022-06-02T13:37:20.341Z", "user": 1, "content_type": 3, "object_id": "1", "object_repr": "singers", "action_flag": 1, "change_message": "[{\"added\": {}}]"}}, {"model": "admin.logentry", "pk": 5, "fields": {"action_time": "2022-06-02T15:48:27.761Z", "user": 1, "content_type": 3, "object_id": "1", "object_repr": "singers", "action_flag": 2, "change_message": "[{\"changed\": {\"fields\": [\"Permissions\"]}}]"}}, {"model": "admin.logentry", "pk": 6, "fields": {"action_time": "2022-06-02T16:37:05.427Z", "user": 1, "content_type": 6, "object_id": "2", "object_repr": "Shani Wahrman", "action_flag": 2, "change_message": "[{\"changed\": {\"fields\": [\"Password\"]}}]"}}, {"model": "admin.logentry", "pk": 7, "fields": {"action_time": "2022-06-02T17:24:15.477Z", "user": 1, "content_type": 7, "object_id": "2", "object_repr": "GroupSongRequest object (2)", "action_flag": 3, "change_message": ""}}, {"model": "admin.logentry", "pk": 8, "fields": {"action_time": "2022-06-02T18:53:02.174Z", "user": 1, "content_type": 7, "object_id": "6", "object_repr": "GroupSongRequest object (6)", "action_flag": 3, "change_message": ""}}, {"model": "admin.logentry", "pk": 9, "fields": {"action_time": "2022-06-02T18:53:11.123Z", "user": 1, "content_type": 7, "object_id": "9", "object_repr": "GroupSongRequest object (9)", "action_flag": 3, "change_message": ""}}, {"model": "admin.logentry", "pk": 10, "fields": {"action_time": "2022-06-02T18:53:11.125Z", "user": 1, "content_type": 7, "object_id": "10", "object_repr": "GroupSongRequest object (10)", "action_flag": 3, "change_message": ""}}, {"model": "admin.logentry", "pk": 11, "fields": {"action_time": "2022-06-17T13:19:26.564Z", "user": 1, "content_type": 7, "object_id": "3", "object_repr": "GroupSongRequest object (3)", "action_flag": 3, "change_message": ""}}, {"model": "admin.logentry", "pk": 12, "fields": {"action_time": "2022-06-17T13:19:36.000Z", "user": 1, "content_type": 7, "object_id": "12", "object_repr": "GroupSongRequest object (12)", "action_flag": 3, "change_message": ""}}, {"model": "admin.logentry", "pk": 13, "fields": {"action_time": "2022-06-17T13:19:36.002Z", "user": 1, "content_type": 7, "object_id": "7", "object_repr": "GroupSongRequest object (7)", "action_flag": 3, "change_message": ""}}, {"model": "admin.logentry", "pk": 14, "fields": {"action_time": "2022-06-17T13:19:36.004Z", "user": 1, "content_type": 7, "object_id": "11", "object_repr": "GroupSongRequest object (11)", "action_flag": 3, "change_message": ""}}, {"model": "admin.logentry", "pk": 15, "fields": {"action_time": "2022-06-17T13:19:36.006Z", "user": 1, "content_type": 7, "object_id": "4", "object_repr": "GroupSongRequest object (4)", "action_flag": 3, "change_message": ""}}, {"model": "admin.logentry", "pk": 16, "fields": {"action_time": "2022-06-17T13:19:36.007Z", "user": 1, "content_type": 7, "object_id": "8", "object_repr": "GroupSongRequest object (8)", "action_flag": 3, "change_message": ""}}, {"model": "admin.logentry", "pk": 17, "fields": {"action_time": "2022-06-17T13:19:36.008Z", "user": 1, "content_type": 7, "object_id": "5", "object_repr": "GroupSongRequest object (5)", "action_flag": 3, "change_message": ""}}, {"model": "admin.logentry", "pk": 18, "fields": {"action_time": "2022-06-17T13:23:13.658Z", "user": 1, "content_type": 7, "object_id": "13", "object_repr": "GroupSongRequest object (13)", "action_flag": 1, "change_message": "[{\"added\": {}}]"}}, {"model": "admin.logentry", "pk": 19, "fields": {"action_time": "2022-06-17T13:23:37.171Z", "user": 1, "content_type": 7, "object_id": "14", "object_repr": "GroupSongRequest object (14)", "action_flag": 1, "change_message": "[{\"added\": {}}]"}}, {"model": "admin.logentry", "pk": 20, "fields": {"action_time": "2022-06-17T13:23:55.526Z", "user": 1, "content_type": 7, "object_id": "15", "object_repr": "GroupSongRequest object (15)", "action_flag": 1, "change_message": "[{\"added\": {}}]"}}, {"model": "admin.logentry", "pk": 21, "fields": {"action_time": "2022-06-17T13:24:08.638Z", "user": 1, "content_type": 7, "object_id": "16", "object_repr": "GroupSongRequest object (16)", "action_flag": 1, "change_message": "[{\"added\": {}}]"}}, {"model": "admin.logentry", "pk": 22, "fields": {"action_time": "2022-06-17T13:36:17.568Z", "user": 1, "content_type": 7, "object_id": "17", "object_repr": "GroupSongRequest object (17)", "action_flag": 1, "change_message": "[{\"added\": {}}]"}}, {"model": "admin.logentry", "pk": 23, "fields": {"action_time": "2022-06-17T13:36:32.238Z", "user": 1, "content_type": 7, "object_id": "18", "object_repr": "GroupSongRequest object (18)", "action_flag": 1, "change_message": "[{\"added\": {}}]"}}, {"model": "admin.logentry", "pk": 24, "fields": {"action_time": "2022-06-17T13:36:32.252Z", "user": 1, "content_type": 7, "object_id": "19", "object_repr": "GroupSongRequest object (19)", "action_flag": 1, "change_message": "[{\"added\": {}}]"}}, {"model": "admin.logentry", "pk": 25, "fields": {"action_time": "2022-06-17T13:36:32.750Z", "user": 1, "content_type": 7, "object_id": "20", "object_repr": "GroupSongRequest object (20)", "action_flag": 1, "change_message": "[{\"added\": {}}]"}}, {"model": "admin.logentry", "pk": 26, "fields": {"action_time": "2022-06-17T13:36:50.065Z", "user": 1, "content_type": 7, "object_id": "18", "object_repr": "GroupSongRequest object (18)", "action_flag": 3, "change_message": ""}}, {"model": "admin.logentry", "pk": 27, "fields": {"action_time": "2022-06-17T13:36:50.067Z", "user": 1, "content_type": 7, "object_id": "19", "object_repr": "GroupSongRequest object (19)", "action_flag": 3, "change_message": ""}}, {"model": "admin.logentry", "pk": 28, "fields": {"action_time": "2022-06-17T13:36:50.068Z", "user": 1, "content_type": 7, "object_id": "20", "object_repr": "GroupSongRequest object (20)", "action_flag": 3, "change_message": ""}}, {"model": "admin.logentry", "pk": 29, "fields": {"action_time": "2022-06-17T13:37:08.929Z", "user": 1, "content_type": 7, "object_id": "21", "object_repr": "GroupSongRequest object (21)", "action_flag": 1, "change_message": "[{\"added\": {}}]"}}, {"model": "admin.logentry", "pk": 30, "fields": {"action_time": "2022-06-17T13:38:41.732Z", "user": 1, "content_type": 7, "object_id": "22", "object_repr": "GroupSongRequest object (22)", "action_flag": 1, "change_message": "[{\"added\": {}}]"}}, {"model": "admin.logentry", "pk": 31, "fields": {"action_time": "2022-06-17T13:44:32.484Z", "user": 1, "content_type": 7, "object_id": "23", "object_repr": "GroupSongRequest object (23)", "action_flag": 1, "change_message": "[{\"added\": {}}]"}}, {"model": "admin.logentry", "pk": 32, "fields": {"action_time": "2022-06-17T13:45:15.462Z", "user": 1, "content_type": 7, "object_id": "24", "object_repr": "GroupSongRequest object (24)", "action_flag": 1, "change_message": "[{\"added\": {}}]"}}, {"model": "admin.logentry", "pk": 33, "fields": {"action_time": "2022-06-17T13:49:31.847Z", "user": 1, "content_type": 7, "object_id": "25", "object_repr": "GroupSongRequest object (25)", "action_flag": 1, "change_message": "[{\"added\": {}}]"}}, {"model": "admin.logentry", "pk": 34, "fields": {"action_time": "2022-06-17T13:50:16.929Z", "user": 1, "content_type": 7, "object_id": "26", "object_repr": "GroupSongRequest object (26)", "action_flag": 1, "change_message": "[{\"added\": {}}]"}}, {"model": "admin.logentry", "pk": 35, "fields": {"action_time": "2022-06-17T13:50:58.354Z", "user": 1, "content_type": 7, "object_id": "27", "object_repr": "GroupSongRequest object (27)", "action_flag": 1, "change_message": "[{\"added\": {}}]"}}, {"model": "admin.logentry", "pk": 36, "fields": {"action_time": "2022-06-17T13:53:20.493Z", "user": 1, "content_type": 7, "object_id": "28", "object_repr": "GroupSongRequest object (28)", "action_flag": 1, "change_message": "[{\"added\": {}}]"}}, {"model": "admin.logentry", "pk": 37, "fields": {"action_time": "2022-06-17T13:54:46.479Z", "user": 1, "content_type": 7, "object_id": "29", "object_repr": "GroupSongRequest object (29)", "action_flag": 1, "change_message": "[{\"added\": {}}]"}}, {"model": "admin.logentry", "pk": 38, "fields": {"action_time": "2022-06-17T13:55:48.870Z", "user": 1, "content_type": 7, "object_id": "30", "object_repr": "GroupSongRequest object (30)", "action_flag": 1, "change_message": "[{\"added\": {}}]"}}, {"model": "admin.logentry", "pk": 39, "fields": {"action_time": "2022-06-17T13:57:04.371Z", "user": 1, "content_type": 7, "object_id": "31", "object_repr": "GroupSongRequest object (31)", "action_flag": 1, "change_message": "[{\"added\": {}}]"}}, {"model": "admin.logentry", "pk": 40, "fields": {"action_time": "2022-06-17T13:58:23.008Z", "user": 1, "content_type": 7, "object_id": "32", "object_repr": "GroupSongRequest object (32)", "action_flag": 1, "change_message": "[{\"added\": {}}]"}}, {"model": "admin.logentry", "pk": 41, "fields": {"action_time": "2022-06-17T13:59:51.091Z", "user": 1, "content_type": 7, "object_id": "33", "object_repr": "GroupSongRequest object (33)", "action_flag": 1, "change_message": "[{\"added\": {}}]"}}, {"model": "admin.logentry", "pk": 42, "fields": {"action_time": "2022-06-17T14:05:29.838Z", "user": 1, "content_type": 7, "object_id": "34", "object_repr": "GroupSongRequest object (34)", "action_flag": 1, "change_message": "[{\"added\": {}}]"}}, {"model": "admin.logentry", "pk": 43, "fields": {"action_time": "2022-06-17T14:10:53.802Z", "user": 1, "content_type": 7, "object_id": "35", "object_repr": "GroupSongRequest object (35)", "action_flag": 1, "change_message": "[{\"added\": {}}]"}}, {"model": "admin.logentry", "pk": 44, "fields": {"action_time": "2022-06-17T14:11:17.397Z", "user": 1, "content_type": 7, "object_id": "36", "object_repr": "GroupSongRequest object (36)", "action_flag": 1, "change_message": "[{\"added\": {}}]"}}, {"model": "admin.logentry", "pk": 45, "fields": {"action_time": "2022-06-17T14:11:38.896Z", "user": 1, "content_type": 7, "object_id": "37", "object_repr": "GroupSongRequest object (37)", "action_flag": 1, "change_message": "[{\"added\": {}}]"}}, {"model": "admin.logentry", "pk": 46, "fields": {"action_time": "2022-06-17T14:12:11.930Z", "user": 1, "content_type": 7, "object_id": "38", "object_repr": "GroupSongRequest object (38)", "action_flag": 1, "change_message": "[{\"added\": {}}]"}}, {"model": "admin.logentry", "pk": 47, "fields": {"action_time": "2022-06-17T14:12:29.750Z", "user": 1, "content_type": 7, "object_id": "39", "object_repr": "GroupSongRequest object (39)", "action_flag": 1, "change_message": "[{\"added\": {}}]"}}, {"model": "admin.logentry", "pk": 48, "fields": {"action_time": "2022-06-17T14:13:06.444Z", "user": 1, "content_type": 7, "object_id": "39", "object_repr": "GroupSongRequest object (39)", "action_flag": 2, "change_message": "[{\"changed\": {\"fields\": [\"Song name\"]}}]"}}, {"model": "admin.logentry", "pk": 49, "fields": {"action_time": "2022-06-17T14:14:41.864Z", "user": 1, "content_type": 7, "object_id": "40", "object_repr": "GroupSongRequest object (40)", "action_flag": 1, "change_message": "[{\"added\": {}}]"}}, {"model": "admin.logentry", "pk": 50, "fields": {"action_time": "2022-06-17T14:17:30.698Z", "user": 1, "content_type": 7, "object_id": "41", "object_repr": "GroupSongRequest object (41)", "action_flag": 1, "change_message": "[{\"added\": {}}]"}}, {"model": "admin.logentry", "pk": 51, "fields": {"action_time": "2022-06-17T14:17:53.233Z", "user": 1, "content_type": 7, "object_id": "42", "object_repr": "GroupSongRequest object (42)", "action_flag": 1, "change_message": "[{\"added\": {}}]"}}, {"model": "admin.logentry", "pk": 52, "fields": {"action_time": "2022-06-17T14:18:13.163Z", "user": 1, "content_type": 7, "object_id": "43", "object_repr": "GroupSongRequest object (43)", "action_flag": 1, "change_message": "[{\"added\": {}}]"}}, {"model": "admin.logentry", "pk": 53, "fields": {"action_time": "2022-06-17T14:19:37.045Z", "user": 1, "content_type": 7, "object_id": "44", "object_repr": "GroupSongRequest object (44)", "action_flag": 1, "change_message": "[{\"added\": {}}]"}}, {"model": "admin.logentry", "pk": 54, "fields": {"action_time": "2022-06-17T14:20:02.740Z", "user": 1, "content_type": 7, "object_id": "45", "object_repr": "GroupSongRequest object (45)", "action_flag": 1, "change_message": "[{\"added\": {}}]"}}, {"model": "admin.logentry", "pk": 55, "fields": {"action_time": "2022-06-17T14:23:02.864Z", "user": 1, "content_type": 7, "object_id": "46", "object_repr": "GroupSongRequest object (46)", "action_flag": 1, "change_message": "[{\"added\": {}}]"}}, {"model": "admin.logentry", "pk": 56, "fields": {"action_time": "2022-06-17T14:29:27.180Z", "user": 1, "content_type": 7, "object_id": "47", "object_repr": "GroupSongRequest object (47)", "action_flag": 1, "change_message": "[{\"added\": {}}]"}}, {"model": "admin.logentry", "pk": 57, "fields": {"action_time": "2022-06-17T14:31:37.731Z", "user": 1, "content_type": 7, "object_id": "48", "object_repr": "GroupSongRequest object (48)", "action_flag": 1, "change_message": "[{\"added\": {}}]"}}, {"model": "admin.logentry", "pk": 58, "fields": {"action_time": "2022-06-17T14:32:37.502Z", "user": 1, "content_type": 7, "object_id": "49", "object_repr": "GroupSongRequest object (49)", "action_flag": 1, "change_message": "[{\"added\": {}}]"}}, {"model": "admin.logentry", "pk": 59, "fields": {"action_time": "2022-06-17T14:34:49.615Z", "user": 1, "content_type": 7, "object_id": "50", "object_repr": "GroupSongRequest object (50)", "action_flag": 1, "change_message": "[{\"added\": {}}]"}}, {"model": "admin.logentry", "pk": 60, "fields": {"action_time": "2022-06-17T15:01:05.603Z", "user": 1, "content_type": 7, "object_id": "51", "object_repr": "GroupSongRequest object (51)", "action_flag": 1, "change_message": "[{\"added\": {}}]"}}, {"model": "admin.logentry", "pk": 61, "fields": {"action_time": "2022-06-21T05:09:24.305Z", "user": 1, "content_type": 7, "object_id": "52", "object_repr": "GroupSongRequest object (52)", "action_flag": 3, "change_message": ""}}, {"model": "admin.logentry", "pk": 62, "fields": {"action_time": "2022-06-21T05:09:24.307Z", "user": 1, "content_type": 7, "object_id": "53", "object_repr": "GroupSongRequest object (53)", "action_flag": 3, "change_message": ""}}, {"model": "admin.logentry", "pk": 63, "fields": {"action_time": "2022-06-21T05:09:24.309Z", "user": 1, "content_type": 7, "object_id": "54", "object_repr": "GroupSongRequest object (54)", "action_flag": 3, "change_message": ""}}, {"model": "admin.logentry", "pk": 64, "fields": {"action_time": "2022-06-21T05:09:24.311Z", "user": 1, "content_type": 7, "object_id": "55", "object_repr": "GroupSongRequest object (55)", "action_flag": 3, "change_message": ""}}, {"model": "admin.logentry", "pk": 65, "fields": {"action_time": "2022-06-21T05:09:24.312Z", "user": 1, "content_type": 7, "object_id": "56", "object_repr": "GroupSongRequest object (56)", "action_flag": 3, "change_message": ""}}, {"model": "admin.logentry", "pk": 66, "fields": {"action_time": "2022-06-21T05:09:50.015Z", "user": 1, "content_type": 7, "object_id": "61", "object_repr": "GroupSongRequest object (61)", "action_flag": 1, "change_message": "[{\"added\": {}}]"}}, {"model": "admin.logentry", "pk": 67, "fields": {"action_time": "2022-06-21T05:10:11.450Z", "user": 1, "content_type": 7, "object_id": "62", "object_repr": "GroupSongRequest object (62)", "action_flag": 1, "change_message": "[{\"added\": {}}]"}}, {"model": "admin.logentry", "pk": 68, "fields": {"action_time": "2022-06-21T05:11:02.120Z", "user": 1, "content_type": 7, "object_id": "63", "object_repr": "GroupSongRequest object (63)", "action_flag": 1, "change_message": "[{\"added\": {}}]"}}, {"model": "admin.logentry", "pk": 69, "fields": {"action_time": "2022-06-22T22:43:51.719Z", "user": 1, "content_type": 9, "object_id": "1", "object_repr": "CAN_SIGNUP is enabled when boolean is False", "action_flag": 2, "change_message": "[]"}}, {"model": "admin.logentry", "pk": 70, "fields": {"action_time": "2022-07-05T12:53:12.105Z", "user": 1, "content_type": 6, "object_id": "2", "object_repr": "Shani Wahrman", "action_flag": 2, "change_message": "[{\"changed\": {\"fields\": [\"Staff status\"]}}]"}}, {"model": "admin.logentry", "pk": 71, "fields": {"action_time": "2022-07-05T12:54:21.421Z", "user": 1, "content_type": 6, "object_id": "2", "object_repr": "Shani Wahrman", "action_flag": 3, "change_message": ""}}, {"model": "admin.logentry", "pk": 72, "fields": {"action_time": "2022-07-05T12:54:52.529Z", "user": 1, "content_type": 6, "object_id": "70", "object_repr": "Shani Wahrman", "action_flag": 1, "change_message": "[{\"added\": {}}]"}}, {"model": "admin.logentry", "pk": 73, "fields": {"action_time": "2022-07-05T12:56:21.612Z", "user": 1, "content_type": 6, "object_id": "70", "object_repr": "Shani Wahrman", "action_flag": 3, "change_message": ""}}, {"model": "admin.logentry", "pk": 74, "fields": {"action_time": "2022-07-05T12:56:41.642Z", "user": 1, "content_type": 6, "object_id": "3", "object_repr": "Uriel Rosenzweig", "action_flag": 3, "change_message": ""}}, {"model": "admin.logentry", "pk": 75, "fields": {"action_time": "2022-07-05T12:58:00.532Z", "user": 1, "content_type": 6, "object_id": "71", "object_repr": "Shani Wahrman", "action_flag": 2, "change_message": "[{\"changed\": {\"fields\": [\"First name\", \"Last name\"]}}]"}}, {"model": "admin.logentry", "pk": 76, "fields": {"action_time": "2022-07-05T15:15:48.361Z", "user": 71, "content_type": 7, "object_id": "64", "object_repr": "GroupSongRequest object (64)", "action_flag": 1, "change_message": "[{\"added\": {}}]"}}, {"model": "admin.logentry", "pk": 77, "fields": {"action_time": "2022-07-21T08:46:47.418Z", "user": 71, "content_type": 7, "object_id": "66", "object_repr": "GroupSongRequest object (66)", "action_flag": 1, "change_message": "[{\"added\": {}}]"}}, {"model": "auth.permission", "pk": 1, "fields": {"name": "Can add log entry", "content_type": 1, "codename": "add_logentry"}}, {"model": "auth.permission", "pk": 2, "fields": {"name": "Can change log entry", "content_type": 1, "codename": "change_logentry"}}, {"model": "auth.permission", "pk": 3, "fields": {"name": "Can delete log entry", "content_type": 1, "codename": "delete_logentry"}}, {"model": "auth.permission", "pk": 4, "fields": {"name": "Can view log entry", "content_type": 1, "codename": "view_logentry"}}, {"model": "auth.permission", "pk": 5, "fields": {"name": "Can add permission", "content_type": 2, "codename": "add_permission"}}, {"model": "auth.permission", "pk": 6, "fields": {"name": "Can change permission", "content_type": 2, "codename": "change_permission"}}, {"model": "auth.permission", "pk": 7, "fields": {"name": "Can delete permission", "content_type": 2, "codename": "delete_permission"}}, {"model": "auth.permission", "pk": 8, "fields": {"name": "Can view permission", "content_type": 2, "codename": "view_permission"}}, {"model": "auth.permission", "pk": 9, "fields": {"name": "Can add group", "content_type": 3, "codename": "add_group"}}, {"model": "auth.permission", "pk": 10, "fields": {"name": "Can change group", "content_type": 3, "codename": "change_group"}}, {"model": "auth.permission", "pk": 11, "fields": {"name": "Can delete group", "content_type": 3, "codename": "delete_group"}}, {"model": "auth.permission", "pk": 12, "fields": {"name": "Can view group", "content_type": 3, "codename": "view_group"}}, {"model": "auth.permission", "pk": 13, "fields": {"name": "Can add content type", "content_type": 4, "codename": "add_contenttype"}}, {"model": "auth.permission", "pk": 14, "fields": {"name": "Can change content type", "content_type": 4, "codename": "change_contenttype"}}, {"model": "auth.permission", "pk": 15, "fields": {"name": "Can delete content type", "content_type": 4, "codename": "delete_contenttype"}}, {"model": "auth.permission", "pk": 16, "fields": {"name": "Can view content type", "content_type": 4, "codename": "view_contenttype"}}, {"model": "auth.permission", "pk": 17, "fields": {"name": "Can add session", "content_type": 5, "codename": "add_session"}}, {"model": "auth.permission", "pk": 18, "fields": {"name": "Can change session", "content_type": 5, "codename": "change_session"}}, {"model": "auth.permission", "pk": 19, "fields": {"name": "Can delete session", "content_type": 5, "codename": "delete_session"}}, {"model": "auth.permission", "pk": 20, "fields": {"name": "Can view session", "content_type": 5, "codename": "view_session"}}, {"model": "auth.permission", "pk": 21, "fields": {"name": "Can add Singer", "content_type": 6, "codename": "add_singer"}}, {"model": "auth.permission", "pk": 22, "fields": {"name": "Can change Singer", "content_type": 6, "codename": "change_singer"}}, {"model": "auth.permission", "pk": 23, "fields": {"name": "Can delete Singer", "content_type": 6, "codename": "delete_singer"}}, {"model": "auth.permission", "pk": 24, "fields": {"name": "Can view Singer", "content_type": 6, "codename": "view_singer"}}, {"model": "auth.permission", "pk": 25, "fields": {"name": "Can add group song request", "content_type": 7, "codename": "add_groupsongrequest"}}, {"model": "auth.permission", "pk": 26, "fields": {"name": "Can change group song request", "content_type": 7, "codename": "change_groupsongrequest"}}, {"model": "auth.permission", "pk": 27, "fields": {"name": "Can delete group song request", "content_type": 7, "codename": "delete_groupsongrequest"}}, {"model": "auth.permission", "pk": 28, "fields": {"name": "Can view group song request", "content_type": 7, "codename": "view_groupsongrequest"}}, {"model": "auth.permission", "pk": 29, "fields": {"name": "Can add song request", "content_type": 8, "codename": "add_songrequest"}}, {"model": "auth.permission", "pk": 30, "fields": {"name": "Can change song request", "content_type": 8, "codename": "change_songrequest"}}, {"model": "auth.permission", "pk": 31, "fields": {"name": "Can delete song request", "content_type": 8, "codename": "delete_songrequest"}}, {"model": "auth.permission", "pk": 32, "fields": {"name": "Can view song request", "content_type": 8, "codename": "view_songrequest"}}, {"model": "auth.permission", "pk": 33, "fields": {"name": "Can add flag state", "content_type": 9, "codename": "add_flagstate"}}, {"model": "auth.permission", "pk": 34, "fields": {"name": "Can change flag state", "content_type": 9, "codename": "change_flagstate"}}, {"model": "auth.permission", "pk": 35, "fields": {"name": "Can delete flag state", "content_type": 9, "codename": "delete_flagstate"}}, {"model": "auth.permission", "pk": 36, "fields": {"name": "Can view flag state", "content_type": 9, "codename": "view_flagstate"}}, {"model": "auth.group", "pk": 1, "fields": {"name": "singers", "permissions": [32]}}, {"model": "contenttypes.contenttype", "pk": 1, "fields": {"app_label": "admin", "model": "logentry"}}, {"model": "contenttypes.contenttype", "pk": 2, "fields": {"app_label": "auth", "model": "permission"}}, {"model": "contenttypes.contenttype", "pk": 3, "fields": {"app_label": "auth", "model": "group"}}, {"model": "contenttypes.contenttype", "pk": 4, "fields": {"app_label": "contenttypes", "model": "contenttype"}}, {"model": "contenttypes.contenttype", "pk": 5, "fields": {"app_label": "sessions", "model": "session"}}, {"model": "contenttypes.contenttype", "pk": 6, "fields": {"app_label": "song_signup", "model": "singer"}}, {"model": "contenttypes.contenttype", "pk": 7, "fields": {"app_label": "song_signup", "model": "groupsongrequest"}}, {"model": "contenttypes.contenttype", "pk": 8, "fields": {"app_label": "song_signup", "model": "songrequest"}}, {"model": "contenttypes.contenttype", "pk": 9, "fields": {"app_label": "flags", "model": "flagstate"}}, {"model": "sessions.session", "pk": "042vuoml6810c4wgu4i8jme63sd2ddo8", "fields": {"session_data": ".eJxVjDsOwjAQBe_iGllx4i8lPWew1rtrHEC2FCcV4u4QKQW0b2beS0TY1hK3zkucSZyFceL0OybAB9ed0B3qrUlsdV3mJHdFHrTLayN-Xg7376BAL986awTrPA9kPNgQnB3ZMdMAIwMB2qwQ0-QSmETK5UkHNopIm0DEPon3BzpDOZs:1o2zwG:LDSEQKCSUWnUf8FRs1r-Wzm6UDKGSOKUYxMb4DRJXVY", "expire_date": "2022-07-03T18:46:24.129Z"}}, {"model": "sessions.session", "pk": "0atki8yexs8ycslvop02fd68agypjsg9", "fields": {"session_data": ".eJxVjMsOwiAQRf-FtSHIwAAu3fcbyPCSqoGktCvjv2uTLnR7zzn3xTxta_XbyIufE7swo9jpdwwUH7ntJN2p3TqPva3LHPiu8IMOPvWUn9fD_TuoNOq3RoFkY7FSa2uNRukMFGtQknCJwBoBWSiMRapgtJYxAWYAOoNLxaFj7w_Xjzbf:1o8l7o:_5yaE7Xva7PFvv_7qYaCe1nRqQNkRgpWwaV71v8oDAM", "expire_date": "2022-07-19T16:10:08.289Z"}}, {"model": "sessions.session", "pk": "163mgsyn88wjkooq55isr18raypqktvj", "fields": {"session_data": ".eJxVjEEOgjAQRe_StWnoTG2nLt1zhmaYDoIaSCisjHdXEha6_e-9_zKZt3XIW9Ulj8VcjDOn361jeei0g3Ln6TZbmad1GTu7K_ag1bZz0ef1cP8OBq7Dt8bgPEpSaHzEIIXP4AN7Am0cRexRKYmDIORS8pGgJxWKPcTgEKEx7w-ssjY2:1nwnqB:GMdsainHaoUEzlABCMX_-HTdIfxRcCy2g8o5yBThtQ8", "expire_date": "2022-06-16T16:38:31.730Z"}}, {"model": "sessions.session", "pk": "1gk9q1qws7snqys9jno5rhdlxr953cwj", "fields": {"session_data": ".eJxVjDEOwjAMRe-SGUXYieKWkZ0zRE7skgJKpaadEHenlTrA-t97_20ir0uJa9M5jmIuBhDN6XdNnJ9adyQPrvfJ5qku85jsrtiDNnubRF_Xw_07KNzKVqs_k2ZFYSQPGRU8utBBVpEhqELIRMI-BUDHTnqi1A8oHTG6zTWfLz2ROF0:1oEZCg:2FJAJccPYbXkFx92isoUqs9r5jCDjfASZrzh6KC1Gqo", "expire_date": "2022-08-04T16:39:10.726Z"}}, {"model": "sessions.session", "pk": "1gxmtancxekjlg7pmgg9ilf47mn9jijz", "fields": {"session_data": ".eJxVjEEOwiAQRe_C2hBoYQou3XsGMsOMUjU0Ke3KeHfbpAvd_vfef6uE61LS2mROI6uzsiao0-9KmJ9Sd8QPrPdJ56ku80h6V_RBm75OLK_L4f4dFGxlq8UHseTB0A05Bod9hhhoyM6hePBiHXNAtpvROXAEiNlE8BFsh0OvPl8-Wjg6:1o8mem:3Elz0RzOQsSYVHxs4pKghX1rH_VNdBJ9A9xeIZuE5IY", "expire_date": "2022-07-19T17:48:16.303Z"}}, {"model": "sessions.session", "pk": "22lzc1y2lqwxhmdk0qkxtunuzf43i3e7", "fields": {"session_data": ".eJxVjEEOwiAQRe_C2hAEpliX7j0DGWYGqRpISrsy3l2bdKHb_977LxVxXUpcu8xxYnVWJ68Ov2NCekjdCN-x3pqmVpd5SnpT9E67vjaW52V3_w4K9vKtHSSB0VI2KAGJHQJ5TzTwEZ3NnAMYDjyADcaHIJAJyNDoLLFhcer9ATDuOPA:1o8lfj:GvnVhE0xRWEsfizUf5dCdbkEky2sCE2qZG0FSMi5smc", "expire_date": "2022-07-19T16:45:11.826Z"}}, {"model": "sessions.session", "pk": "3a4avjcxwvnz0vyeohgfdheeqcih19t0", "fields": {"session_data": ".eJxVjMsOwiAQRf-FtSFDi8zg0n2_gQwM2KqBpI-V8d-1SRe6veec-1KBt3UM25LnMIm6KGOcOv2ukdMj1x3Jneut6dTqOk9R74o-6KKHJvl5Pdy_g5GX8Vt7NIggkblQBAIg44uIcb5QtpCwAINQcT46kDPlrusteSmIaFPv1fsDKcs3-A:1oEYnE:IhVdh0RGc2PjXdIevqyxT9k2SUe3yuhc1qr3jWXPTNo", "expire_date": "2022-08-04T16:12:52.560Z"}}, {"model": "sessions.session", "pk": "3b7vokwfla9hgjehivgrrobrpi6lb27j", "fields": {"session_data": ".eJxVjsEOwiAQRP-FsyEUWKQevfsNZNkFqRqalPZk_Hdp0oNe582bzFsE3NYStpaWMLG4iGEAcfpNI9Iz1R3xA-t9ljTXdZmi3CvyoE3eZk6v69H9GyjYSreBSSnN0VhFAOg9e8MOojtbTCobnVHFrLN1msmM3mTXv_CYqCtgSHy-Lxg4Ww:1oEYmC:_Tc6_41OdM0J2-_Eb29UVSFGoN7xeio8kHDV4rcIB8Y", "expire_date": "2022-08-04T16:11:48.321Z"}}, {"model": "sessions.session", "pk": "3fqreifipt50j7917n8hrk91mh165w5e", "fields": {"session_data": ".eJxVjDsOwjAQBe_iGln2-htKes5g7dprHECJFCcV4u4QKQW0b2beSyTc1pa2zksaizgLrYI4_a6E-cHTjsodp9ss8zyty0hyV-RBu7zOhZ-Xw_07aNjbt_ZQMzmMQACIJoO21gYe2BguChwReo5RUfZKFzfUqGEIRoXqtCUVxfsDLog3xw:1o8mR7:JAUwho6Y4pEW-BOSh6oLFX0U2rxVeVwzOoDKUWrDwRw", "expire_date": "2022-07-19T17:34:09.875Z"}}, {"model": "sessions.session", "pk": "3szeb87y06fmp4j19q6zw1dxcbmgf85n", "fields": {"session_data": ".eJxVjEEOwiAQRe_C2hBaBjq4dO8ZyDAMUjVtUtqV8e7apAvd_vfef6lI21rj1mSJY1ZnBU6dfsdE_JBpJ_lO023WPE_rMia9K_qgTV_nLM_L4f4dVGr1W7vAjMYOhsEioC9gC3qbOwJkSR2Ikx6JrfeUku8FmU1xAyQMFKCo9wf7hTgd:1o2y5U:SORsmGfHdG1_28Lc5TAs9wRlxni6porOVt7BMW72fkA", "expire_date": "2022-07-03T16:47:48.964Z"}}, {"model": "sessions.session", "pk": "4d0c1wyksqf2c0fhqke2xb3jigmzlp5k", "fields": {"session_data": ".eJxVjMsOwiAURP-FtSG8atGl-34DuQ-QqoGktCvjv0uTLnQ1yZkz8xYBtjWHrcUlzCyuQhslTr8UgZ6x7BU_oNyrpFrWZUa5K_Jom5wqx9ftcP8OMrTc10NM3jtjFTJ5BLCUKA3EQBdWiqxTPRwiAbOykLQZkzvbEU1H2kbx-QJjBjmy:1oEZ0o:K2-s3tROzITCjcJlOUus6XEacEjbO_yb1lZsxBoEF1Y", "expire_date": "2022-08-04T16:26:54.908Z"}}, {"model": "sessions.session", "pk": "4nyb8sjhqt9yvq20bq7k0i7ni7tzxj4l", "fields": {"session_data": ".eJxVjMsOwiAQAP-FsyFd7PLw6N1vIMAuUjWQlPZk_HdD0oNeZybzFj7sW_F759UvJC7CKHH6hTGkJ9dh6BHqvcnU6rYuUY5EHrbLWyN-XY_2b1BCL-PLgAZsjlonZ9wEim1Ms9PAjGnWCIaIkEPOSgMSnBECExplJ0OYxecL_us37g:1o8l4C:gtlsM-dmXpVVSqTjWNQ-FZ_I8TZ0i6AcrXG1uzaGZ88", "expire_date": "2022-07-19T16:06:24.824Z"}}, {"model": "sessions.session", "pk": "59ohczanfxqzisc8vnh582n4870ud650", "fields": {"session_data": ".eJxVjMsOwiAQRf-FtSF0sDxcuu83kBkGpGogKe3K-O_apAvd3nPOfYmA21rC1tMSZhYXYUdx-h0J4yPVnfAd663J2Oq6zCR3RR60y6lxel4P9--gYC_f2qvIaKzWxo3IYJ1in70bDCdjKVOG5MhbhMFoQgAPUcXR8TkzswES7w8Ncjh9:1o8lLr:qyK_WfQF8Uxxe37JN9ELxskOXGBj2y0Ld3XPgnJBF5A", "expire_date": "2022-07-19T16:24:39.521Z"}}, {"model": "sessions.session", "pk": "5elu0kqhqskdomnafcr3jnzsyt4zjdcp", "fields": {"session_data": ".eJxVjDsOwjAQRO_iGlkGxz9K-pzB2l1vcADZUpxUiLvjSClgynlv5i0ibGuOW-MlzklchVbi9Fsi0JPLTtIDyr1KqmVdZpS7Ig_a5FgTv26H-3eQoeW-dhaZPQetJtMzkAoWYTDWa04TeaRAaM5BdeZSl0Ebk8hqDxcy7MTnCw0xOE0:1nwoyq:9yR4tZEc0V5jxBMalBgUcbNYCOGIXPtP9_0305kTiqo", "expire_date": "2022-06-16T17:51:32.336Z"}}, {"model": "sessions.session", "pk": "5epou5thqwdr7o3sbtn3rbwhm41dudgx", "fields": {"session_data": ".eJxVjMEOwiAQRP-FsyECC6JH734D2WUXqRqalPZk_HfbpAc9zGXem3mrhMtc09JlSgOri_KgDr8lYX5K2wg_sN1Hncc2TwPpTdE77fo2sryuu_t3ULHXdR05B_IGQEyMEgWKA3Rk6Qws1pZwMniMa5wtIt5xLiXHYAkJuWBWny8XbzlN:1o2yn3:RBv0yFOC2e52VhPgQPYmJ1vyRd5IFibhVUic3bK7N3s", "expire_date": "2022-07-03T17:32:49.888Z"}}, {"model": "sessions.session", "pk": "5izqidsubolz4ji1cfq814m3lhw3gvem", "fields": {"session_data": ".eJxVjMEOwiAQRP-FsyHLUkE8eu83kAUWqRpISnsy_rtt0oPeJvPezFt4Wpfi186zn5K4CoVWnH7bQPHJdUfpQfXeZGx1macgd0UetMuxJX7dDvfvoFAv29pqDkAagOOWrEJFQcczIoScBgI04Ew0BERszZAu2emEnBmAHAYjPl82ujic:1oEZLI:j7-0dnh-tZckcMSkOnIt-_FXlGYjMeOg99N5NblqyX4", "expire_date": "2022-08-04T16:48:04.423Z"}}, {"model": "sessions.session", "pk": "6m7me2hy405wc8yaju12mp7trm9x0gqp", "fields": {"session_data": ".eJxVjMsOgjAQRf-la9O0lD506Z5vaO7MFEENJBRWxn9XEha6veec-1IZ2zrkrZYlj6Iu6tyo0-9I4EeZdiJ3TLdZ8zyty0h6V_RBq-5mKc_r4f4dDKjDt2brWKwRz-R8cMxeYg9JFmxcBBobraS-bWIiA8AnbksQBEoEI616fwAomzkF:1o8lsv:-nQrGzpOH2HkcVLoEpvQmBpROCmbOcwnUlTm7HTswkM", "expire_date": "2022-07-19T16:58:49.465Z"}}, {"model": "sessions.session", "pk": "6mn8kegh2gc2q2ic4ur2c192pvwvo7pp", "fields": {"session_data": ".eJxVjEsOgkAQBe8yazOZ7vmhS_ecgXQz3YIaSBhYGe-uJCx0-6rqvUxH2zp0W5WlG4u5GDCn342pf8i0g3Kn6Tbbfp7WZWS7K_ag1bZzkef1cP8OBqrDt0biGJIk0hAR0XNSUFQFVoFEwsVpDpw9NOIxOgjiUlSCc0_ZN9m8P_DoN_E:1oHQGd:mQ8ziU8lsxr-wS0qef49lP1PBFnuy1qFyvw3AbHbY6s", "expire_date": "2022-08-12T13:43:03.083Z"}}, {"model": "sessions.session", "pk": "6v0ewsto7itdr2496nzkt6bn0bhh06or", "fields": {"session_data": ".eJxVjDsOwjAQBe_iGlmJfxtT0ucM0e7axgFkS3FSIe6OLKWA9s3Me4sFjz0vR4vbsgZxFd6Ly-9IyM9YOgkPLPcquZZ9W0l2RZ60ybmG-Lqd7t9BxpZ7HU105Dw4A5yGlHgiBm-NJuUSecdI44CjYg3BEqH12uoUAYJKExjx-QIviTi4:1o8mZC:hnLTCc4sgECtcLc5fj7xc7VVooLNogShLpW2Kjwjpxs", "expire_date": "2022-07-19T17:42:30.396Z"}}, {"model": "sessions.session", "pk": "6vvggsxnkg868799lhbenccbz04ofhgy", "fields": {"session_data": ".eJxVjDsOwjAQBe_iGln-hfVS0ucM1tpe4wBypDipEHeHSCmgfTPzXiLQttawdV7ClMVFaHMWp981Unpw21G-U7vNMs1tXaYod0UetMtxzvy8Hu7fQaVev7VjtqjKQLEQOmClCw6FrAWNOQGiN8m4mECztyZlYA2oolYesnOA4v0BNsg39A:1oEZGy:JveWKXifmfEuWrr3y5MZPbnbdrPW2MGj48dUlY9fq0I", "expire_date": "2022-08-04T16:43:36.014Z"}}, {"model": "sessions.session", "pk": "743jiq1cjwz5rnzco2jmv8sim32j70fv", "fields": {"session_data": ".eJxVjEEOwiAQRe_C2hBBYKhL956BzDBTqRpISrsy3l2bdKHb_977L5VwXUpau8xpYnVWxoA6_K6E-SF1Q3zHems6t7rME-lN0Tvt-tpYnpfd_Tso2Mu3JgHJ7EL0EKy3OACOzuUTRsciR7AmGPQRybsYKMBA3pOxBgIzA43q_QEvKThI:1oEYo4:q898Z4L9rHS08nsshzaoAjGCGzsbBNs3TrQ2FuALYME", "expire_date": "2022-08-04T16:13:44.431Z"}}, {"model": "sessions.session", "pk": "76e6ib54kgp4zd4sx4sm87at2eih27sl", "fields": {"session_data": ".eJxVjEsOwjAMBe-SNYqS2GkxS_Y9Q-TEDi2gVupnhbg7VOoCtm9m3ssk3tY-bYvOaRBzMYjm9DtmLg8ddyJ3Hm-TLdO4zkO2u2IPuthuEn1eD_fvoOel_9YUqhMMdPYxVGKERpxACyqtbyEEQYiRsiq6wD6C1hypQENFEaM25v0B5Po3Uw:1o2xzo:LVpBfFg8dTAprY-v_PGtHAnd0wY3EyVDzXTihqRvvIE", "expire_date": "2022-07-03T16:41:56.299Z"}}, {"model": "sessions.session", "pk": "7ccjwr2dat05cl5fdb2xxqfw4c1x81sr", "fields": {"session_data": ".eJxVjEEOwiAQRe_C2pBCHYZx6b5naGAGpGpoUtqV8e7apAvd_vfef6kxbGsZt5aWcRJ1UWDV6XeMgR-p7kTuod5mzXNdlynqXdEHbXqYJT2vh_t3UEIr35ptR5RT77KngN73JLEzFjkxCIgzDBgz9SyW0BokQHG54wQIEs6o3h8H3jgB:1o2yWQ:Kq493y_2UA4d6mNGmN6hxurpRu4etNbsK8x85kZZRyw", "expire_date": "2022-07-03T17:15:38.368Z"}}, {"model": "sessions.session", "pk": "7fo3lfpn8mhgdcca8ur2vxibssbefq6t", "fields": {"session_data": ".eJxVjEEOwiAQRe_C2hCgnQFcuvcMZGBAqoYmpV0Z765NutDtf-_9lwi0rTVsPS9hYnEWXpx-t0jpkdsO-E7tNss0t3WZotwVedAurzPn5-Vw_w4q9fqtqTDYrNhB0aSM9gqNU9Zz8TbmguTHwaMm4NGBQTIApuCgXdIJIVrx_gDa-Dcp:1nwniF:rjyW8Igo_jSi_RQ23khcDJ3g3F0nRLJgbNi5ejC35pY", "expire_date": "2022-06-16T16:30:19.169Z"}}, {"model": "sessions.session", "pk": "7n06yvy3og1mn4f42x021a8i8sizko16", "fields": {"session_data": ".eJxVjMsOwiAQRf-FtSEw8pi6dN9vIMBMpWogKe3K-O_apAvd3nPOfYkQt7WErfMSZhIXoTWK0--aYn5w3RHdY701mVtdlznJXZEH7XJsxM_r4f4dlNjLt7YWjSK02p8REsEAWnnDE2W0ygO7DBoZidxEZF1knSxgNjBEkwyxeH8ADH04FA:1oEYoa:s1v6uqWGPIMgrQXc5ZaqSRNwiBWi4K0WF_2cVvXKctM", "expire_date": "2022-08-04T16:14:16.257Z"}}, {"model": "sessions.session", "pk": "7q91s4idlup24e0h83akxlpwik04judl", "fields": {"session_data": ".eJxVjMEOwiAQBf-FsyFAgQWP3vsNZIFFqoYmpT0Z_92Q9KDXNzPvzQIeew1Hpy0smV2ZtuzyO0ZMT2qD5Ae2-8rT2vZtiXwo_KSdz2um1-10_w4q9jpqKRAU2GjQTJmgiElEVEU6RHLgi7HJAzjpUbsE5LzO0UtlQBqLQrPPFwdoN4s:1o2yBu:QZajFg6DTKDP9glf1KU2_VSXzjMjgv66Tgk_8Z6WBDk", "expire_date": "2022-07-03T16:54:26.464Z"}}, {"model": "sessions.session", "pk": "7ugbkp7d6ugdh4x1n1temcnwzbi6bozt", "fields": {"session_data": ".eJxVjL0OwiAYAN-F2ZAg0IKju89Avr9K1UBS2qnx3ZWkg653l9tVgm3NaWuypJnVRZlRnX4hAj2ldMMPKPeqqZZ1mVH3RB-26VtleV2P9m-QoeX-ZRZBCsguhtE7ihhkcgZCEEAiEHcmiz7aCS2z_fZ2iCaaINb4wan3B0lnOQU:1nwo3D:oZpy_jU2rTc13l2X3Nbshu3MAcE6_X1r7Gu590ffLF8", "expire_date": "2022-06-16T16:51:59.257Z"}}, {"model": "sessions.session", "pk": "7uict1xr4ny50x2gq455vc0x5bpiv768", "fields": {"session_data": ".eJxVjMsOwiAQRf-FtSFlyqPj0r3fQGAYpGogKe3K-O_apAvd3nPOfQkftrX4rfPi5yTOArQ4_Y4x0IPrTtI91FuT1Oq6zFHuijxol9eW-Hk53L-DEnr51oSJIKJFm62LiIMz7LIa00iGlTbaqmECzKQBOKICxc5qcqR5SsQo3h_7fDfK:1nwoKg:o9JEEqzIHqcr7Crz7noqTfYmsgMiuPQtrFG36RY3xQQ", "expire_date": "2022-06-16T17:10:02.414Z"}}, {"model": "sessions.session", "pk": "8ucaqhoauwsc38z60nztds689lywn6bj", "fields": {"session_data": ".eJxVjDsOwjAQBe_iGlnOYhtMSZ8zWPsLDiBHipMKcXeIlALaNzPvZTKuS8lr0zmPYi6mA28OvyshP7RuSO5Yb5PlqS7zSHZT7E6b7SfR53V3_w4KtvKto4-UOsSYWIMTr-jwLATokvpwTBIYfMQA4hwNDBBBT-gish8CEZv3BzgeONg:1oEZGI:LzFASRlCPw7Sqknllf1HH55rhx-fTIJLLVyVDDepbXM", "expire_date": "2022-08-04T16:42:54.145Z"}}, {"model": "sessions.session", "pk": "96j53vggrwvyv36ne4298flt0zdujdfg", "fields": {"session_data": ".eJxVjMsOwiAURP-FtSFclJdL9_0GcoGLVA0kpV0Z_12adKGZ3Zkz82Yet7X4rdPi58SuTDp2-oUB45Pq3qQH1nvjsdV1mQPfFX60nU8t0et2uH8HBXsZa6WkA6dQU9YGXFRgs9E22ouIgFqSOOfBIacwkkkIUlKBiA6MgxDY5wvwAjex:1nwouH:JJsSt_QaYlx1Nr6ibOTnFlAic5iHdxkB39XuBnuRCME", "expire_date": "2022-06-16T17:46:49.676Z"}}, {"model": "sessions.session", "pk": "9auctrsprqrsocccktdlvktmwdj6aknm", "fields": {"session_data": ".eJxVjMsOwiAQRf-FtSFQ3i7d-w1kYAapGkhKuzL-uzbpQrf3nHNfLMK21rgNWuKM7MysZKffMUF-UNsJ3qHdOs-9rcuc-K7wgw5-7UjPy-H-HVQY9VuLnAkItMXgghUklU7aeVQmu0JKBxmM8UbqYpyz6NEWSQpIBDdNWDx7fwAI4jfL:1o2zOA:rYG-AcnyZCBekXPATvUCNAB6ZpjY71ScC16xvWWxmVs", "expire_date": "2022-07-03T18:11:10.808Z"}}, {"model": "sessions.session", "pk": "9h5dakhg6vkqm2h1fr6mgyj0f06gn0pz", "fields": {"session_data": ".eJxVjEEOgjAQRe_StWnoTG2nLt1zhmaYDoIaSCisjHdXEha6_e-9_zKZt3XIW9Ulj8VcjDOn361jeei0g3Ln6TZbmad1GTu7K_ag1bZz0ef1cP8OBq7Dt8bgPEpSaHzEIIXP4AN7Am0cRexRKYmDIORS8pGgJxWKPcTgEKEx7w-ssjY2:1oD4yM:24MXYpZj20dwVB-m9wloxkM6xElanlmcXEKj1kUJQUI", "expire_date": "2022-07-31T14:10:14.731Z"}}, {"model": "sessions.session", "pk": "9j8fqsbksmmaagb7e10ulx5m60gffoky", "fields": {"session_data": ".eJxVjDsOwjAQBe_iGlm7YPyhpM8ZrF2vjQPIkeKkQtwdIqWA9s3Me6lI61Lj2vMcR1EXhXBSh9-VKT1y25Dcqd0mnaa2zCPrTdE77XqYJD-vu_t3UKnXb83JHYMPKGTMmcE5SIBUnHdQ0NpEWTIWCmAzJiuFmQz6UKxwQS9OvT8x_zj4:1o8mG0:-sFIGnNEH0zRAB_ExRSQ5IP-fbAHYNo5Y2XEdewvysY", "expire_date": "2022-07-19T17:22:40.890Z"}}, {"model": "sessions.session", "pk": "9pe439739ncx2jgr0a744271u2cco0sd", "fields": {"session_data": ".eJxVjMsOwiAQAP-FsyGydHl49N5vIMCuUjWQlPZk_HdD0oNeZybzFiHuWwl75zUsJC7CaXH6hSnmJ9dh6BHrvcnc6rYuSY5EHrbLuRG_rkf7Nyixl_F1zpqMmhI7uBlAtqxVsmeVJgUeOGKeSGN0iOSyR_LgiUzKyIoMiM8X_OQ38g:1o8lfK:9XHxm3KtlFkCXJSi13mDXa4FhDyNgEB1UMZnSYmZ16M", "expire_date": "2022-07-19T16:44:46.473Z"}}, {"model": "sessions.session", "pk": "a03cc1lph4yh9p5fe2j7itg3gt3fk7jw", "fields": {"session_data": ".eJxVjMsOwiAUBf-FtSE8bAGX7vsN5D5AqgaS0q6M_65NutDtmZnzEhG2tcStpyXOLC5CG3H6HRHokepO-A711iS1ui4zyl2RB-1yapye18P9OyjQy7c2GJTO3iAFf_aMeUAD5AmctY5RO58UjqwyIgHQkIz17IBMsKOjROL9AScaOU0:1nwnuC:ZuYDwoCrl6SeqxQH1fxL2DFqFHfKNE-p0Gp3rVOTbqI", "expire_date": "2022-06-16T16:42:40.231Z"}}, {"model": "sessions.session", "pk": "a5qnduxep3vaey0kuq1e9s1sbpjs5xc2", "fields": {"session_data": ".eJxVjEEOwiAQRe_C2hApQ5m6dN8zNDMwSNVAUtqV8e7apAvd_vfef6mJtjVPW5NlmqO6KGPU6XdkCg8pO4l3KreqQy3rMrPeFX3Qpsca5Xk93L-DTC1_6z51eGaPXYjiIYgzLoFBRhJn7YCQLFoXImMKbIAkkQXfIwIkDwOr9wcJbjgj:1nwnpl:3WOZfZsLKNYZV7MXazFnXndNK8qzqmKNyUwhuCFalR0", "expire_date": "2022-06-16T16:38:05.781Z"}}, {"model": "sessions.session", "pk": "a7az8g1h0cvdqgmd4cizzv713je4v63q", "fields": {"session_data": ".eJxVjEEOgjAQRe_StWkK7ZTWpXvOQKYzg0UNTSisjHcXEha6fe_9_1YDbmsetirLMLG6Kojq8gsT0lPmw_AD53vRVOZ1mZI-En3aqvvC8rqd7d9Bxpr3dQIP3DaBIUDorEmOBKwHIeMSU0SPO40SQBxg03StIbSCPBqD1I3q8wX9yjgx:1o2zMd:a5O2e9cvYl7XH-CM4bjvi15jfyZNM-KTJdYrlrDalHk", "expire_date": "2022-07-03T18:09:35.679Z"}}, {"model": "sessions.session", "pk": "a93yx7i120nupaph38rw2n0639pacji9", "fields": {"session_data": ".eJxVjMEOwiAQRP-FsyFAaRc8evcbyHZZpGogKe3J-O9K0oNe5jDvzbxEwH3LYW-8hiWKs7AgTr_ljPTg0km8Y7lVSbVs6zLLrsiDNnmtkZ-Xw_07yNhyX5NiAE4-WYoTmZScJc1-8I5GQ0pB8mZ2ygBqMBAV8jfdpIl1GmAU7w8orzhN:1o2yCD:LNGxeWMF4K0eB5Xx__w8A1FRlmVljoyxBQHN5OX_Qjo", "expire_date": "2022-07-03T16:54:45.288Z"}}, {"model": "sessions.session", "pk": "acc6u9ej9buxssdbldhldm2jwf8ls920", "fields": {"session_data": ".eJxVjEEOgjAQRe_StWnoTG2nLt1zhmaYDoIaSCisjHdXEha6_e-9_zKZt3XIW9Ulj8VcjDOn361jeei0g3Ln6TZbmad1GTu7K_ag1bZz0ef1cP8OBq7Dt8bgPEpSaHzEIIXP4AN7Am0cRexRKYmDIORS8pGgJxWKPcTgEKEx7w-ssjY2:1nwnqb:fysVLU0O-xfIr1MXxWq-XhMwimtLzcptqP4IXo2eQvc", "expire_date": "2022-06-16T16:38:57.552Z"}}, {"model": "sessions.session", "pk": "achv1h1g3sbxq0pg27xd2kl44hnaqqt4", "fields": {"session_data": ".eJxVjMsOwiAQRf-FtSEww8O6dN9vIAMMUjU0Ke3K-O_apAvd3nPOfYlA21rD1nkJUxYXoUGL0-8aKT247Sjfqd1mmea2LlOUuyIP2uU4Z35eD_fvoFKv31oZXTI4axOxTwkBoUSnwDiNJgMiDoY9sMYzInNxXkcawHnPKkay4v0BDgQ3kw:1oEbtF:j98v3C-M5ewUF33L-3R99nKzpZuYqa2EPptcwzevjgQ", "expire_date": "2022-08-04T19:31:17.247Z"}}, {"model": "sessions.session", "pk": "amkijlor8kwqp0gr8o5eqv3hb5bvqiss", "fields": {"session_data": ".eJxVjMsOwiAQRf-FtSF1YHi4dN9vIDBMpWogKe3K-O_apAvd3nPOfYkQt7WErfMS5iwuQjlx-h1TpAfXneR7rLcmqdV1mZPcFXnQLseW-Xk93L-DEnv51gbUGa0ihzopVOSNTc5pYETyUZHmKaMfBp81IDrwnCyZCQxZGzOCeH8A3Q83OQ:1o2xpa:tLRqAgz2k4B7Qvqz-BRFiFFcX5Pv766dsMDWiFNJwfk", "expire_date": "2022-07-03T16:31:22.957Z"}}, {"model": "sessions.session", "pk": "aqlhxia3v2czbc765fkne38usf1wd5b1", "fields": {"session_data": ".eJxVjEEOwiAQRe_C2hCYGQRcuvcMhMIgVUOT0q6Md7dNutDtf-_9twhxXWpYO89hzOIiNHhx-l2HmJ7cdpQfsd0nmaa2zOMgd0UetMvblPl1Pdy_gxp73WqTwSnijFQ0e0BltVZwpojggJNGy8gARXkgZ7FsDKMiZ5DIsM_i8wX1XjZ-:1oEZS6:jmsq6ei-B7NRj1jQkevt8_kBiGCjvtUVpvz1unTPcCo", "expire_date": "2022-08-04T16:55:06.173Z"}}, {"model": "sessions.session", "pk": "ayekghds2ord536km0rnoi1pirmj87ql", "fields": {"session_data": ".eJxVjLsOgkAUBf9la7O57IvV0p5v2NyXghpIWKiM_y4kFNqemTlvU3Bd-rJWncsg5mIab06_IyE_ddyJPHC8T5ancZkHsrtiD1ptN4m-rof7d9Bj7bc6uQzEKuKcjyE6JEihzdEjsBcPyozBpwbkdmYK5CiD5pC2qFFpW_P5Av7QOBM:1nwq6Q:M4uiXVyipl8DWERYRmyMxbb3TYSF52TaWYs3RxgATaQ", "expire_date": "2022-06-16T19:03:26.733Z"}}, {"model": "sessions.session", "pk": "b144we7k4z39yyl7wx8d1j1n10tpzthm", "fields": {"session_data": ".eJxVjMsOwiAUBf-FtSFQsBSX7vsNzeU-pGogKe3K-O_apAvdnpk5LzXBtuZpa7xMM6mLsjaq0--aAB9cdkR3KLeqsZZ1mZPeFX3QpsdK_Lwe7t9Bhpa_tQHv2HtnzpCIDQk56bsQKQ4-kR24MwFSYKZAFER6EIcI6EUscrLq_QFSUzoV:1oEYwk:Wst4sdeZot97xc22v1TM1uRNj59PCSQyelgTKnxQxFk", "expire_date": "2022-08-04T16:22:42.285Z"}}, {"model": "sessions.session", "pk": "b2c8zx2rem01h3ic20fomcnwmsv8xjmn", "fields": {"session_data": ".eJxVjMEOwiAQRP-FsyGly8Li0Xu_gQALUjVtUtqT8d9tkx70OPPezFv4sK3Vby0vfmRxFQqMuPy2MaRnng7EjzDdZ5nmaV3GKA9FnrTJYeb8up3u30ENre5rNIoQUOtMJTkmLgRxTw5t0khgHBL1QGijUaxKLqA71fWaDUAhKz5fAy826Q:1oEaue:NnsX7SvF0853TWtzmHI5OSrr9765e8b7eQP4dqcnNPA", "expire_date": "2022-08-04T18:28:40.296Z"}}, {"model": "sessions.session", "pk": "b8ocann3zoa21izjuy2yz1e2dkpcdcrj", "fields": {"session_data": ".eJxVjEEOwiAQRe_C2hBmmAJ16d4zEGAGWzVtUtqV8e7apAvd_vfef6mYtnWIW5MljqzOCiyp0--aU3nItCO-p-k26zJP6zJmvSv6oE1fZ5bn5XD_DobUhm-NCOKZMdmQyaAgsHeBIVNXck8ZyKMxvWVy6KiKreIDGB9YalcE1PsDFfI30Q:1oEa4n:1hRMYbAzXp6dmGV0lcapjd6CRJE0--T5_Vgqjm2mDWs", "expire_date": "2022-08-04T17:35:05.240Z"}}, {"model": "sessions.session", "pk": "bby5dvm7e3hromggx7jmodltbe1x2ad8", "fields": {"session_data": ".eJxVjDkOwjAQRe_iGlnjJV4o6TmDNeMFB5AtxUmFuDtESgHtf-_9Fwu4rTVsIy9hTuzMJLDT70gYH7ntJN2x3TqPva3LTHxX-EEHv_aUn5fD_TuoOOq39hJQ6EIgrUjKqUiIBixQMn6y4JW0loRxRkyqyCiNElph0eQsxiiAvT_dgDb2:1nwo4w:lcoJEyxFVL62kn8Qs1qvfOCH30kKh0rw_TRgoIkPYUw", "expire_date": "2022-06-16T16:53:46.703Z"}}, {"model": "sessions.session", "pk": "bxnbsmmuwppuid1y632gcnbod0s09he5", "fields": {"session_data": ".eJxVjE0OwiAYBe_C2hAILVCX7j0D-f6QqoGktCvj3bVJF7p9M_NeKsG2lrR1WdLM6qyCV6ffEYEeUnfCd6i3pqnVdZlR74o-aNfXxvK8HO7fQYFevjU6L5GZfRwhZhMsOPJMlMmAFSdiwbIIoQnDNA0OjRujGURMQMwE6v0BP0c5eg:1o8lM1:rCa-AtHUpSYyzjIzgcfiM2woMLezn0cecb06yEaQ76E", "expire_date": "2022-07-19T16:24:49.726Z"}}, {"model": "sessions.session", "pk": "bzy58jq5wfcsqbpgkroma5b2gimz6fq1", "fields": {"session_data": ".eJxVjMsOwiAQRf-FtSFUuEBduvcbmhkGbNVA0sfK-O-mSRe6veec-1YDbes4bEueh0nURcGq0-_IlJ657kQeVO9Np1bXeWK9K_qgi741ya_r4f4djLSMey2G0ZVgQQTPCT1cdAjFeOYoCQGcTJTOS5KecjYRsBmRvStngvp8AReCOHI:1o2yep:EH3aJ9gpq6uKroO15GPz3QbdfMDB3DWg-NGN7VQM9Pg", "expire_date": "2022-07-03T17:24:19.733Z"}}, {"model": "sessions.session", "pk": "c5ng5qve2286qcwp6rnmx6nv9sws9d20", "fields": {"session_data": ".eJxVjDsOwjAQRO_iGln-ZmNKes5grXcdHECOFCcV4u5gKQV0o3lv5iUi7luJe8trnFmchbZBnH7bhPTItSO-Y70tkpa6rXOSXZEHbfK6cH5eDvfvoGAr3zUBW-WNN5YIXE9oSYNmdAYAnAX2k87G2THpnGDSCGrENISgfBiMeH8ABt03FQ:1oEbSX:KtlmqgCnxnO2oM8u1cBdIBQwiv5HDihIJzT5ZMLvt5Q", "expire_date": "2022-08-04T19:03:41.119Z"}}, {"model": "sessions.session", "pk": "cfiq3fydqhrchkd20v6euxivgn5arycb", "fields": {"session_data": ".eJxVjEsOwjAMBe-SNYpiJ20Sluw5Q-XaLimgVOpnhbg7VOoCtm9m3st0tK2l2xadu1HM2QB4c_pde-KH1h3JneptsjzVdR57uyv2oIu9TqLPy-H-HRRayrf2mH2jbR-caBQCxEaZqI0xspOUOfHACDKQeh9zcjEEJKAhIDtoxLw_MU84WQ:1oEYbp:oyGKQkj5RAJ_FH3wGjrJYTWk2CUq2JQzFA67RC1_yQk", "expire_date": "2022-08-04T16:01:05.107Z"}}, {"model": "sessions.session", "pk": "cnaqbg84ce4797mufku4ddjlmeicq3s2", "fields": {"session_data": ".eJxVjDsOwjAQRO_iGll2bGsxJT1niGa9GxJAsZRPhbg7iZQCypn3Zt6mxbr07Trr1A5iLsb7aE6_LaM8ddyRPDDeqy11XKaB7a7Yg872VkVf18P9O-gx99ua1ItycVEp5CSSSoO8Be7cWeF8ASQQU8pdAhC9YwoEalKKnAXm8wVUmjkZ:1oEYj3:q4fj4RmdsyY-FKprG4WVntr8F-HZ_4tfXj6kwUj9kA0", "expire_date": "2022-08-04T16:08:33.558Z"}}, {"model": "sessions.session", "pk": "d1r8fn2bmg8lg2iki82gi30200lfwlci", "fields": {"session_data": ".eJxVjMsOwiAQRf-FtSGUxwAu3fsNZIBBqgaS0q6M_65NutDtPefcFwu4rTVsg5YwZ3ZmoNjpd4yYHtR2ku_Ybp2n3tZljnxX-EEHv_ZMz8vh_h1UHPVbK1uUBAUTeS3AxkykFTnQThgtTVEQJ1e8QG8wlZKyjsKCMdmiAOkte38A6cY3Xw:1o30Bd:vdhTxh-otrkQCLl9irzerspg3pItQexuquBFSqQr7Xg", "expire_date": "2022-07-03T19:02:17.527Z"}}, {"model": "sessions.session", "pk": "d4qeo8y76s9w2a1j5r7v418g35xvrok8", "fields": {"session_data": ".eJxVjEEOwiAQRe_C2hCgMwFcuvcMZIBBqgaS0q6Md9cmXej2v_f-SwTa1hq2wUuYszgLrVCcftdI6cFtR_lO7dZl6m1d5ih3RR50yGvP_Lwc7t9BpVG_NUwWHFgAq9AzUMmAhsnrWChmZDRJ2RIZtNcY2RMlO1lEj4YMOSfeHx0TOBI:1o8mKn:4T8JqzU72VCsMMSy9qGMlfd_WacwNc23kmXkvtoT6fM", "expire_date": "2022-07-19T17:27:37.031Z"}}, {"model": "sessions.session", "pk": "dxcpv8vo8izkgstkjwzgf9ue373q1tmb", "fields": {"session_data": ".eJxVjEEOgjAQRe_StWnoTG2nLt1zhmaYDoIaSCisjHdXEha6_e-9_zKZt3XIW9Ulj8VcjDOn361jeei0g3Ln6TZbmad1GTu7K_ag1bZz0ef1cP8OBq7Dt8bgPEpSaHzEIIXP4AN7Am0cRexRKYmDIORS8pGgJxWKPcTgEKEx7w-ssjY2:1o2xox:S18fJzHkwVFo3B5U6VMVYGfSxsJF3G6m6kgLmOPLRtI", "expire_date": "2022-07-03T16:30:43.430Z"}}, {"model": "sessions.session", "pk": "dxdt8z44wo1exil2gida7i95xd0s7uyw", "fields": {"session_data": ".eJxVjEEOwiAQRe_C2pAMA1JcuvcMZGAGqRqalHZlvLtt0oVu33v_v1Wkdalx7TLHkdVFARp1-qWJ8lParvhB7T7pPLVlHpPeE33Yrm8Ty-t6tH8HlXrd1gEhZAFJ4JkHJM-WHdJgxZtUSgE2gaC45ChYDGg2DFbOhm0o6El9vjySOHA:1oEZlC:MtGt3giyd8sgjd-43k1k81FV7SOQE-m5sM9NKG1pQUc", "expire_date": "2022-08-04T17:14:50.377Z"}}, {"model": "sessions.session", "pk": "e08c5lr0qv5yxldekm7lkckcplnmns2v", "fields": {"session_data": ".eJxVjMsOwiAQRf-FtSHDo1RcuvcbyMAMUjWQlHZl_HfbpAvd3nPOfYuA61LC2nkOE4mLMF6cfseI6cl1J_TAem8ytbrMU5S7Ig_a5a0Rv66H-3dQsJetdpqiN84AnJ0GpywlC0DJZ0-YhoQ8ACsaSSvOG4qjd6hiRksqA2vx-QICyDh-:1o2xqZ:p5ss882YYxD8bnDHNWhUddB6Hl_XuXeeKMBQB6zhuGQ", "expire_date": "2022-07-03T16:32:23.526Z"}}, {"model": "sessions.session", "pk": "e3hnyij6y7l6xt962p3sl44zwz6k9fod", "fields": {"session_data": ".eJxVjEEOwiAQRe_C2pBCywAu3XuGZpgZbNVAUtqV8e7apAvd_vfef6kRt3UatybLOLM6K2_U6XdMSA8pO-E7llvVVMu6zEnvij5o09fK8rwc7t_BhG361uAsdT06mxPHbJw3A3I0kD0A9QEGseSxH4SSiDXAlqLDkLsQCULn1PsDAxU35Q:1oE6IK:Q2cvmrsCHs-pbpU_IConrikiD4SZvMU8DYDhkpvBahM", "expire_date": "2022-08-03T09:47:04.781Z"}}, {"model": "sessions.session", "pk": "e7jtmhx14s1d172aqi5d8znrv2zm2b9s", "fields": {"session_data": ".eJxVjDsOwjAQBe_iGlnLxl9Kes5gre01DiBHipMKcXcSKQW0b2beWwRalxrWznMYs7gIZ8Xpd4yUntx2kh_U7pNMU1vmMcpdkQft8jZlfl0P9--gUq9bjboULoMihEygvSXjFKICh64MEZN2G3dQsvIWMhprFKA5J9SeC6P4fAEAxTeJ:1o8lnB:wj_KMmGqh-Mb05lo5i54a7JDl7quSVpXZFLjgdFPQyA", "expire_date": "2022-07-19T16:52:53.688Z"}}, {"model": "sessions.session", "pk": "epe5fpjgndxxrohwsnos6618uxa8ilco", "fields": {"session_data": ".eJxVjDsOwjAQBe_iGllm_dFCSc8ZrLf-4ABKpDipEHeHSCmgfTPzXipiXVpce5njkNVZBVKH31GQHmXcSL5jvE06TeMyD6I3Re-06-uUy_Oyu38HDb19a3IWjlG55qMlz6EESwQrGYUThILxPoXCQBUmAVsxcCcGB-OsUe8PENE4JA:1o2zuc:43gPvmM_7SEC_N-mi_sdNtfZFNI2cS9jnvNMXbtayRY", "expire_date": "2022-07-03T18:44:42.124Z"}}, {"model": "sessions.session", "pk": "ergjtksode4hk5rqpfmjeybcnmwwa35b", "fields": {"session_data": ".eJxVjEEOgjAQRe_StWlKpTDj0j1naGamg0UNJBRWxrtrExa6-_nv5b1MpH3LcS-6ximZi2nBnH5PJnnoXEm603xbrCzztk5sq2IPWuywJH1eD_cvkKnk2g0KSBywdw7wHJB78p2w910C-M4eVLDzDbILKl6U0XObGhIYx7E17w_zSzgk:1o2yIO:pVsT4-2AgBhAl2FO_Drz_8HOJ8JP7mEFOUMM1MuYOb0", "expire_date": "2022-07-03T17:01:08.331Z"}}, {"model": "sessions.session", "pk": "eytbq5ou0ist9fkghfb1n2w74rb6slbq", "fields": {"session_data": ".eJxVjEEOwiAQRe_C2pAKDBSX7j0DGWBGqoYmpV0Z7y5NutDte-__twi4rSVsjZYwZXERAOL0CyOmJ9Xd5AfW-yzTXNdlinJP5GGbvM2ZXtej_Tso2Epf-0TGk8kcLahoLUZwnREMRqvBaxo18ui4Cw1sjWZFSrFzGs_OshWfLxsFOCY:1o2yn3:CGtwexJ7jquk5GglscNvqRkPg6qlYPW6h1FN13r2uGs", "expire_date": "2022-07-03T17:32:49.994Z"}}, {"model": "sessions.session", "pk": "faz3sgy95ofctik4366i9lzyhkwzpx3a", "fields": {"session_data": ".eJxVjEEOwiAQRe_C2pCBDi24dO8ZyFBmpGpoUtqV8e7apAvd_vfef6lI21ri1niJU1ZnhVadfsdE44PrTvKd6m3W41zXZUp6V_RBm77OmZ-Xw_07KNTKtwZyQ7AiYJA8Q-586j1AGnIWg0ksJQqebY8dOxRy7MSLAZEAiCGo9wcPQDg_:1o2xuN:S9yXGcXz5t209Q_AodQCeeWWdy-Ftnfqqmyf87K7O2U", "expire_date": "2022-07-03T16:36:19.962Z"}}, {"model": "sessions.session", "pk": "ff39gtl8g1sd8wsuczdj5ghgbgbo9ssi", "fields": {"session_data": ".eJxVjDsOwjAQBe_iGlnr-BdT0nMGa71e4wBypDipEHeHSCmgfTPzXiLitta4dV7ilMVZmCBOv2NCenDbSb5ju82S5rYuU5K7Ig_a5XXO_Lwc7t9BxV6_9cCIzgdtVTYKiCygoxIIwNqMoEPwAzOMXLROrIyzJSMXr1IavTEk3h8Nejhk:1o2yKM:skMJ03DUFqTPI5BS1JiR55IC0D9c-ZPHvO1QQFJBsYw", "expire_date": "2022-07-03T17:03:10.373Z"}}, {"model": "sessions.session", "pk": "fg4auwm8dwafs8jcwr7it5b9ns7vlmt6", "fields": {"session_data": ".eJxVjDsOwjAQBe_iGll24nxMSZ8zWOvdFxxAthQnFeLuKFIKaN_MvLcKtG8p7BVrWERdVevU5XeMxE_kg8iD8r1oLnlbl6gPRZ-06qkIXrfT_TtIVNNRg6ywBzVkMHcRELAbO5qtmTvvjMDHiMG6lnhAHJk8S2_t0Hs0zqnPF2FOObU:1o2WLz:WhLlHBz9fX6SlSCoRlU1tFgEsBxOm236SqjU_PbAc4M", "expire_date": "2022-07-02T11:10:59.186Z"}}, {"model": "sessions.session", "pk": "fn8084mxs47zbbwfu4r8j4240ew5o15d", "fields": {"session_data": ".eJxVjDsOwjAQBe_iGllJ_NmYkp4zWLveNQ4gR4qTCnF3iJQC2jcz76UibmuJW5MlTqzOqu-8Ov2uhOkhdUd8x3qbdZrrukykd0UftOnrzPK8HO7fQcFWvrW12TH0JMl7AEM5wYAOSMaAfhDAjh2G7AQ4j2CdiLAYCN5kYzyRen8ARwg5Hg:1o8mL5:WVbuPZakGHgf7nSnly4COcPPLNDHq0KZj5xqQiugt5A", "expire_date": "2022-07-19T17:27:55.746Z"}}, {"model": "sessions.session", "pk": "ftio8344hmlg5l10513783wz98wnayg8", "fields": {"session_data": ".eJxVjEEKwyAQAP_iuYira5Qee-8bxHVNTVsUYnIK_XsRcmivM8McIsR9K2HveQ0Li6sAA-LySymmV65D8TPWR5Op1W1dSI5EnrbLe-P8vp3t36DEXsaYZ5W8wey0M95ZbSHNeWIgm0hHMAosTcogxqQzgvKOPaJVyMTARny-E6Q3hQ:1oEZT5:3t290r5-aeslzaujtb4WC8nET-1NBeTA5WrZVCxQ_cY", "expire_date": "2022-08-04T16:56:07.593Z"}}, {"model": "sessions.session", "pk": "i4f0303jvvz2pgvxengglh3zpg1p5e98", "fields": {"session_data": ".eJxVjMsOgjAUBf-la9NcakupS_d-A7mvWtRAQmFl_HchYaHbmTnnbXpcl9KvVed-EHMxbTSnX0jITx13Iw8c75PlaVzmgeye2MNWe5tEX9ej_TsoWMu27lBa1ZDBOQmSUsqQOpbcesUNNA2TkPoUOJyBKTIAOgBRCp5cE83nCzYTOO8:1o4N8z:RQNCfsqw7TVRs4iOXx0I7ZCBsxWr8vauyKCV75fcRgc", "expire_date": "2022-07-07T13:45:13.610Z"}}, {"model": "sessions.session", "pk": "iphln9x9vzc8yobwp9163hskxhqpdwbz", "fields": {"session_data": ".eJxVjMsOwiAQRf-FtSEwFCgu3fsNZIaZStXQpI-V8d-1SRe6veec-1IZt7XmbZE5j6zOCkCdfkfC8pC2E75ju026TG2dR9K7og-66OvE8rwc7t9BxaV-62SxGNcNznfibeghCccCJJBCLy5i5GjJpz6YQMQuGIYYrbgB2Q8G1PsD84A3rQ:1nwoAW:3K5LOKqwL4ShHx5QsGLg3X3aAZkSntN4FhWj76BN-wY", "expire_date": "2022-06-16T16:59:32.687Z"}}, {"model": "sessions.session", "pk": "ixbppj7ub0a268copwy90yqawnojmkaw", "fields": {"session_data": ".eJxVjDsOwjAQRO_iGln-26Gkzxksr3eDA8iW4qRC3J1ESgFTznszbxbTtpa4dVrijOzKgmSX3xJSflI9CD5SvTeeW12XGfih8JN2Pjak1-10_w5K6mVf-ww2eUVEHhQ5540YlERl9kxGCHQ2uAEDkEbpnNbZah0UyIkkWUzs8wX7rTer:1o8lXf:0Gg-T3mXVX1IT7oMO-BdFTAATy6VkltuTpKdp4dA168", "expire_date": "2022-07-19T16:36:51.272Z"}}, {"model": "sessions.session", "pk": "j32gdf3y5wj6191qyq2rpelf8zmgyxkz", "fields": {"session_data": ".eJxVjEsOAiEQBe_C2hCGn7ZL956BNE0jowaSYWZlvLuSzEK3r6reSwTc1hK2zkuYkzgLp8Thd4xID66DpDvWW5PU6rrMUQ5F7rTLa0v8vOzu30HBXkZNZLIzlihj0nxyxA4hAqNXgHycImTtk4KvaNEmsKi8J6s1gIHJiPcHRsI4zg:1o2yMd:y0k-cXItk7EVrRKGVR523NXngNGFXRLJz17LcCmBQuY", "expire_date": "2022-07-03T17:05:31.458Z"}}, {"model": "sessions.session", "pk": "jcnafsob59w0uh33cwddyzrucq4w3k3l", "fields": {"session_data": ".eJxVjEEOwiAQRe_C2pCZAUFcuu8ZmoFBqRpISrsy3l2bdKHb_977LzXyupRx7XkeJ1FnhYDq8LtGTo9cNyR3rremU6vLPEW9KXqnXQ9N8vOyu38HhXv51t6RRQsxiCehxJAtRofsTAKgGICRskcxV2uIkkUOJMbCMbEPJ8Pq_QEEnjdC:1o8mBF:J7extvvfiKo_RH60r5nNJPK7jIqq4RE9aLN6-x_c_Ps", "expire_date": "2022-07-19T17:17:45.433Z"}}, {"model": "sessions.session", "pk": "jlxd3gs4kfjxcuz57a6pbk8cxdmksxma", "fields": {"session_data": ".eJxVjEEOwiAQRe_C2pABmaG4dN8zEGCoVA0kpV0Z765NutDtf-_9l_BhW4vfel78zOIiUInT7xhDeuS6E76Hemsytbouc5S7Ig_a5dg4P6-H-3dQQi_fOmYDYEFjZhg4arSBMAYdCQgnOBtUlJIl6wxal_XEylkiBB4SOGTx_gDsxTcd:1o2yVZ:IAmdyIMWhAH0Dz-8oshmAddPWX1FbNdIC4YI5pC2nu0", "expire_date": "2022-07-03T17:14:45.296Z"}}, {"model": "sessions.session", "pk": "kjxn8a6fu61j3covif8i8brjzcg0st82", "fields": {"session_data": ".eJxVjDkOwjAUBe_iGlmx45WSPmeI_BfjALKlLBXi7iRSCmjfzLy3GNO2lnFbeB4nElcRlbj8jpDwyfUg9Ej13iS2us4TyEORJ13k0Ihft9P9OyhpKXvdaw6mVxmdso4dIzi0EbzP0QdgnSMb40gh7SKwz6B0h5QDudyhseLzBRofOOU:1o8lrG:eiU22O--4nz5e9kstws313hx9IizIDJasB9KevNHXq0", "expire_date": "2022-07-19T16:57:06.872Z"}}, {"model": "sessions.session", "pk": "kkhip5pxzh7wzx0kgutxcwd5qtm512a4", "fields": {"session_data": ".eJxVjMsOwiAQRf-FtSFCGTq4dN9vaIZhkKqBpI-V8d-1SRe6veec-1IjbWsZt0XmcUrqotCr0-8YiR9Sd5LuVG9Nc6vrPEW9K_qgix5akuf1cP8OCi3lW59TZ5xDCOwYXAgYoicOgpEyZEGTTGSG3mNyvUW0ADbnLBKoy8Co3h8IpDhv:1o8lmO:bvscNf13YnrDK9FoA0snGxh7IP5KAPU7vEEH_t0CcSc", "expire_date": "2022-07-19T16:52:04.964Z"}}, {"model": "sessions.session", "pk": "kks1yv8akdcdge3i5yaeesxcp1h6ic6m", "fields": {"session_data": ".eJxVjEEOgjAQRe_StWnamQodl-45QzPtDIIaSCisjHdXEha6_e-9_zKJt3VIW9UljWIuhoI5_Y6Zy0Onncidp9tsyzyty5jtrtiDVtvNos_r4f4dDFyHb-0wgzKUthVyDQgpYiwsoA30uWCM6PHsg28oSCBypOygJ59BGENv3h8BDjep:1o8lwP:DrT1XVu39yuKQzkoJnYcg2qcqBIAdBevTYeheMnYAVQ", "expire_date": "2022-07-19T17:02:25.727Z"}}, {"model": "sessions.session", "pk": "lay65jzmy69uvmre4m6cotoigk06vgzp", "fields": {"session_data": ".eJxVjEEOgjAQRe_StWnoTG2nLt1zhmaYDoIaSCisjHdXEha6_e-9_zKZt3XIW9Ulj8VcjDOn361jeei0g3Ln6TZbmad1GTu7K_ag1bZz0ef1cP8OBq7Dt8bgPEpSaHzEIIXP4AN7Am0cRexRKYmDIORS8pGgJxWKPcTgEKEx7w-ssjY2:1o8lJh:BlVqK2zyMIyXDzkZ6U7C7RyYMBl9IXzZaUpRWOvqasM", "expire_date": "2022-07-19T16:22:25.140Z"}}, {"model": "sessions.session", "pk": "lchqy1jwsysx7qe460abrj1g8fm5534u", "fields": {"session_data": ".eJxVjMEOwiAQRP-FsyGASwGP3v0GsiyLVA1NSnsy_rtt0oPOcd6beYuI61Lj2nmOYxYXoYM4_ZYJ6cltJ_mB7T5Jmtoyj0nuijxol7cp8-t6uH8HFXvd1lZncMmVYEFZVkltQSBtTCHjE2YerNNA3mUu1qDhAZQPdC4AVDyLzxf5wjgA:1nwo3x:Uy0IRBieSLNe77ExlFuyV1WkEuUs2ooOmg2B3KPrlEs", "expire_date": "2022-06-16T16:52:45.459Z"}}, {"model": "sessions.session", "pk": "mas7pfjea3w9yksza0vikgnda6jtfrmw", "fields": {"session_data": ".eJxVjEsOAiEQBe_C2hDk04BL956BNDTIqIFkmFkZ725IZqHbV1XvzQLuWw37yGtYiF2Y9ez0O0ZMz9wmoQe2e-ept21dIp8KP-jgt075dT3cv4OKo85aOqNsBFIai0h4NoYkOKu1dABOWS29gpKSBEIXBVknosKUiwHhi2KfL_DYN4w:1o8lQe:AS5AkOtzml_mf3MARsprLJ81CjosbbdF0qLqhCx4rr4", "expire_date": "2022-07-19T16:29:36.274Z"}}, {"model": "sessions.session", "pk": "mc6uohx4u2w8n4v65ajfxpabuv8wa3om", "fields": {"session_data": ".eJxVjEEOwiAQRe_C2pBChwFcuvcMhGGoVA0kpV0Z765NutDtf-_9lwhxW0vYel7CzOIsvBOn35FieuS6E77HemsytbouM8ldkQft8to4Py-H-3dQYi_fGi2D9UieeFA4UgSfHRKAMQqnlIgVaA1k9JQcRD-OA2cPGdCiIXLi_QEBVDfB:1o8m01:pi4BpP8D_Qo_30TX6q8zY1Xy39dhABP5cpzUnOERf40", "expire_date": "2022-07-19T17:06:09.130Z"}}, {"model": "sessions.session", "pk": "mudh0codmwr29jnu69l207meur4i22oe", "fields": {"session_data": ".eJxVjDEOwjAMRe-SGUVpS2LDyM4ZIttxSAGlUtNOiLtDpQ6w_vfef5lI61Li2nSOYzJn06E5_I5M8tC6kXSnepusTHWZR7abYnfa7HVK-rzs7t9BoVa-tSZ0R0AfesJeTuBIc4eSQxYfAotHLw4IBwJkZFAamMAhBGUv3pn3Bw5pOE4:1nwo3b:Rr7jNqDhGplg413sTdZF-c5pJF-T_3v0rnUmrqMcgBA", "expire_date": "2022-06-16T16:52:23.587Z"}}, {"model": "sessions.session", "pk": "mwb9m8duw6hcxv44s7b5ins818gcuuge", "fields": {"session_data": ".eJxVjDsOwjAQBe_iGln-xR9Kes5g7dprHEC2FCcV4u4QKQW0b2bei0XY1hq3QUucMzszO7HT74iQHtR2ku_Qbp2n3tZlRr4r_KCDX3um5-Vw_w4qjPqtvRZaEcgcbMJEvqAxVofgsrEoJitBS2Fk8YU0ZIAgpdeEBZVyLonA3h8HQjgE:1o4N2x:U16JxwHubrsD_EMAAvzDJ_dzcNUTXe3reubFstrwCPk", "expire_date": "2022-07-07T13:38:59.404Z"}}, {"model": "sessions.session", "pk": "n1fottcwjtg3yts6ai9cxlq181ziaxlx", "fields": {"session_data": ".eJxVjEEOwiAQRe_C2hBhKFCX7j0DYZhBqgaS0q6Md7dNutDtf-_9twhxXUpYO89hInERoMTpd8SYnlx3Qo9Y702mVpd5Qrkr8qBd3hrx63q4fwcl9rLVPCJ4iziCJsOoUwYgImvO2VBk53yGjSUG1HmAzMqpIVqnWPmBlBOfLyZSOG4:1nwpYi:U4vauVZF5z2amfXcJsoy6rDmTLC0hQ2__bQAia6zegM", "expire_date": "2022-06-16T18:28:36.351Z"}}, {"model": "sessions.session", "pk": "n2u10dtp7rvqvo2eps20mhuuwwtavcov", "fields": {"session_data": ".eJxVjDsOwjAQBe_iGlmJfxtT0ucM0e7axgFkS3FSIe6OLKWA9s3Me4sFjz0vR4vbsgZxFd6Ly-9IyM9YOgkPLPcquZZ9W0l2RZ60ybmG-Lqd7t9BxpZ7HU105Dw4A5yGlHgiBm-NJuUSecdI44CjYg3BEqH12uoUAYJKExjx-QIviTi4:1o8m0j:96NeQcikU8i1JQv0-phEBxkz6YUzPnOYFJOz3bgJurU", "expire_date": "2022-07-19T17:06:53.246Z"}}, {"model": "sessions.session", "pk": "n84b8td6bsma30w5eee2u2otgwn0208b", "fields": {"session_data": ".eJxVjDsOwjAQBe_iGlnrT2xMSZ8zROvdNQkgW8qnQtwdIqWA9s3Me6kBt3UctkXmYWJ1UQnU6XfMSA-pO-E71lvT1Oo6T1nvij7oovvG8rwe7t_BiMv4rR10hjMX9NmHFC133mQbHRYfBADZsTiyRkoshARYgu3EhHAGopSien8AGLg4iQ:1o8lr9:FO3bH4EFaKZEB8X2E0sOmA8StTxzcNoEgd3uI6JD3XA", "expire_date": "2022-07-19T16:56:59.869Z"}}, {"model": "sessions.session", "pk": "odfunaq5pxv93xv60tmup01iwae7fjie", "fields": {"session_data": ".eJxVjDsOwjAQBe_iGlmR1_GHkp4zWOv1Lg4gR4qTCnF3iJQC2jcz76USbmtNW-clTUWdlQnq9DtmpAe3nZQ7ttusaW7rMmW9K_qgXV_nws_L4f4dVOz1WxOJRyAWC0VQrBPiCIADxGBlJA4QjTNGvAWhAYLYEj0ShtFmF7J6fwA87Djk:1nwotk:J5E6gW3Ikjrq0bmoEiI7L3jO7hfuCmZ67rE2iBge0LY", "expire_date": "2022-06-16T17:46:16.319Z"}}, {"model": "sessions.session", "pk": "oky628534igw9wt1wl7n8ln8mj27505k", "fields": {"session_data": ".eJxVjEEOwiAQRe_C2pBCywAu3XuGZpgZbNVAUtqV8e7apAvd_vfef6kRt3UatybLOLM6K2_U6XdMSA8pO-E7llvVVMu6zEnvij5o09fK8rwc7t_BhG361uAsdT06mxPHbJw3A3I0kD0A9QEGseSxH4SSiDXAlqLDkLsQCULn1PsDAxU35Q:1o8kGb:AKe_1HZpqz_gPZkrkWS6W12OhcP95ivnm__XTsfGn0U", "expire_date": "2022-07-19T15:15:09.107Z"}}, {"model": "sessions.session", "pk": "ou900lqdfkbsax0teb9svywqfojmuft0", "fields": {"session_data": ".eJxVjDsOwjAQBe_iGllhN15sSnrOEO3HxgGUSPlUiLtDpBTQvpl5L9fxutRunfPU9ebODtAdfkdhfeRhI3bn4TZ6HYdl6sVvit_p7K-j5edld_8OKs_1W2NqNAdWsMRJAsQsERCNsFhhVBJiPGXQ0mA0IxAqRAFakWOrIbr3ByLPOJU:1nwoBB:om-ashs9gISj1mehwE8sBZlTGdNQRSPCgDTHA2dG2mw", "expire_date": "2022-06-16T17:00:13.112Z"}}, {"model": "sessions.session", "pk": "oz95123bj7k4ljf7hhrg2vvvpa1l0xqz", "fields": {"session_data": ".eJxVjDsOwjAQBe_iGlmJ179Q0ucM1q69xgHkSHFSIe6OLKWA9s3Me4uAx17C0XgLSxJX4ZW4_I6E8cm1k_TAel9lXOu-LSS7Ik_a5Lwmft1O9--gYCu9JgUwsTMETNm4QSmeYvaWMo9xVBwzEmoHAKwNTsayHSCTs3okT158vid0OJ4:1o8lad:6KXXINzgbj4rIAatmoGX_yPsIsD8YbNz3DUjQO6Pva4", "expire_date": "2022-07-19T16:39:55.880Z"}}, {"model": "sessions.session", "pk": "p0ey37611vdz8zk2ykp80jrdxwvte0os", "fields": {"session_data": ".eJxVjEEOwiAQRe_C2hCByRRcuvcMZGAGqRqalHbVeHdt0oVu_3vvbyrSutS4dpnjyOqiENXpd0yUn9J2wg9q90nnqS3zmPSu6IN2fZtYXtfD_Tuo1Ou3tmKBChqyntAjGEPFAKHLAXigwiYL0FAciDjnzTmjLS5xSBBCcEW9Pw4TOD0:1o4N3V:7wH4KMcMcWvW1c7yoLARg6PoSZeDhy2bIf60shemysc", "expire_date": "2022-07-07T13:39:33.500Z"}}, {"model": "sessions.session", "pk": "p4dt8h9qoitxc3aatfgzyvv79axxt0mw", "fields": {"session_data": ".eJxVjMEOwiAQRP-FsyHYrgt49O43EHYXpGpoUtqT8d-VpAc9zGXem3mpELe1hK2lJUyizuo4WnX4bSnyI9WO5B7rbdY813WZSHdF77Tp6yzpedndv4MSW_mufc4EzmaRIXkEBEZDAgM5G8FbPKVMTrIxBoiNOEZxeWQP2INevT9GtziW:1oEb29:xQFP-_2C7z6a2dljf8NrOYRJeL2_o2Jcom6xC78W804", "expire_date": "2022-08-04T18:36:25.556Z"}}, {"model": "sessions.session", "pk": "p6ywcueoop4d4dauevx434aa9pjf34on", "fields": {"session_data": ".eJxVjEEOgjAQRe_StWkslOng0j1naP50iqAGEgor492VhIVu_3vvv0zEtg5xK3mJo5qLYTan31GQHnnaid4x3Wab5mldRrG7Yg9abDdrfl4P9-9gQBm-dUZFHr3nNrEHyPXSUHWWDFVyqLVNTc0k6nYiCFBOtRPyIVRMMO8PLyI4xg:1o8lpw:j1yFNPG9-6IP5520dVT1EVjWi86NF7-Kbd2hsLyfCB8", "expire_date": "2022-07-19T16:55:44.196Z"}}, {"model": "sessions.session", "pk": "pibuy1x0hxiv321l8lsc0rpuiqg6vt6c", "fields": {"session_data": ".eJxVjEEOwiAQRe_C2hBgOiAu3XsGAsNUqgaS0q6Md7dNutDtf-_9twhxXUpYO89hyuIiPIrT75giPbnuJD9ivTdJrS7zlOSuyIN2eWuZX9fD_TsosZetVo4INWqDlBSfIdsE2lscDVpvQVt2nDHBYBIxKwcDR2DQ6GGkLRCfL_PBN6o:1o8lxV:rta2-cnt5KeAC4-m4u_rBrn7Rn9Z9uSZTt5LEF1oKQo", "expire_date": "2022-07-19T17:03:33.585Z"}}, {"model": "sessions.session", "pk": "plrgcr0e8mdqsvutof9zf5p89t8hojlk", "fields": {"session_data": ".eJxVjEEOwiAQRe_C2hBnCgx16d4zkCkMUjU0Ke3KeHfbpAvdvvf-f6vA61LC2mQOY1IXBWjV6ZcOHJ9Sd5UeXO-TjlNd5nHQe6IP2_RtSvK6Hu3fQeFWtrUVMNYJ9xEcGUyRcgTpGSESboDlzJQ7JEuOferIZPYoyXoAyw7V5wsmaTfb:1oEZGN:_fZyGqP-8w3BYl6OQSgBSfsPuD1tj_Cu_U7vmAyhVaU", "expire_date": "2022-08-04T16:42:59.075Z"}}, {"model": "sessions.session", "pk": "pm8jso6pmp73kmphvmnfaawz7pyq9uaf", "fields": {"session_data": ".eJxVjMEOwiAQRP-FsyF0KQE8evcbyMKyUjWQlPbU-O-2SQ96m8x7M5sIuC4lrD3PYSJxFdaJy28ZMb1yPQg9sT6aTK0u8xTlociTdnlvlN-30_07KNjLvkZtNFjAQUOyniEycCKvNCbniZQb2ezJsyM7kkPth6is1UwZCQyKzxcO1Dh-:1o8lPp:447OM7bfOKrDlT2FpAsiD3ZtYYKrhJdVObRbR0dkHcE", "expire_date": "2022-07-19T16:28:45.602Z"}}, {"model": "sessions.session", "pk": "pv4z8a0pe89kx1a1xxeuyxpviq3zga1x", "fields": {"session_data": ".eJxVjMEOwiAQRP-FsyGE4i549O43kGUBqRpISnsy_rs06UEvk8m8mXkLT9ta_NbT4ucoLsIocfoNA_Ez1Z3EB9V7k9zqusxB7hV50C5vLabX9ej-HRTqZazRsbMUCI1WoJQZ7pwtRUBkCxEZE2jMKmlmdlnbKbs0MXIYChrE5wsLdTiA:1o2xst:ZbTjpD0vLyXMPe_3KGY0BxNdxEPAlYQrG86jQc4s47I", "expire_date": "2022-07-03T16:34:47.356Z"}}, {"model": "sessions.session", "pk": "pvettyu3vnlznjztuzp12h9z3ggcvn2y", "fields": {"session_data": ".eJxVjEEOwiAQRe_C2hAoLQMu3XsGwjAztmpoUtqV8e7apAvd_vfef6mUt3VMW-MlTaTOCkCdfkfM5cF1J3TP9TbrMtd1mVDvij5o09eZ-Hk53L-DMbfxW_euE7EDDQiFDEjwIQbsAcXx4KMFa5CkoGHvHTP13LmIAJKDtTEa9f4AE744KQ:1o8lM4:Sqf8KxISX8NYhkICZCzdjQD3hs0GCgSgWBWRwCE1GJ8", "expire_date": "2022-07-19T16:24:52.307Z"}}, {"model": "sessions.session", "pk": "qdr193lf92dhgh144zyc0a3ufg0jmjn4", "fields": {"session_data": ".eJxVjDsOwjAQRO_iGlnelYNtSnrOYG0maxxAiZRPhbg7iZQCminmvZm3ybIuNa-zTrnvzMWQ8-b027aCpw476h4y3EeLcVimvrW7Yg8629vY6et6uH8HVea6rUtqAUecEmmkwpGbswfAWwbPkgIFRz4AguLRFCkcIqDKTgOR-XwBJx44YQ:1o8mJa:E1yQRgVHr2fbWo9t_9XnVS_aEKHPAgV4W_bAEuR-l1k", "expire_date": "2022-07-19T17:26:22.589Z"}}, {"model": "sessions.session", "pk": "qj25orpqk1dbmkn8t7g4vj59e1tgrp3j", "fields": {"session_data": ".eJxVjEEOwiAQRe_C2hBgCrQu3XsGMsxMpWpoUtqV8e7apAvd_vfef6mE21rS1mRJE6uzclGdfseM9JC6E75jvc2a5rouU9a7og_a9HVmeV4O9--gYCvf2hOGbFwPvYsQsxH2AdmNQOAwZkArQTCK70bwlvzAMBAzgOPOBkPq_QELszgm:1nwosV:59GNMWZbzDeIjumWKba1rg7Vc6dYLJMitjh4_VpAUJc", "expire_date": "2022-06-16T17:44:59.137Z"}}, {"model": "sessions.session", "pk": "r1fadwo9ngexux9x5psgw4n9e49glsdg", "fields": {"session_data": ".eJxVjDkOwjAUBe_iGlnxmpiSnjNEfwsOIFuKkwpxd4iUAto3M--lRtjWPG5NlnFmdVbGOnX6XRHoIWVHfIdyq5pqWZcZ9a7ogzZ9rSzPy-H-HWRo-VsH7gWh996JJEE_YIhMQ-IgMbpAnieDBhx2tpsMWCMpkHPeEsQpEKj3B0iEOOw:1oEZDZ:1xKJaMs-SvNS_XPeTdW7o9CcZ8DbuKz5T8cFlTvk6mc", "expire_date": "2022-08-04T16:40:05.170Z"}}, {"model": "sessions.session", "pk": "rh9n85n4ani6zcc2p22v447xeoh79xx2", "fields": {"session_data": ".eJxVjMsOwiAQRf-FtSEwdHi4dO83NAMDUjU0Ke3K-O_apAvd3nPOfYmRtrWOW8_LOLE4C22UOP2ukdIjtx3xndptlmlu6zJFuSvyoF1eZ87Py-H-HVTq9Vt7A-A4GPRKW8DAQ0B0NCAjotWQGHxUJUBUyNYNoLzLQFxKVJpMEe8P4_03GA:1oEZT5:-Q6sapzHyRNdApF_bBY4gEaPCVKfsEUVFC13gJRgFpQ", "expire_date": "2022-08-04T16:56:07.145Z"}}, {"model": "sessions.session", "pk": "rwxew0xjorq5a6r3cpbv66zks28134ak", "fields": {"session_data": ".eJxVjDsOwjAQBe_iGln-ZWNT0nMGa71e4wBypDipEHeHSCmgfTPzXiLitta4dV7ilMVZaKfE6XdNSA9uO8p3bLdZ0tzWZUpyV-RBu7zOmZ-Xw_07qNjrt8ZQwJbMo2KbjB4AXSFGcqMnMm4wRTNbB8qzVsFTNsA-BGZI2toE4v0BRts4oQ:1oEbSa:ecQwurdkLCIA12khQtK-kKAaAqj8Z8n6dJrJMy8uceY", "expire_date": "2022-08-04T19:03:44.100Z"}}, {"model": "sessions.session", "pk": "sjevssbipn6g56nz7u634jxm39g0qu05", "fields": {"session_data": ".eJxVjDsOwjAQBe_iGlnx2vGHkj5nsDbeXRxAiZRPhbg7spQC2jcz760yHnvNx8ZrnkhdlTPq8juOWJ48N0IPnO-LLsu8r9Oom6JPuulhIX7dTvfvoOJWW10MB-SOYmd705MEKzYkMEl6TuKsZYkFAAFHm4AoGeclOCnOexNBfb4QKjfm:1o2xtR:L80GbWy1N8gXgld1w8tUJfTuO4JzAye2ocB74Q3f2q4", "expire_date": "2022-07-03T16:35:21.298Z"}}, {"model": "sessions.session", "pk": "sjt6k6ry7h8zxft0ah9yt5d7u5gwis7r", "fields": {"session_data": ".eJxVjDsOwjAQBe_iGln-rK01JT1nsNY_HEC2FCdVxN1JpBTQvpl5G_O0LtWvI89-SuzK0LDL7xgovnI7SHpSe3Qee1vmKfBD4Scd_N5Tft9O9--g0qh7XYxUhQKIglYmzMqRU9ZCEEqj0bGQTEEBCJ01oQMpYCcOBFpltLXs8wXzsjZ_:1o8lfn:OCbm1WbWjWhFqrv3cJwtoeUT6ZBA33Ob2TVfQWtprX4", "expire_date": "2022-07-19T16:45:15.254Z"}}, {"model": "sessions.session", "pk": "slr3qngfv607kd9fnslov3tou8x7f5mq", "fields": {"session_data": ".eJxVjEEOwiAURO_C2hAofCAu3XsGAvyPVA0kpV013l2adKG7yZs3szMftrX4rdPiZ2RXphW7_MIY0ovq0eAz1EfjqdV1mSM_FH62nd8b0vt2un8HJfQy1uTAUAIrJKAcUajJRtQgoiET0TmpMFm0mCG4mKdsSWQLAxudcpDs8wUFqzhC:1o2xyv:WALmQnnAagtKocy_XbXDQ18luA0klRhVOyK9PaMkbOM", "expire_date": "2022-07-03T16:41:01.282Z"}}, {"model": "sessions.session", "pk": "swygc5ds5d1wo73fyankwekuo5kltf9m", "fields": {"session_data": ".eJxVjMsOwiAUBf-FtSGl5CK6dO83kPtCqgaS0q6M_65NutDtmZnzMgnXpaS165wmMWfjPJjD70rID60bkjvWW7Pc6jJPZDfF7rTbaxN9Xnb376BgL99aB44ooxxVQ2QPypE8U2AnkSEDCEBmzhoIMqrTAIF4JMc6RO9O5v0BdGk57g:1oEaJE:oUM4EzyXjRlq6PUiDpyA8-6lfjMnb5O8AkeBiZqfgcw", "expire_date": "2022-08-04T17:50:00.199Z"}}, {"model": "sessions.session", "pk": "t89fq807pxnk07hsdbr9bgmtj61ee2zc", "fields": {"session_data": ".eJxVjEEOwiAQRe_C2pCBoQou3XsGMgOMVA1NSrsy3l2bdKHb_977LxVpXWpce5njmNVZGQB1-F2Z0qO0DeU7tduk09SWeWS9KXqnXV-nXJ6X3f07qNTrtwbxhgkwOSOSBiZhCFCOjIETGkErwYH3uZB1xgOFkqxFZjucECmo9wdA8zh2:1o8m1W:rEw_8B16gANMJ0L7DLvsfbtQrAySyK5ER3gW6sQZCZo", "expire_date": "2022-07-19T17:07:42.208Z"}}, {"model": "sessions.session", "pk": "tenzlsu6hglhyfnxv1szg0i0rlztvfqw", "fields": {"session_data": ".eJxVjDsOwjAQBe_iGln476Wkzxks27uLA8iR8qkQd4dIKaB9M_NeIuVtbWlbaE4jiosAI06_Y8n1QX0neM_9Nsk69XUei9wVedBFDhPS83q4fwctL-1bRw0ciyZGHawDhRCInY6KPLrAZ09EsbLVHJRTCjgEj2BRczUGwIv3Bw1nN-o:1o8luQ:72psf8GgySWfy2QWQUIAtOuisvTgmHkfDmbOBaIOWgQ", "expire_date": "2022-07-19T17:00:22.610Z"}}, {"model": "sessions.session", "pk": "ts268mp3zat3x7xic637h95bp88teh5z", "fields": {"session_data": ".eJxVjMsOwiAQRf-FtSED9MG4dO83kBkGpGpoUtqV8d-1SRe6veec-1KBtrWEraUlTKLOyoA6_Y5M8ZHqTuRO9TbrONd1mVjvij5o09dZ0vNyuH8HhVr51qPY5JBiGixkY9m4zDg47MB0DnMPRpJ3QgSxFwDx0SAIeRyJPces3h8AnThR:1nwnlo:m8myYxDu1IHaPJgX3_yvF7UNxtN5p74Ndk99bfKqSRY", "expire_date": "2022-06-16T16:34:00.419Z"}}, {"model": "sessions.session", "pk": "ua8veamyjuo00jmzudwa3lvnt6e61rfm", "fields": {"session_data": ".eJxVjMsOwiAQRf-FtSHDS8Cl-34DGRiQqoGktCvjv2uTLnR7zzn3xQJuaw3byEuYiV2Yt-z0O0ZMj9x2Qndst85Tb-syR74r_KCDT53y83q4fwcVR_3WoI0pOqlIpfhERjiIBSgJiBm9lA5MVk7GTAAa01lZYY201jmyKI1j7w8bMTfZ:1o8lyF:ccV6FHbyY1g8sDlMVtgd9Ro82eQlznRxxxR50Hwkv3o", "expire_date": "2022-07-19T17:04:19.641Z"}}, {"model": "sessions.session", "pk": "ujjqp3qzwfbe3damextvp1p8nokzo4u3", "fields": {"session_data": ".eJxVjDsOwjAQBe_iGlkbr-2NKek5g7X-4QBypDipEHeHSCmgfTPzXsLztla_9bz4KYmzQCVOv2Pg-MhtJ-nO7TbLOLd1mYLcFXnQLq9zys_L4f4dVO71W0cCG61zaC1ojTTAqIhAZw0FEfOQUgHEYKmACRoUGWZWhkwxZXRZvD_EJTa3:1nwpdh:zmu6eQaRSycTXW_3_AndsACkJthWXOyP9uJEtlJqyqI", "expire_date": "2022-06-16T18:33:45.015Z"}}, {"model": "sessions.session", "pk": "utezxdrw1ut5tt42pquqv1filmaa9aqx", "fields": {"session_data": ".eJxVjEEOwiAQRe_C2pAB2jK4dO8ZCDCDVA0kpV0Z765NutDtf-_9l_BhW4vfOi9-JnEWCpw4_a4xpAfXHdE91FuTqdV1maPcFXnQLq-N-Hk53L-DEnr51ilGtIYpJxesATXiSNOgOWsNaSCn0FoNE6IhRDApqIisDRulAAiyeH8AKV83oQ:1oDOpr:fEjY4vQ5kX06cEEH0X06sW94dCcxNQtpXRMN4fbx8V0", "expire_date": "2022-08-01T11:22:47.423Z"}}, {"model": "sessions.session", "pk": "vetl3lpnh5i4lhvoj0bf7l7yw1y28fyg", "fields": {"session_data": ".eJxVjMsOwiAQRf-FtSE8CliX7v0GMsMMUjWQlHZl_HfbpAvdnnPufYsI61Li2nmOE4mL0NaK0y9FSE-uu6IH1HuTqdVlnlDuiTxsl7dG_Loe7d9BgV629QgeCQ0woGK0Jp0doNPI2Q_OWwsGNQegwIOhrLJXyeeRfE4ccAPi8wVpGDoF:1oEZq7:M4PsWQ5rcZufyEKwKXiLpccV8xPwew43XG7UgtfZCFQ", "expire_date": "2022-08-04T17:19:55.833Z"}}, {"model": "sessions.session", "pk": "vg0dxkh129xsfy3wbaqdyotwysvr0skr", "fields": {"session_data": ".eJxVjDsOwjAQBe_iGlmLN_6Ekj5nsHb9wQFkS3FSIe4OkVJA-2bmvYSnbS1-62nxcxQXoYw4_Y5M4ZHqTuKd6q3J0Oq6zCx3RR60y6nF9Lwe7t9BoV6-tdY5R3SOjEVIAxgKFsBEM6izQiQ3ckalObuBFY7EASwwRh00JI0g3h_xbjdj:1nwoMV:MX68Aluosn-8IaGSLeqCqgzYp3GCKd6m20cZW1j1sig", "expire_date": "2022-06-16T17:11:55.070Z"}}, {"model": "sessions.session", "pk": "vlnwmhxdd9f9k0fm7xgj9w3179c1htgp", "fields": {"session_data": ".eJxVjEEOwiAQRe_C2pBCERiX7nsGMsCMVA0kpV0Z765NutDtf-_9lwi4rSVsnZYwZ3ERYMXpd4yYHlR3ku9Yb02mVtdljnJX5EG7nFqm5_Vw_w4K9vKtDRAxD0wqg_fsYEC0o1NGeTTeKUAPMZFmp10ck05oISkTmQjPI4J4fwAfKzi5:1o8lyC:ljLlbFiO-3BeS-hEuR29dM6-g64Wb67Xo8Ux2A4Z-JU", "expire_date": "2022-07-19T17:04:16.189Z"}}, {"model": "sessions.session", "pk": "vnp94ln5p0ob77gsd5tuqlw4miqyatxu", "fields": {"session_data": ".eJxVjEEOgjAQRe_StWnoTG2nLt1zhmaYDoIaSCisjHdXEha6_e-9_zKZt3XIW9Ulj8VcjDOn361jeei0g3Ln6TZbmad1GTu7K_ag1bZz0ef1cP8OBq7Dt8bgPEpSaHzEIIXP4AN7Am0cRexRKYmDIORS8pGgJxWKPcTgEKEx7w-ssjY2:1o8i3o:KTWNK0-JfplBXBTIUGJRL9JhvOss8il28sID4TkhGP4", "expire_date": "2022-07-19T12:53:48.799Z"}}, {"model": "sessions.session", "pk": "vsk4b9om4eb9svhq1qi0jng2s64e2w64", "fields": {"session_data": ".eJxVjEEOgjAQRe_StWnoTG2nLt1zhmaYDoIaSCisjHdXEha6_e-9_zKZt3XIW9Ulj8VcjDOn361jeei0g3Ln6TZbmad1GTu7K_ag1bZz0ef1cP8OBq7Dt8bgPEpSaHzEIIXP4AN7Am0cRexRKYmDIORS8pGgJxWKPcTgEKEx7w-ssjY2:1o0WuG:-XsdyRRobzcZHMl6_5Xr6bUECCeRJN327ojM2kbji-Y", "expire_date": "2022-06-26T23:22:08.107Z"}}, {"model": "sessions.session", "pk": "vx5j70bafj4q6govpqbn01n9zxuqf7qm", "fields": {"session_data": ".eJxVjEsOAiEQRO_C2hCbj4JL956BNN0gowaSYWZlvLtMMgvdVeq9qrcIuC4lrD3NYWJxEWDF4beMSM9UN8IPrPcmqdVlnqLcFLnTLm-N0-u6u38HBXsZ64icVbKsz8eTHxFMtNob1MkpBnDkyREpAMoUrSPHoGzW2SkzvIzi8wUb6Dhp:1nwo2a:wJ8i5hO2fszmcOffDqHND3Ak9k1q3Er2WIynHY4i2Bc", "expire_date": "2022-06-16T16:51:20.902Z"}}, {"model": "sessions.session", "pk": "w01jlte6ztui0ne1aizo571iokvb03l6", "fields": {"session_data": ".eJxVjEEOgjAQRe_StWnoTG2nLt1zhmaYDoIaSCisjHdXEha6_e-9_zKZt3XIW9Ulj8VcjDOn361jeei0g3Ln6TZbmad1GTu7K_ag1bZz0ef1cP8OBq7Dt8bgPEpSaHzEIIXP4AN7Am0cRexRKYmDIORS8pGgJxWKPcTgEKEx7w-ssjY2:1oE597:nLu-F10tgJK0N6Jz8j4rDfpFWDIoC4Y9dWvz6K7hPaQ", "expire_date": "2022-08-03T08:33:29.538Z"}}, {"model": "sessions.session", "pk": "w3zqv3qi9v8ssu7vz5ddy40ivayydfg7", "fields": {"session_data": ".eJxVjDsOwjAQBe_iGlmO_6ak5wzWrneDA8iR4qRC3B0ipYD2zcx7iQzbWvPWeckTibNwUZx-R4Ty4LYTukO7zbLMbV0mlLsiD9rldSZ-Xg7376BCr986eEZniVgDa0TFJjjvImsGLobGFGgwxUevBm2SwmTjGCgpmxA1JxDvDygKOHs:1o2zIw:9ENwSyPVCnC_PERe0t46QhuF-GJZtTLUJlCYdYApznY", "expire_date": "2022-07-03T18:05:46.409Z"}}, {"model": "sessions.session", "pk": "wosxzkv9b1o2qxc5uj4ob9i4w4s2u902", "fields": {"session_data": ".eJxVjEEOgjAQRe_StWnoTG2nLt1zhmaYDoIaSCisjHdXEha6_e-9_zKZt3XIW9Ulj8VcjDOn361jeei0g3Ln6TZbmad1GTu7K_ag1bZz0ef1cP8OBq7Dt8bgPEpSaHzEIIXP4AN7Am0cRexRKYmDIORS8pGgJxWKPcTgEKEx7w-ssjY2:1nwn3P:lJz3pJy6yDLw-mqseSXSlVxmW6i6N7c1kFxghXN-EuE", "expire_date": "2022-06-16T15:48:07.330Z"}}, {"model": "sessions.session", "pk": "x7209rarsew2abng1a7uv3xavg6jl8v4", "fields": {"session_data": ".eJxVjMEOwiAQRP-FsyF0AUGP3vsNZGFZqRpISnsy_rtt0oMeZ96beYuA61LC2vMcJhJX4ZU4_ZYR0zPXndAD673J1OoyT1Huijxol2Oj_Lod7t9BwV62NROcWRNF8JyUIj1owkjekvF-C5BiTo5NBHCWEbM3ZCwmBzTwhUF8vjOmOR8:1o8lWb:eTJh9CB-uNTLu1w6c1hoq-4zwy3QEaGYcxS-2NslTIo", "expire_date": "2022-07-19T16:35:45.429Z"}}, {"model": "sessions.session", "pk": "xkpx14jbkp6huai039ne2bqtj1x0b05f", "fields": {"session_data": ".eJxVjDsOwjAQBe_iGlnrjeMPJT1nsNbrFQ4gR4qTCnF3iJQC2jcz76USbWtNW5clTUWdVYjq9Dtm4oe0nZQ7tduseW7rMmW9K_qgXV_nIs_L4f4dVOr1W4OM0RvgwVq2hYqzhtkJGUcCQ8yWssWAAbygeMaIBEUAPSG5UUi9PwmxOB8:1o8lqC:YM9DVMv0sLJhZGxWCuchJ_NgjoYFDrHKDzAa2UrCNsQ", "expire_date": "2022-07-19T16:56:00.208Z"}}, {"model": "sessions.session", "pk": "xx1tyyert399h9do3daam75f1arhyg7y", "fields": {"session_data": ".eJxVjEEOwiAQAP_C2RCgUMCj976BLLsgVQNJaU_GvxuSHvQ6M5k3C3DsJRw9bWEldmVKsssvjIDPVIehB9R749jqvq2Rj4SftvOlUXrdzvZvUKCX8bV5MgSeEAidQp1jIj8Zm2U0ZJwGtCoaT94L43x0kjQqOQtBNKfk2OcLK9A4qA:1nwo52:XZhDZyie4epS_nS2y_QGHxxQSUnTK9W4bfr518mUSEI", "expire_date": "2022-06-16T16:53:52.218Z"}}, {"model": "sessions.session", "pk": "y5ux5pnvda0a7az3ui0zuv4n48g4y0ra", "fields": {"session_data": ".eJxVjMsOwiAUBf-FtSFAody4dO83EO4DqRqalHZl_Hdt0oVuz8ycl0p5W2vauixpYnVWdgB1-l0x00Pajvie223WNLd1mVDvij5o19eZ5Xk53L-Dmnv91uC8LSKMTtgUZhQiKkDWkYviA2CEkK0J3rAxGH0Zo4uFBhoRLHj1_gBmdzj2:1oEbE1:SleYM3fNoG4jnLG74mJ-1ttn1V3PO5XvTJVugJ4T02k", "expire_date": "2022-08-04T18:48:41.487Z"}}, {"model": "sessions.session", "pk": "y6ywtyejn2l6yyawuaeiwn9ly1zv04j4", "fields": {"session_data": ".eJxVjMsOwiAQRf-FtSG8BgaX7v0GwhSQqoGktCvjv2uTLnR7zzn3xULc1hq2kZcwJ3Zm0rLT70hxeuS2k3SP7db51Nu6zMR3hR908GtP-Xk53L-DGkf91qQ1CmMzQimayAGokm00DoUrIhOhTBGBrJRKCQQg5z1i8dIbl7xg7w_6cjc3:1nwo2t:rwCiR0tHu9YE9yuvLB9CfHjoKfJ-jHIotVr72qdENdQ", "expire_date": "2022-06-16T16:51:39.199Z"}}, {"model": "sessions.session", "pk": "ycdmz5c6zl4i55d99fpbwnaajlmw9qxt", "fields": {"session_data": ".eJxVjEEOwiAQRe_C2pBSYGBcuvcMzQwDUjVtUtqV8e7apAvd_vfef6mBtrUOW8vLMIo6K-jU6XdkSo887UTuNN1mneZpXUbWu6IP2vR1lvy8HO7fQaVWv3X0AiaDxCRMYEoIzhcnbHuE2CFbQteHghEYCzlnkiTJ3HsbCbGz6v0BECY4JQ:1o2zNg:iBSFVWwVd1Yq6pw9qIYXhy5PZFKwg6WqnlSdbAWiJRA", "expire_date": "2022-07-03T18:10:40.148Z"}}, {"model": "sessions.session", "pk": "ywas9oetl00vbdmykra6nhn0569czvvd", "fields": {"session_data": ".eJxVjMsOwiAQRf-FtSEtw0Ncuu83kGEGpGogKe3K-O_apAvd3nPOfYmA21rC1tMSZhYXYaw4_Y4R6ZHqTviO9dYktbouc5S7Ig_a5dQ4Pa-H-3dQsJdv7SmCd4ZtHj0bjCoBA7kMgxoVRKBsE2TWRGevXbKQSZO2Eb1xg2En3h8dyTh7:1o2z4d:jRmdeJ-gh9W7rAqUuGmSpSWBByh6X-MJauiWTryMT_I", "expire_date": "2022-07-03T17:50:59.426Z"}}, {"model": "sessions.session", "pk": "yyz55a1tbx0dkw52jbkpbl55m0nq07ks", "fields": {"session_data": ".eJxVjDsOwjAQRO_iGln-xB8o6TmDtd5d4wBypDipEHcnkVLAlPPezFskWJea1s5zGklchFZGnH7bDPjktiN6QLtPEqe2zGOWuyIP2uVtIn5dD_fvoEKv2zpTcRqJXDaD2gKQY2ECjbEEcn7wrLQnKmcs4ILSNlhk702xEcmy-HwBWQs5RA:1o8mBr:fSqxCURgN-hvBxTBhcq1ftY-JcewH5HuhtNVEmSGElM", "expire_date": "2022-07-19T17:18:23.848Z"}}, {"model": "sessions.session", "pk": "z2wgvm262n4yho4no2s7qnwnxty5hvui", "fields": {"session_data": ".eJxVjMsOwiAQRf-FtSEwUB4u3fsNBIZBqgaS0q6M_65NutDtPefcFwtxW2vYBi1hzuzMJDh2-l1TxAe1HeV7bLfOsbd1mRPfFX7Qwa890_NyuH8HNY76rQWiVSUWYTUgeC1U9JN0QhF6k0XSYIGUUsnpRDQZCUWSlmilAWdTYe8PGb43ng:1oEZLh:M-bPmPS21cE4dmXosQRplA2ab6eWQDYn6aqR8Xug4Zk", "expire_date": "2022-08-04T16:48:29.107Z"}}, {"model": "sessions.session", "pk": "z7k6nn27cqf1iws0ckd20hzmyc5lprop", "fields": {"session_data": ".eJxVjMsOwiAQRf-FtSEww8O6dN9vIAMMUjU0Ke3K-O_apAvd3nPOfYlA21rD1nkJUxYXoUGL0-8aKT247Sjfqd1mmea2LlOUuyIP2uU4Z35eD_fvoFKv31oZXTI4axOxTwkBoUSnwDiNJgMiDoY9sMYzInNxXkcawHnPKkay4v0BDgQ3kw:1oEZ3I:4Nj-ofYYgRqnstx-bDTrmuxHiUT_73ZQuodGXw00VZc", "expire_date": "2022-08-04T16:29:28.728Z"}}, {"model": "sessions.session", "pk": "zbk7110f51ifg4mbqtb0ht1fy5fjdlax", "fields": {"session_data": ".eJxVjMsOwiAQRf-FtSEMFAZcuvcbyNAZpGrapI-V8d-1SRe6veec-1KZtrXlbZE5D6zOCjp1-h0L9Q8Zd8J3Gm-T7qdxnYeid0UfdNHXieV5Ody_g0ZL-9YWEUIF42ohEOML9CEKGkRbpEvVo7dgJbngIkdDyOyRXOIarAdM6v0B6Vg3JQ:1nwo10:pO4anpONgiySx20uZ7E2BMSpiLJkpu298hVPqVjObPI", "expire_date": "2022-06-16T16:49:42.742Z"}}, {"model": "song_signup.singer", "pk": 1, "fields": {"password": "pbkdf2_sha256$216000$sfRdxQMMUv2b$6k0oulB1QNlpnxLn7IfF302v4Dnoi10+T8e7gtAMuDM=", "last_login": "2022-07-29T13:43:03.081Z", "is_superuser": true, "username": "alon_aviv", "first_name": "Alon", "last_name": "Aviv", "email": "", "is_staff": true, "is_active": true, "date_joined": "2022-06-02T13:31:38Z", "cy1_position": null, "cy2_position": null, "lscy_position": null, "cy3_position": null, "no_image_upload": false, "placeholder": false, "groups": [], "user_permissions": []}}, {"model": "song_signup.singer", "pk": 71, "fields": {"password": "pbkdf2_sha256$260000$fH90rzL8iuGtoJd2RYwsZU$HHSiC6GEco6n4KY0R+trmtPU7SVVZDLuhzPyT7ixnwE=", "last_login": "2022-07-20T09:47:04.779Z", "is_superuser": true, "username": "shani_wahrman", "first_name": "Shani", "last_name": "Wahrman", "email": "", "is_staff": true, "is_active": true, "date_joined": "2022-07-05T12:57:05Z", "cy1_position": null, "cy2_position": null, "lscy_position": null, "cy3_position": null, "no_image_upload": false, "placeholder": false, "groups": [1], "user_permissions": []}}, {"model": "song_signup.singer", "pk": 114, "fields": {"password": "!oI9BAec40W0GkGz0lDuTNv7TUudbNJUpmfasV293", "last_login": "2022-07-21T16:08:33.555Z", "is_superuser": false, "username": "aliza_ben moha", "first_name": "Aliza", "last_name": "Ben Moha", "email": "", "is_staff": true, "is_active": true, "date_joined": "2022-07-21T16:08:33.539Z", "cy1_position": null, "cy2_position": null, "lscy_position": null, "cy3_position": null, "no_image_upload": false, "placeholder": false, "groups": [1], "user_permissions": []}}, {"model": "song_signup.singer", "pk": 115, "fields": {"password": "!uRwsLGE203k7l7y4MR3AqLEWe05SDs5I8S9N9rrw", "last_login": "2022-07-21T16:11:48.318Z", "is_superuser": false, "username": "matan_rubin", "first_name": "Matan", "last_name": "Rubin", "email": "", "is_staff": true, "is_active": true, "date_joined": "2022-07-21T16:11:48.303Z", "cy1_position": null, "cy2_position": null, "lscy_position": null, "cy3_position": null, "no_image_upload": false, "placeholder": false, "groups": [1], "user_permissions": []}}, {"model": "song_signup.singer", "pk": 116, "fields": {"password": "!NWPL2BpoEVAS1sXIaMqm12QcQa6inbL9DHPc9w67", "last_login": "2022-07-21T16:12:52.556Z", "is_superuser": false, "username": "elky_sigler", "first_name": "Elky", "last_name": "Sigler", "email": "", "is_staff": true, "is_active": true, "date_joined": "2022-07-21T16:12:52.548Z", "cy1_position": null, "cy2_position": null, "lscy_position": null, "cy3_position": null, "no_image_upload": true, "placeholder": false, "groups": [1], "user_permissions": []}}, {"model": "song_signup.singer", "pk": 117, "fields": {"password": "!FMMv2nzEiRYQoU4u8Vqi1KWPGdDNg85yx8tn5Chf", "last_login": "2022-07-21T16:13:44.428Z", "is_superuser": false, "username": "gadi_zaig", "first_name": "Gadi", "last_name": "Zaig", "email": "", "is_staff": true, "is_active": true, "date_joined": "2022-07-21T16:13:44.412Z", "cy1_position": null, "cy2_position": null, "lscy_position": null, "cy3_position": null, "no_image_upload": false, "placeholder": false, "groups": [1], "user_permissions": []}}, {"model": "song_signup.singer", "pk": 118, "fields": {"password": "!hp2pXYmjvGvGUB9pIHi9mSkd025v5PxWoYhLeTge", "last_login": "2022-07-21T16:14:16.254Z", "is_superuser": false, "username": "michal_hass", "first_name": "Michal", "last_name": "Hass", "email": "", "is_staff": true, "is_active": true, "date_joined": "2022-07-21T16:14:16.238Z", "cy1_position": null, "cy2_position": null, "lscy_position": null, "cy3_position": null, "no_image_upload": false, "placeholder": false, "groups": [1], "user_permissions": []}}, {"model": "song_signup.singer", "pk": 119, "fields": {"password": "!7nDVvgKFW0h0QWBRbtrstRpio3wN45G5kR9GWN2W", "last_login": "2022-07-21T16:22:42.282Z", "is_superuser": false, "username": "tamar_orbach", "first_name": "Tamar", "last_name": "Orbach", "email": "", "is_staff": true, "is_active": true, "date_joined": "2022-07-21T16:22:42.266Z", "cy1_position": null, "cy2_position": null, "lscy_position": null, "cy3_position": null, "no_image_upload": false, "placeholder": false, "groups": [1], "user_permissions": []}}, {"model": "song_signup.singer", "pk": 120, "fields": {"password": "!qqTSJGlRpZ8YdXepzhOcjHrGKJzUfBcXhcG9cxEB", "last_login": "2022-07-21T16:26:54.905Z", "is_superuser": false, "username": "brian_hoffman", "first_name": "Brian", "last_name": "Hoffman", "email": "", "is_staff": true, "is_active": true, "date_joined": "2022-07-21T16:26:54.890Z", "cy1_position": null, "cy2_position": null, "lscy_position": null, "cy3_position": null, "no_image_upload": false, "placeholder": false, "groups": [1], "user_permissions": []}}, {"model": "song_signup.singer", "pk": 121, "fields": {"password": "!exyB9zjWdWOqbyFApE94ZDhtAzyTcgnawSwYDQow", "last_login": "2022-07-21T19:31:17.244Z", "is_superuser": false, "username": "shelly_solomon", "first_name": "Shelly", "last_name": "Solomon", "email": "", "is_staff": true, "is_active": true, "date_joined": "2022-07-21T16:29:28.709Z", "cy1_position": null, "cy2_position": null, "lscy_position": null, "cy3_position": null, "no_image_upload": false, "placeholder": false, "groups": [1], "user_permissions": []}}, {"model": "song_signup.singer", "pk": 122, "fields": {"password": "!tbJsd16ov8D1g0HKFzaWyAjAJXarNun5fyW43JZf", "last_login": "2022-07-21T16:39:10.724Z", "is_superuser": false, "username": "daniel_fox", "first_name": "Daniel", "last_name": "Fox", "email": "", "is_staff": true, "is_active": true, "date_joined": "2022-07-21T16:39:10.708Z", "cy1_position": null, "cy2_position": null, "lscy_position": null, "cy3_position": null, "no_image_upload": false, "placeholder": false, "groups": [1], "user_permissions": []}}, {"model": "song_signup.singer", "pk": 123, "fields": {"password": "!zcTM0GRj7HBnVA4PVIdtxMuoQ5s6x8wwFKGIT9OH", "last_login": "2022-07-21T16:40:05.168Z", "is_superuser": false, "username": "candice_nemoff", "first_name": "Candice", "last_name": "Nemoff", "email": "", "is_staff": true, "is_active": true, "date_joined": "2022-07-21T16:40:05.152Z", "cy1_position": null, "cy2_position": null, "lscy_position": null, "cy3_position": null, "no_image_upload": false, "placeholder": false, "groups": [1], "user_permissions": []}}, {"model": "song_signup.singer", "pk": 124, "fields": {"password": "!KUI69VMR5TUoVMsIA2f9QjLJhZI1j2EyOJtzHgzI", "last_login": "2022-07-21T16:42:54.142Z", "is_superuser": false, "username": "cb_davies", "first_name": "Cb", "last_name": "Davies", "email": "", "is_staff": true, "is_active": true, "date_joined": "2022-07-21T16:42:54.125Z", "cy1_position": null, "cy2_position": null, "lscy_position": null, "cy3_position": null, "no_image_upload": false, "placeholder": false, "groups": [1], "user_permissions": []}}, {"model": "song_signup.singer", "pk": 125, "fields": {"password": "!35V0XRqnuEqzjRl9n4bXRPNCrCgZxer2yS61juAU", "last_login": "2022-07-21T16:42:59.073Z", "is_superuser": false, "username": "joey_geralnik", "first_name": "Joey", "last_name": "Geralnik", "email": "", "is_staff": true, "is_active": true, "date_joined": "2022-07-21T16:42:59.057Z", "cy1_position": null, "cy2_position": null, "lscy_position": null, "cy3_position": null, "no_image_upload": false, "placeholder": false, "groups": [1], "user_permissions": []}}, {"model": "song_signup.singer", "pk": 126, "fields": {"password": "!Nn9jPdUYAMlUasZDyF4o2iIH8JO9x9NucjA8ZkyD", "last_login": "2022-07-21T16:43:36.011Z", "is_superuser": false, "username": "liah_biran", "first_name": "Liah", "last_name": "Biran", "email": "", "is_staff": true, "is_active": true, "date_joined": "2022-07-21T16:43:35.994Z", "cy1_position": null, "cy2_position": null, "lscy_position": null, "cy3_position": null, "no_image_upload": false, "placeholder": false, "groups": [1], "user_permissions": []}}, {"model": "song_signup.singer", "pk": 127, "fields": {"password": "!t28ASMHgWKFhhbcRbE4XfrTLDqYIe5caFdDpV2Dl", "last_login": "2022-07-21T16:48:04.421Z", "is_superuser": false, "username": "shai_sadeh", "first_name": "Shai", "last_name": "Sadeh", "email": "", "is_staff": true, "is_active": true, "date_joined": "2022-07-21T16:48:04.405Z", "cy1_position": null, "cy2_position": null, "lscy_position": null, "cy3_position": null, "no_image_upload": false, "placeholder": false, "groups": [1], "user_permissions": []}}, {"model": "song_signup.singer", "pk": 128, "fields": {"password": "!Rn2TQWl8Bk6hx9i0w2QiOzjAX8qfJNH1bymZJLCL", "last_login": "2022-07-21T16:48:29.105Z", "is_superuser": false, "username": "miya_hames", "first_name": "Miya", "last_name": "Hames", "email": "", "is_staff": true, "is_active": true, "date_joined": "2022-07-21T16:48:29.089Z", "cy1_position": null, "cy2_position": null, "lscy_position": null, "cy3_position": null, "no_image_upload": false, "placeholder": false, "groups": [1], "user_permissions": []}}, {"model": "song_signup.singer", "pk": 129, "fields": {"password": "!08GrCkb2abo7rJnTgn3A7NI66wH5xKSwi3bz0TSN", "last_login": "2022-07-21T16:55:06.170Z", "is_superuser": false, "username": "rafi_serfaty", "first_name": "Rafi", "last_name": "Serfaty", "email": "", "is_staff": true, "is_active": true, "date_joined": "2022-07-21T16:55:06.154Z", "cy1_position": null, "cy2_position": null, "lscy_position": null, "cy3_position": null, "no_image_upload": false, "placeholder": false, "groups": [1], "user_permissions": []}}, {"model": "song_signup.singer", "pk": 130, "fields": {"password": "!Xsii4PhmgjRUpRsxq2lbsukAa3FRO1BXnqxkoKm7", "last_login": "2022-07-21T16:56:07.142Z", "is_superuser": false, "username": "molly_cloutier", "first_name": "Molly", "last_name": "Cloutier", "email": "", "is_staff": true, "is_active": true, "date_joined": "2022-07-21T16:56:07.135Z", "cy1_position": null, "cy2_position": null, "lscy_position": null, "cy3_position": null, "no_image_upload": false, "placeholder": false, "groups": [1], "user_permissions": []}}, {"model": "song_signup.singer", "pk": 131, "fields": {"password": "!lpoaAlwHb52GSR6YJIKCEhONTTyVnXHzuELGXcEo", "last_login": "2022-07-21T16:56:07.590Z", "is_superuser": false, "username": "avital_sykora", "first_name": "Avital", "last_name": "Sykora", "email": "", "is_staff": true, "is_active": true, "date_joined": "2022-07-21T16:56:07.575Z", "cy1_position": null, "cy2_position": null, "lscy_position": null, "cy3_position": null, "no_image_upload": false, "placeholder": false, "groups": [1], "user_permissions": []}}, {"model": "song_signup.singer", "pk": 132, "fields": {"password": "!WCsNjnDDrkvKt39NlKVPOjZbGDp46zwQYbVZiPum", "last_login": "2022-07-21T17:14:50.375Z", "is_superuser": false, "username": "ariel_yehya", "first_name": "Ariel", "last_name": "Yehya", "email": "", "is_staff": true, "is_active": true, "date_joined": "2022-07-21T17:14:50.358Z", "cy1_position": null, "cy2_position": null, "lscy_position": null, "cy3_position": null, "no_image_upload": false, "placeholder": false, "groups": [1], "user_permissions": []}}, {"model": "song_signup.singer", "pk": 133, "fields": {"password": "!vOQeEZJZwjeHV11AC4uTyrliQn0Nk7IJK1DTTeuA", "last_login": "2022-07-21T17:19:55.831Z", "is_superuser": false, "username": "dale_honor", "first_name": "Dale", "last_name": "Honor", "email": "", "is_staff": true, "is_active": true, "date_joined": "2022-07-21T17:19:55.814Z", "cy1_position": null, "cy2_position": null, "lscy_position": null, "cy3_position": null, "no_image_upload": true, "placeholder": false, "groups": [1], "user_permissions": []}}, {"model": "song_signup.singer", "pk": 134, "fields": {"password": "!SGn8qOanuXANRqY9KTvjgvXKKsfQwuWtPFOj9Ya6", "last_login": "2022-07-21T17:35:05.238Z", "is_superuser": false, "username": "dalia_herszaft", "first_name": "Dalia", "last_name": "Herszaft", "email": "", "is_staff": true, "is_active": true, "date_joined": "2022-07-21T17:35:05.221Z", "cy1_position": null, "cy2_position": null, "lscy_position": null, "cy3_position": null, "no_image_upload": true, "placeholder": false, "groups": [1], "user_permissions": []}}, {"model": "song_signup.singer", "pk": 135, "fields": {"password": "!vCNeW6vlKYlaNUew5ZJicNCA5eYukTUKuobBDtcT", "last_login": "2022-07-21T17:50:00.196Z", "is_superuser": false, "username": "adina_weisblatt", "first_name": "Adina", "last_name": "Weisblatt", "email": "", "is_staff": true, "is_active": true, "date_joined": "2022-07-21T17:50:00.162Z", "cy1_position": null, "cy2_position": null, "lscy_position": null, "cy3_position": null, "no_image_upload": false, "placeholder": false, "groups": [1], "user_permissions": []}}, {"model": "song_signup.singer", "pk": 136, "fields": {"password": "!tPEKGuOiPqmlwJzPL3EzLFzkANCZv6d8hXwP7dQN", "last_login": "2022-07-21T18:28:40.293Z", "is_superuser": false, "username": "dekel_farhi", "first_name": "Dekel", "last_name": "Farhi", "email": "", "is_staff": true, "is_active": true, "date_joined": "2022-07-21T18:28:40.277Z", "cy1_position": null, "cy2_position": null, "lscy_position": null, "cy3_position": null, "no_image_upload": true, "placeholder": false, "groups": [1], "user_permissions": []}}, {"model": "song_signup.singer", "pk": 137, "fields": {"password": "!bO6zXY9yws7scdXaDOsOMBa39TwpkAob3MWkoIa1", "last_login": "2022-07-21T18:36:25.553Z", "is_superuser": false, "username": "yaacov_braul", "first_name": "Yaacov", "last_name": "Braul", "email": "", "is_staff": true, "is_active": true, "date_joined": "2022-07-21T18:36:25.537Z", "cy1_position": null, "cy2_position": null, "lscy_position": null, "cy3_position": null, "no_image_upload": false, "placeholder": false, "groups": [1], "user_permissions": []}}, {"model": "song_signup.singer", "pk": 138, "fields": {"password": "!xBkMF19CoBEafFLiaPGQKY5Wvg0iw8g7OYzH2YZo", "last_login": "2022-07-21T18:48:41.485Z", "is_superuser": false, "username": "elisheva_b", "first_name": "Elisheva", "last_name": "B", "email": "", "is_staff": true, "is_active": true, "date_joined": "2022-07-21T18:48:41.468Z", "cy1_position": null, "cy2_position": null, "lscy_position": null, "cy3_position": null, "no_image_upload": true, "placeholder": false, "groups": [1], "user_permissions": []}}, {"model": "song_signup.singer", "pk": 139, "fields": {"password": "!jWaDDy88Xbl8521Pf39R9Zcu1gBeyq4I3ubrKzOq", "last_login": "2022-07-21T19:03:41.117Z", "is_superuser": false, "username": "yoni_linder", "first_name": "Yoni", "last_name": "Linder", "email": "", "is_staff": true, "is_active": true, "date_joined": "2022-07-21T19:03:41.100Z", "cy1_position": null, "cy2_position": null, "lscy_position": null, "cy3_position": null, "no_image_upload": false, "placeholder": false, "groups": [1], "user_permissions": []}}, {"model": "song_signup.singer", "pk": 140, "fields": {"password": "!ibZWpFpV3Im65775KBfYjRfdqyJczBkaV1w23isI", "last_login": "2022-07-21T19:03:44.097Z", "is_superuser": false, "username": "arielle_baum", "first_name": "Arielle", "last_name": "Baum", "email": "", "is_staff": true, "is_active": true, "date_joined": "2022-07-21T19:03:44.072Z", "cy1_position": null, "cy2_position": null, "lscy_position": null, "cy3_position": null, "no_image_upload": false, "placeholder": false, "groups": [1], "user_permissions": []}}, {"model": "song_signup.groupsongrequest", "pk": 13, "fields": {"song_name": "Satisfied", "musical": "Hamilton", "requested_by": 1, "request_time": "2022-06-17T13:23:13.657Z"}}, {"model": "song_signup.groupsongrequest", "pk": 14, "fields": {"song_name": "The Room Where It Happens", "musical": "Hamilton", "requested_by": 1, "request_time": "2022-06-17T13:23:37.170Z"}}, {"model": "song_signup.groupsongrequest", "pk": 15, "fields": {"song_name": "Guns and Ships", "musical": "Hamilton", "requested_by": 1, "request_time": "2022-06-17T13:23:55.525Z"}}, {"model": "song_signup.groupsongrequest", "pk": 16, "fields": {"song_name": "My Shot", "musical": "Hamilton", "requested_by": 1, "request_time": "2022-06-17T13:24:08.637Z"}}, {"model": "song_signup.groupsongrequest", "pk": 17, "fields": {"song_name": "Story of Tonight", "musical": "Hamilton", "requested_by": 1, "request_time": "2022-06-17T13:36:17.567Z"}}, {"model": "song_signup.groupsongrequest", "pk": 21, "fields": {"song_name": "RIght Hand Man", "musical": "Hamilton", "requested_by": 1, "request_time": "2022-06-17T13:37:08.928Z"}}, {"model": "song_signup.groupsongrequest", "pk": 22, "fields": {"song_name": "The Schuyler Sisters", "musical": "Hamilton", "requested_by": 1, "request_time": "2022-06-17T13:38:41.731Z"}}, {"model": "song_signup.groupsongrequest", "pk": 23, "fields": {"song_name": "One Day More", "musical": "Les Mis", "requested_by": 1, "request_time": "2022-06-17T13:44:32.483Z"}}, {"model": "song_signup.groupsongrequest", "pk": 24, "fields": {"song_name": "Do You Hear the People Sing?", "musical": "Hamilton", "requested_by": 1, "request_time": "2022-06-17T13:45:15.461Z"}}, {"model": "song_signup.groupsongrequest", "pk": 25, "fields": {"song_name": "Deliver Us", "musical": "Prince of Egypt", "requested_by": 1, "request_time": "2022-06-17T13:49:31.846Z"}}, {"model": "song_signup.groupsongrequest", "pk": 26, "fields": {"song_name": "The Plagues", "musical": "Prince of Egypt", "requested_by": 1, "request_time": "2022-06-17T13:50:16.928Z"}}, {"model": "song_signup.groupsongrequest", "pk": 27, "fields": {"song_name": "Look Down", "musical": "Les Mis", "requested_by": 1, "request_time": "2022-06-17T13:50:58.353Z"}}, {"model": "song_signup.groupsongrequest", "pk": 28, "fields": {"song_name": "What Is This Feeling?", "musical": "Wicked", "requested_by": 1, "request_time": "2022-06-17T13:53:20.492Z"}}, {"model": "song_signup.groupsongrequest", "pk": 29, "fields": {"song_name": "The Wizard and I", "musical": "Wicked", "requested_by": 1, "request_time": "2022-06-17T13:54:46.478Z"}}, {"model": "song_signup.groupsongrequest", "pk": 30, "fields": {"song_name": "Popular", "musical": "Wicked", "requested_by": 1, "request_time": "2022-06-17T13:55:48.869Z"}}, {"model": "song_signup.groupsongrequest", "pk": 31, "fields": {"song_name": "All That Jazz", "musical": "Chicago", "requested_by": 1, "request_time": "2022-06-17T13:57:04.370Z"}}, {"model": "song_signup.groupsongrequest", "pk": 32, "fields": {"song_name": "Cell Block Tango", "musical": "Chicago", "requested_by": 1, "request_time": "2022-06-17T13:58:23.007Z"}}, {"model": "song_signup.groupsongrequest", "pk": 33, "fields": {"song_name": "When You're Good to Mama", "musical": "Chicago", "requested_by": 1, "request_time": "2022-06-17T13:59:51.091Z"}}, {"model": "song_signup.groupsongrequest", "pk": 34, "fields": {"song_name": "Both Reached For the Gun", "musical": "Chicago", "requested_by": 1, "request_time": "2022-06-17T14:05:29.837Z"}}, {"model": "song_signup.groupsongrequest", "pk": 35, "fields": {"song_name": "Sincerely Me", "musical": "Dear Evan Hanson", "requested_by": 1, "request_time": "2022-06-17T14:10:53.801Z"}}, {"model": "song_signup.groupsongrequest", "pk": 36, "fields": {"song_name": "Sucks To Be Me", "musical": "Avenue Q", "requested_by": 1, "request_time": "2022-06-17T14:11:17.396Z"}}, {"model": "song_signup.groupsongrequest", "pk": 37, "fields": {"song_name": "If You Were Gay", "musical": "Avenue Q", "requested_by": 1, "request_time": "2022-06-17T14:11:38.895Z"}}, {"model": "song_signup.groupsongrequest", "pk": 38, "fields": {"song_name": "The Internet Is For Porn", "musical": "Avenue Q", "requested_by": 1, "request_time": "2022-06-17T14:12:11.929Z"}}, {"model": "song_signup.groupsongrequest", "pk": 39, "fields": {"song_name": "Loud As The Hell You Want", "musical": "Avenue Q", "requested_by": 1, "request_time": "2022-06-17T14:12:29.749Z"}}, {"model": "song_signup.groupsongrequest", "pk": 40, "fields": {"song_name": "You Can't Stop the Beat", "musical": "Hairspray", "requested_by": 1, "request_time": "2022-06-17T14:14:41.863Z"}}, {"model": "song_signup.groupsongrequest", "pk": 41, "fields": {"song_name": "Welcome to the 60s", "musical": "Hairspray", "requested_by": 1, "request_time": "2022-06-17T14:17:30.697Z"}}, {"model": "song_signup.groupsongrequest", "pk": 42, "fields": {"song_name": "Good Morning Baltimore", "musical": "Hairspray", "requested_by": 1, "request_time": "2022-06-17T14:17:53.232Z"}}, {"model": "song_signup.groupsongrequest", "pk": 43, "fields": {"song_name": "The Nicest Kids In Town", "musical": "Hairspray", "requested_by": 1, "request_time": "2022-06-17T14:18:13.162Z"}}, {"model": "song_signup.groupsongrequest", "pk": 44, "fields": {"song_name": "Under the Sea", "musical": "The Little Mermaid", "requested_by": 1, "request_time": "2022-06-17T14:19:37.044Z"}}, {"model": "song_signup.groupsongrequest", "pk": 45, "fields": {"song_name": "Can't Wait To Be King", "musical": "The Lion King", "requested_by": 1, "request_time": "2022-06-17T14:20:02.739Z"}}, {"model": "song_signup.groupsongrequest", "pk": 46, "fields": {"song_name": "The Circle of Life", "musical": "The Lion King", "requested_by": 1, "request_time": "2022-06-17T14:23:02.864Z"}}, {"model": "song_signup.groupsongrequest", "pk": 47, "fields": {"song_name": "Hakuna Matata", "musical": "The Lion King", "requested_by": 1, "request_time": "2022-06-17T14:29:27.179Z"}}, {"model": "song_signup.groupsongrequest", "pk": 48, "fields": {"song_name": "Be Out Guest", "musical": "Beauty and the Beast", "requested_by": 1, "request_time": "2022-06-17T14:31:37.730Z"}}, {"model": "song_signup.groupsongrequest", "pk": 49, "fields": {"song_name": "Rent", "musical": "Rent", "requested_by": 1, "request_time": "2022-06-17T14:32:37.502Z"}}, {"model": "song_signup.groupsongrequest", "pk": 50, "fields": {"song_name": "La Vie Boheme", "musical": "Rent", "requested_by": 1, "request_time": "2022-06-17T14:34:49.614Z"}}, {"model": "song_signup.groupsongrequest", "pk": 51, "fields": {"song_name": "Yorktown", "musical": "Hamilton", "requested_by": 1, "request_time": "2022-06-17T15:01:05.602Z"}}, {"model": "song_signup.groupsongrequest", "pk": 61, "fields": {"song_name": "We don't talk about  Bruno", "musical": "Encanto", "requested_by": 1, "request_time": "2022-06-21T05:09:50.014Z"}}, {"model": "song_signup.groupsongrequest", "pk": 62, "fields": {"song_name": "Brotherhood of Man", "musical": "How to Succeed", "requested_by": 1, "request_time": "2022-06-21T05:10:11.449Z"}}, {"model": "song_signup.groupsongrequest", "pk": 63, "fields": {"song_name": "You Won't Succeed on Broadway", "musical": "Spamalot", "requested_by": 1, "request_time": "2022-06-21T05:11:02.119Z"}}, {"model": "song_signup.groupsongrequest", "pk": 64, "fields": {"song_name": "Let's Do the Time Warp Again", "musical": "The Rocky Horror Show", "requested_by": 71, "request_time": "2022-07-05T15:15:48.358Z"}}, {"model": "song_signup.groupsongrequest", "pk": 66, "fields": {"song_name": "Hello", "musical": "Book of Mormon", "requested_by": 71, "request_time": "2022-07-21T08:46:47.415Z"}}, {"model": "song_signup.groupsongrequest", "pk": 67, "fields": {"song_name": "My Shot", "musical": "Hamilton", "requested_by": 115, "request_time": "2022-07-21T16:51:01.888Z"}}, {"model": "song_signup.groupsongrequest", "pk": 68, "fields": {"song_name": "Louder Than Words", "musical": "Tick Tick Boom", "requested_by": 125, "request_time": "2022-07-21T17:04:14.418Z"}}, {"model": "song_signup.groupsongrequest", "pk": 69, "fields": {"song_name": "Beauty and the Beast", "musical": "Beauty and the Beast", "requested_by": 116, "request_time": "2022-07-21T17:08:16.513Z"}}, {"model": "song_signup.groupsongrequest", "pk": 70, "fields": {"song_name": "Boho Days", "musical": "Tick, Tick Boom!", "requested_by": 117, "request_time": "2022-07-21T17:09:40.325Z"}}, {"model": "song_signup.groupsongrequest", "pk": 71, "fields": {"song_name": "La Vi Boheme", "musical": "Rent", "requested_by": 127, "request_time": "2022-07-21T17:10:36.483Z"}}, {"model": "song_signup.songrequest", "pk": 8256, "fields": {"song_name": "  ", "musical": "   ", "request_time": "2022-07-21T16:09:33.928Z", "performance_time": "2022-07-21T16:31:17.185Z", "singer": 114, "duet_partner": null, "priority": 1, "position": null, "cycle": null, "placeholder": false, "additional_singers": []}}, {"model": "song_signup.songrequest", "pk": 8257, "fields": {"song_name": "Putting It Together", "musical": "Barbra", "request_time": "2022-07-21T16:13:03.189Z", "performance_time": "2022-07-21T16:35:53.114Z", "singer": 116, "duet_partner": null, "priority": 1, "position": null, "cycle": null, "placeholder": false, "additional_singers": []}}, {"model": "song_signup.songrequest", "pk": 8258, "fields": {"song_name": "Everything's Alright", "musical": "Jesus Christ", "request_time": "2022-07-21T16:14:59.256Z", "performance_time": "2022-07-21T16:55:04.413Z", "singer": 114, "duet_partner": 1, "priority": 2, "position": null, "cycle": null, "placeholder": false, "additional_singers": []}}, {"model": "song_signup.songrequest", "pk": 8259, "fields": {"song_name": "Welcome to Nowhere", "musical": "The Band's Visit", "request_time": "2022-07-21T16:23:28.903Z", "performance_time": "2022-07-21T16:39:10.952Z", "singer": 119, "duet_partner": null, "priority": 1, "position": null, "cycle": null, "placeholder": false, "additional_singers": []}}, {"model": "song_signup.songrequest", "pk": 8261, "fields": {"song_name": "  ", "musical": " ", "request_time": "2022-07-21T16:28:51.582Z", "performance_time": "2022-07-21T17:16:19.342Z", "singer": 119, "duet_partner": null, "priority": 2, "position": null, "cycle": null, "placeholder": false, "additional_singers": []}}, {"model": "song_signup.songrequest", "pk": 8262, "fields": {"song_name": "Right Hand Man", "musical": "Something Rotten", "request_time": "2022-07-21T16:29:23.866Z", "performance_time": "2022-07-21T18:41:15.038Z", "singer": 119, "duet_partner": 1, "priority": 3, "position": null, "cycle": null, "placeholder": false, "additional_singers": []}}, {"model": "song_signup.songrequest", "pk": 8263, "fields": {"song_name": "I Know Things Now", "musical": "Into the Woods", "request_time": "2022-07-21T16:33:04.381Z", "performance_time": "2022-07-21T16:40:06.061Z", "singer": 118, "duet_partner": null, "priority": 1, "position": null, "cycle": null, "placeholder": false, "additional_singers": []}}, {"model": "song_signup.songrequest", "pk": 8264, "fields": {"song_name": "Putting It Together", "musical": "Barbra Streisand", "request_time": "2022-07-21T16:36:14.625Z", "performance_time": "2022-07-21T17:01:57.386Z", "singer": 116, "duet_partner": null, "priority": 2, "position": null, "cycle": null, "placeholder": false, "additional_singers": []}}, {"model": "song_signup.songrequest", "pk": 8265, "fields": {"song_name": "30/90", "musical": "Tick, Tick Boom!", "request_time": "2022-07-21T16:36:19.735Z", "performance_time": "2022-07-21T16:47:52.345Z", "singer": 117, "duet_partner": null, "priority": 1, "position": null, "cycle": null, "placeholder": false, "additional_singers": []}}, {"model": "song_signup.songrequest", "pk": 8266, "fields": {"song_name": "If You Hadn't, but You Did", "musical": "Two on the Aisle", "request_time": "2022-07-21T16:41:22.382Z", "performance_time": "2022-07-21T18:09:17.206Z", "singer": 122, "duet_partner": null, "priority": 1, "position": null, "cycle": null, "placeholder": false, "additional_singers": []}}, {"model": "song_signup.songrequest", "pk": 8267, "fields": {"song_name": "Watch What Happens", "musical": "Newsies", "request_time": "2022-07-21T16:45:38.110Z", "performance_time": "2022-07-21T17:37:08.842Z", "singer": 126, "duet_partner": null, "priority": 1, "position": null, "cycle": null, "placeholder": false, "additional_singers": []}}, {"model": "song_signup.songrequest", "pk": 8268, "fields": {"song_name": "Feed Me", "musical": "Little Shop", "request_time": "2022-07-21T16:48:08.227Z", "performance_time": "2022-07-21T16:55:04.340Z", "singer": 120, "duet_partner": 122, "priority": 1, "position": null, "cycle": null, "placeholder": false, "additional_singers": []}}, {"model": "song_signup.songrequest", "pk": 8269, "fields": {"song_name": "I Can Hear the Bells", "musical": "Hairspray", "request_time": "2022-07-21T16:50:43.296Z", "performance_time": "2022-07-21T17:22:45.068Z", "singer": 125, "duet_partner": null, "priority": 1, "position": null, "cycle": null, "placeholder": false, "additional_singers": []}}, {"model": "song_signup.songrequest", "pk": 8271, "fields": {"song_name": "In My Own Little Corner", "musical": "Cinderella", "request_time": "2022-07-21T16:56:22.209Z", "performance_time": "2022-07-21T18:35:42.666Z", "singer": 130, "duet_partner": null, "priority": 1, "position": null, "cycle": null, "placeholder": false, "additional_singers": []}}, {"model": "song_signup.songrequest", "pk": 8272, "fields": {"song_name": "The Story of Lucy and Jessie", "musical": "Follies", "request_time": "2022-07-21T16:56:43.467Z", "performance_time": "2022-07-21T18:30:33.720Z", "singer": 131, "duet_partner": null, "priority": 1, "position": null, "cycle": null, "placeholder": false, "additional_singers": []}}, {"model": "song_signup.songrequest", "pk": 8273, "fields": {"song_name": "No Good Deed", "musical": "Wicked", "request_time": "2022-07-21T16:57:31.099Z", "performance_time": null, "singer": 130, "duet_partner": null, "priority": 2, "position": 4, "cycle": null, "placeholder": false, "additional_singers": []}}, {"model": "song_signup.songrequest", "pk": 8274, "fields": {"song_name": "Words Fail", "musical": "Dear Evan Hansen", "request_time": "2022-07-21T16:57:37.618Z", "performance_time": "2022-07-21T18:18:54.030Z", "singer": 129, "duet_partner": null, "priority": 1, "position": null, "cycle": null, "placeholder": false, "additional_singers": []}}, {"model": "song_signup.songrequest", "pk": 8275, "fields": {"song_name": "Boundaries", "musical": "A Strange Loop", "request_time": "2022-07-21T16:58:03.475Z", "performance_time": null, "singer": 131, "duet_partner": null, "priority": 2, "position": null, "cycle": null, "placeholder": false, "additional_singers": []}}, {"model": "song_signup.songrequest", "pk": 8276, "fields": {"song_name": "Summer in Ohio", "musical": "The Last Five Years", "request_time": "2022-07-21T16:59:15.689Z", "performance_time": "2022-07-21T17:25:27.873Z", "singer": 118, "duet_partner": null, "priority": 2, "position": null, "cycle": null, "placeholder": false, "additional_singers": []}}, {"model": "song_signup.songrequest", "pk": 8277, "fields": {"song_name": "You're Welcome", "musical": "Moana", "request_time": "2022-07-21T16:59:22.897Z", "performance_time": null, "singer": 129, "duet_partner": null, "priority": 2, "position": 3, "cycle": null, "placeholder": false, "additional_singers": []}}, {"model": "song_signup.songrequest", "pk": 8278, "fields": {"song_name": "Is This Home", "musical": "Beauty and the Beast", "request_time": "2022-07-21T17:00:13.375Z", "performance_time": "2022-07-21T17:57:16.557Z", "singer": 128, "duet_partner": null, "priority": 1, "position": null, "cycle": null, "placeholder": false, "additional_singers": []}}, {"model": "song_signup.songrequest", "pk": 8279, "fields": {"song_name": "We Both Reached for the Gun", "musical": "Chicago", "request_time": "2022-07-21T17:05:09.172Z", "performance_time": "2022-07-21T17:51:37.320Z", "singer": 127, "duet_partner": 115, "priority": 1, "position": null, "cycle": null, "placeholder": false, "additional_singers": []}}, {"model": "song_signup.songrequest", "pk": 8280, "fields": {"song_name": "How I Know You", "musical": "Aida", "request_time": "2022-07-21T17:07:00.491Z", "performance_time": null, "singer": 129, "duet_partner": 71, "priority": 3, "position": null, "cycle": null, "placeholder": false, "additional_singers": []}}, {"model": "song_signup.songrequest", "pk": 8281, "fields": {"song_name": "A Whole New World", "musical": "Aladdin", "request_time": "2022-07-21T17:10:17.949Z", "performance_time": "2022-07-21T18:36:22.532Z", "singer": 116, "duet_partner": null, "priority": 3, "position": null, "cycle": null, "placeholder": false, "additional_singers": []}}, {"model": "song_signup.songrequest", "pk": 8282, "fields": {"song_name": "Settle for Me", "musical": "Crazy Ex Girlfriend", "request_time": "2022-07-21T17:10:49.451Z", "performance_time": null, "singer": 129, "duet_partner": null, "priority": 4, "position": null, "cycle": null, "placeholder": false, "additional_singers": []}}, {"model": "song_signup.songrequest", "pk": 8283, "fields": {"song_name": "Enough", "musical": "In the Heights", "request_time": "2022-07-21T17:13:54.107Z", "performance_time": "2022-07-21T18:52:47.655Z", "singer": 125, "duet_partner": 71, "priority": 2, "position": null, "cycle": null, "placeholder": false, "additional_singers": []}}, {"model": "song_signup.songrequest", "pk": 8284, "fields": {"song_name": "Bring Him Home English/Hebrew", "musical": "Les Miserables", "request_time": "2022-07-21T17:15:37.884Z", "performance_time": "2022-07-21T17:31:28.513Z", "singer": 124, "duet_partner": 132, "priority": 1, "position": null, "cycle": null, "placeholder": false, "additional_singers": []}}, {"model": "song_signup.songrequest", "pk": 8285, "fields": {"song_name": "If I Were a Rich Man", "musical": "Fiddler", "request_time": "2022-07-21T17:18:23.531Z", "performance_time": "2022-07-21T18:02:45.548Z", "singer": 120, "duet_partner": null, "priority": 2, "position": null, "cycle": null, "placeholder": false, "additional_singers": []}}, {"model": "song_signup.songrequest", "pk": 8286, "fields": {"song_name": "Prologue", "musical": "Natasha, Pierre and the Great Comet of 1812", "request_time": "2022-07-21T17:19:21.945Z", "performance_time": null, "singer": 129, "duet_partner": null, "priority": 5, "position": null, "cycle": null, "placeholder": false, "additional_singers": []}}, {"model": "song_signup.songrequest", "pk": 8287, "fields": {"song_name": "Not Alone", "musical": "A Very Potter Musical", "request_time": "2022-07-21T17:22:33.767Z", "performance_time": "2022-07-21T19:26:50.308Z", "singer": 124, "duet_partner": 128, "priority": 2, "position": null, "cycle": null, "placeholder": false, "additional_singers": []}}, {"model": "song_signup.songrequest", "pk": 8288, "fields": {"song_name": "Waving Through a Window", "musical": "Dear Evan Hansen", "request_time": "2022-07-21T17:22:57.149Z", "performance_time": "2022-07-21T18:46:18.823Z", "singer": 133, "duet_partner": null, "priority": 1, "position": null, "cycle": null, "placeholder": false, "additional_singers": []}}, {"model": "song_signup.songrequest", "pk": 8289, "fields": {"song_name": "Satisfied", "musical": "Hamilton", "request_time": "2022-07-21T17:28:47.339Z", "performance_time": "2022-07-21T19:32:32.240Z", "singer": 126, "duet_partner": null, "priority": 2, "position": null, "cycle": null, "placeholder": false, "additional_singers": []}}, {"model": "song_signup.songrequest", "pk": 8290, "fields": {"song_name": "Just One Step", "musical": "Songs for a New World", "request_time": "2022-07-21T17:29:55.863Z", "performance_time": "2022-07-21T19:51:57.683Z", "singer": 119, "duet_partner": null, "priority": 4, "position": null, "cycle": null, "placeholder": false, "additional_singers": []}}, {"model": "song_signup.songrequest", "pk": 8291, "fields": {"song_name": "You're Welcome", "musical": "Heathers", "request_time": "2022-07-21T17:34:14.581Z", "performance_time": "2022-07-21T17:47:01.730Z", "singer": 121, "duet_partner": 117, "priority": 1, "position": null, "cycle": null, "placeholder": false, "additional_singers": []}}, {"model": "song_signup.songrequest", "pk": 8292, "fields": {"song_name": "I Didnt Plan It", "musical": "Waitress", "request_time": "2022-07-21T17:35:26.393Z", "performance_time": "2022-07-21T19:08:44.765Z", "singer": 134, "duet_partner": null, "priority": 1, "position": null, "cycle": null, "placeholder": false, "additional_singers": []}}, {"model": "song_signup.songrequest", "pk": 8293, "fields": {"song_name": "Wait for It", "musical": "Hamilton", "request_time": "2022-07-21T17:38:10.588Z", "performance_time": null, "singer": 133, "duet_partner": null, "priority": 2, "position": 5, "cycle": null, "placeholder": false, "additional_singers": []}}, {"model": "song_signup.songrequest", "pk": 8294, "fields": {"song_name": "All That Jazz", "musical": "Chicago", "request_time": "2022-07-21T17:45:33.816Z", "performance_time": null, "singer": 126, "duet_partner": null, "priority": 3, "position": 9, "cycle": null, "placeholder": false, "additional_singers": []}}, {"model": "song_signup.songrequest", "pk": 8295, "fields": {"song_name": "Bring Him Home", "musical": "Les Miserables", "request_time": "2022-07-21T17:46:28.827Z", "performance_time": null, "singer": 133, "duet_partner": null, "priority": 3, "position": null, "cycle": null, "placeholder": false, "additional_singers": []}}, {"model": "song_signup.songrequest", "pk": 8296, "fields": {"song_name": "Take Me or Leave Me", "musical": "Rent", "request_time": "2022-07-21T17:48:26.948Z", "performance_time": null, "singer": 134, "duet_partner": 118, "priority": 2, "position": 7, "cycle": null, "placeholder": false, "additional_singers": []}}, {"model": "song_signup.songrequest", "pk": 8297, "fields": {"song_name": "On My Own", "musical": "Les Misrables", "request_time": "2022-07-21T17:52:09.166Z", "performance_time": null, "singer": 126, "duet_partner": null, "priority": 4, "position": null, "cycle": null, "placeholder": false, "additional_singers": []}}, {"model": "song_signup.songrequest", "pk": 8298, "fields": {"song_name": "She Used to Be Mine (If Possible, Lower Register)", "musical": "Waitress", "request_time": "2022-07-21T17:55:36.342Z", "performance_time": "2022-07-21T19:12:40.233Z", "singer": 135, "duet_partner": null, "priority": 1, "position": null, "cycle": null, "placeholder": false, "additional_singers": []}}, {"model": "song_signup.songrequest", "pk": 8299, "fields": {"song_name": "Never Enough", "musical": "The Greatest Showman", "request_time": "2022-07-21T17:57:21.723Z", "performance_time": null, "singer": 126, "duet_partner": null, "priority": 5, "position": null, "cycle": null, "placeholder": false, "additional_singers": []}}, {"model": "song_signup.songrequest", "pk": 8300, "fields": {"song_name": "Home", "musical": "Beauty and the Beast", "request_time": "2022-07-21T17:57:53.103Z", "performance_time": null, "singer": 126, "duet_partner": null, "priority": 6, "position": null, "cycle": null, "placeholder": false, "additional_singers": []}}, {"model": "song_signup.songrequest", "pk": 8301, "fields": {"song_name": "Dancing Through Life", "musical": "Wicked", "request_time": "2022-07-21T18:04:59.378Z", "performance_time": null, "singer": 124, "duet_partner": null, "priority": 3, "position": 8, "cycle": null, "placeholder": false, "additional_singers": []}}, {"model": "song_signup.songrequest", "pk": 8303, "fields": {"song_name": "Boho Days", "musical": "Tick, Tick Boom!", "request_time": "2022-07-21T18:20:27.966Z", "performance_time": "2022-07-21T19:41:25.465Z", "singer": 117, "duet_partner": null, "priority": 2, "position": null, "cycle": null, "placeholder": false, "additional_singers": []}}, {"model": "song_signup.songrequest", "pk": 8305, "fields": {"song_name": "Be Prepared", "musical": "Lion King", "request_time": "2022-07-21T18:23:26.592Z", "performance_time": null, "singer": 120, "duet_partner": 1, "priority": 3, "position": 1, "cycle": null, "placeholder": false, "additional_singers": []}}, {"model": "song_signup.songrequest", "pk": 8306, "fields": {"song_name": "My New Philosophy", "musical": "You're a Good Man, Charlie Brown", "request_time": "2022-07-21T18:25:05.923Z", "performance_time": null, "singer": 122, "duet_partner": 131, "priority": 2, "position": 2, "cycle": null, "placeholder": false, "additional_singers": []}}, {"model": "song_signup.songrequest", "pk": 8307, "fields": {"song_name": "Road to Hell", "musical": "Hadestown", "request_time": "2022-07-21T18:26:29.580Z", "performance_time": null, "singer": 132, "duet_partner": 115, "priority": 1, "position": 10, "cycle": null, "placeholder": false, "additional_singers": []}}, {"model": "song_signup.songrequest", "pk": 8308, "fields": {"song_name": "Il'l Make a Man Out of You", "musical": "Mulan", "request_time": "2022-07-21T18:30:09.457Z", "performance_time": "2022-07-21T19:17:44.001Z", "singer": 136, "duet_partner": 132, "priority": 1, "position": null, "cycle": null, "placeholder": false, "additional_singers": []}}, {"model": "song_signup.songrequest", "pk": 8309, "fields": {"song_name": "Breathe", "musical": "In the Heights", "request_time": "2022-07-21T18:32:03.501Z", "performance_time": null, "singer": 126, "duet_partner": null, "priority": 7, "position": null, "cycle": null, "placeholder": false, "additional_singers": []}}, {"model": "song_signup.songrequest", "pk": 8310, "fields": {"song_name": "Take Me or Leave Ma", "musical": "Rent", "request_time": "2022-07-21T18:35:53.166Z", "performance_time": "2022-07-21T19:03:39.774Z", "singer": 118, "duet_partner": null, "priority": 3, "position": null, "cycle": null, "placeholder": false, "additional_singers": []}}, {"model": "song_signup.songrequest", "pk": 8312, "fields": {"song_name": "Marry the Man Today", "musical": "Guys & Dolls", "request_time": "2022-07-21T18:37:43.332Z", "performance_time": null, "singer": 131, "duet_partner": 122, "priority": 3, "position": null, "cycle": null, "placeholder": false, "additional_singers": []}}, {"model": "song_signup.songrequest", "pk": 8313, "fields": {"song_name": "As Long as You're Mine", "musical": "Wicked", "request_time": "2022-07-21T18:44:52.587Z", "performance_time": "2022-07-21T19:50:48.090Z", "singer": 115, "duet_partner": 118, "priority": 1, "position": null, "cycle": null, "placeholder": false, "additional_singers": []}}, {"model": "song_signup.songrequest", "pk": 8314, "fields": {"song_name": "Meant to Be Yours", "musical": "Heathers", "request_time": "2022-07-21T18:45:13.653Z", "performance_time": null, "singer": 119, "duet_partner": null, "priority": 5, "position": 11, "cycle": null, "placeholder": false, "additional_singers": []}}, {"model": "song_signup.songrequest", "pk": 8315, "fields": {"song_name": "Candy Store", "musical": "Heathers", "request_time": "2022-07-21T18:46:28.024Z", "performance_time": null, "singer": 126, "duet_partner": 118, "priority": 8, "position": null, "cycle": null, "placeholder": false, "additional_singers": []}}, {"model": "song_signup.songrequest", "pk": 8316, "fields": {"song_name": "Sincerely Me", "musical": "Dear Evan Hansen", "request_time": "2022-07-21T18:49:13.237Z", "performance_time": "2022-07-21T19:22:58.213Z", "singer": 138, "duet_partner": 135, "priority": 1, "position": null, "cycle": null, "placeholder": false, "additional_singers": []}}, {"model": "song_signup.songrequest", "pk": 8317, "fields": {"song_name": "Rent", "musical": "Rent", "request_time": "2022-07-21T18:55:03.452Z", "performance_time": "2022-07-21T19:47:12.259Z", "singer": 127, "duet_partner": 132, "priority": 2, "position": null, "cycle": null, "placeholder": false, "additional_singers": []}}, {"model": "song_signup.songrequest", "pk": 8318, "fields": {"song_name": "Enough 2", "musical": "In the Heights", "request_time": "2022-07-21T18:55:38.031Z", "performance_time": null, "singer": 125, "duet_partner": null, "priority": 3, "position": 6, "cycle": null, "placeholder": false, "additional_singers": []}}, {"model": "song_signup.songrequest", "pk": 8319, "fields": {"song_name": "What Baking Can Do", "musical": "Waitress", "request_time": "2022-07-21T18:59:20.756Z", "performance_time": "2022-07-21T19:37:10.470Z", "singer": 121, "duet_partner": null, "priority": 2, "position": null, "cycle": null, "placeholder": false, "additional_singers": []}}, {"model": "flags.flagstate", "pk": 1, "fields": {"name": "CAN_SIGNUP", "condition": "boolean", "value": "False", "required": false}}]