--
-- PostgreSQL database dump
--

-- Dumped from database version 12.12 (Ubuntu 12.12-0ubuntu0.20.04.1)
-- Dumped by pg_dump version 12.12 (Ubuntu 12.12-0ubuntu0.20.04.1)

SET statement_timeout = 0;
SET lock_timeout = 0;
SET idle_in_transaction_session_timeout = 0;
SET client_encoding = 'UTF8';
SET standard_conforming_strings = on;
SELECT pg_catalog.set_config('search_path', '', false);
SET check_function_bodies = false;
SET xmloption = content;
SET client_min_messages = warning;
SET row_security = off;

ALTER TABLE ONLY public.song_signup_songsuggestion DROP CONSTRAINT song_signup_songsugg_suggested_by_id_3bee0033_fk_song_sign;
ALTER TABLE ONLY public.song_signup_songrequest DROP CONSTRAINT song_signup_songrequ_suggested_by_id_c3767ba8_fk_song_sign;
ALTER TABLE ONLY public.song_signup_songrequest_additional_singers DROP CONSTRAINT song_signup_songrequ_songrequest_id_2e38e58b_fk_song_sign;
ALTER TABLE ONLY public.song_signup_songrequest DROP CONSTRAINT song_signup_songrequ_singer_id_d2a4ad82_fk_song_sign;
ALTER TABLE ONLY public.song_signup_songrequest_additional_singers DROP CONSTRAINT song_signup_songrequ_singer_id_a529a8f4_fk_song_sign;
ALTER TABLE ONLY public.song_signup_songrequest DROP CONSTRAINT song_signup_songrequ_duet_partner_id_5dad5c17_fk_song_sign;
ALTER TABLE ONLY public.song_signup_singer_user_permissions DROP CONSTRAINT song_signup_singer_u_singer_id_20ebc8cd_fk_song_sign;
ALTER TABLE ONLY public.song_signup_singer_user_permissions DROP CONSTRAINT song_signup_singer_u_permission_id_94d0d848_fk_auth_perm;
ALTER TABLE ONLY public.song_signup_singer_groups DROP CONSTRAINT song_signup_singer_groups_group_id_dd867d90_fk_auth_group_id;
ALTER TABLE ONLY public.song_signup_singer_groups DROP CONSTRAINT song_signup_singer_g_singer_id_2c98845b_fk_song_sign;
ALTER TABLE ONLY public.song_signup_groupsongrequest DROP CONSTRAINT song_signup_groupson_suggested_by_id_5d16a13a_fk_song_sign;
ALTER TABLE ONLY public.django_admin_log DROP CONSTRAINT django_admin_log_user_id_c564eba6_fk_song_signup_singer_id;
ALTER TABLE ONLY public.django_admin_log DROP CONSTRAINT django_admin_log_content_type_id_c4bce8eb_fk_django_co;
ALTER TABLE ONLY public.auth_permission DROP CONSTRAINT auth_permission_content_type_id_2f476e4b_fk_django_co;
ALTER TABLE ONLY public.auth_group_permissions DROP CONSTRAINT auth_group_permissions_group_id_b120cbf9_fk_auth_group_id;
ALTER TABLE ONLY public.auth_group_permissions DROP CONSTRAINT auth_group_permissio_permission_id_84c5c92e_fk_auth_perm;
DROP INDEX public.song_signup_songsuggestion_suggested_by_id_3bee0033;
DROP INDEX public.song_signup_songrequest_suggested_by_id_c3767ba8;
DROP INDEX public.song_signup_songrequest_singer_id_d2a4ad82;
DROP INDEX public.song_signup_songrequest_duet_partner_id_5dad5c17;
DROP INDEX public.song_signup_songrequest_additional_singers_singer_id_a529a8f4;
DROP INDEX public.song_signup_songrequest_ad_songrequest_id_2e38e58b;
DROP INDEX public.song_signup_singer_username_b362f1d1_like;
DROP INDEX public.song_signup_singer_user_permissions_singer_id_20ebc8cd;
DROP INDEX public.song_signup_singer_user_permissions_permission_id_94d0d848;
DROP INDEX public.song_signup_singer_groups_singer_id_2c98845b;
DROP INDEX public.song_signup_singer_groups_group_id_dd867d90;
DROP INDEX public.song_signup_groupsongrequest_requested_by_id_28ee6931;
DROP INDEX public.django_session_session_key_c0390e0f_like;
DROP INDEX public.django_session_expire_date_a5c62663;
DROP INDEX public.django_admin_log_user_id_c564eba6;
DROP INDEX public.django_admin_log_content_type_id_c4bce8eb;
DROP INDEX public.auth_permission_content_type_id_2f476e4b;
DROP INDEX public.auth_group_permissions_permission_id_84c5c92e;
DROP INDEX public.auth_group_permissions_group_id_b120cbf9;
DROP INDEX public.auth_group_name_a6ea08ec_like;
ALTER TABLE ONLY public.song_signup_songsuggestion DROP CONSTRAINT song_signup_songsuggestion_pkey;
ALTER TABLE ONLY public.song_signup_songrequest DROP CONSTRAINT song_signup_songrequest_song_name_musical_singer_d2c870a5_uniq;
ALTER TABLE ONLY public.song_signup_songrequest DROP CONSTRAINT song_signup_songrequest_pkey;
ALTER TABLE ONLY public.song_signup_songrequest_additional_singers DROP CONSTRAINT song_signup_songrequest_additional_singers_pkey;
ALTER TABLE ONLY public.song_signup_songrequest_additional_singers DROP CONSTRAINT song_signup_songrequest__songrequest_id_singer_id_1b295821_uniq;
ALTER TABLE ONLY public.song_signup_singer DROP CONSTRAINT song_signup_singer_username_key;
ALTER TABLE ONLY public.song_signup_singer_user_permissions DROP CONSTRAINT song_signup_singer_user_permissions_pkey;
ALTER TABLE ONLY public.song_signup_singer_user_permissions DROP CONSTRAINT song_signup_singer_user__singer_id_permission_id_d96a7da1_uniq;
ALTER TABLE ONLY public.song_signup_singer DROP CONSTRAINT song_signup_singer_pkey;
ALTER TABLE ONLY public.song_signup_singer_groups DROP CONSTRAINT song_signup_singer_groups_singer_id_group_id_0c2bce52_uniq;
ALTER TABLE ONLY public.song_signup_singer_groups DROP CONSTRAINT song_signup_singer_groups_pkey;
ALTER TABLE ONLY public.song_signup_groupsongrequest DROP CONSTRAINT song_signup_groupsongrequest_pkey;
ALTER TABLE ONLY public.flags_flagstate DROP CONSTRAINT flags_flagstate_pkey;
ALTER TABLE ONLY public.flags_flagstate DROP CONSTRAINT flags_flagstate_name_condition_value_4e81ec48_uniq;
ALTER TABLE ONLY public.django_session DROP CONSTRAINT django_session_pkey;
ALTER TABLE ONLY public.django_migrations DROP CONSTRAINT django_migrations_pkey;
ALTER TABLE ONLY public.django_content_type DROP CONSTRAINT django_content_type_pkey;
ALTER TABLE ONLY public.django_content_type DROP CONSTRAINT django_content_type_app_label_model_76bd3d3b_uniq;
ALTER TABLE ONLY public.django_admin_log DROP CONSTRAINT django_admin_log_pkey;
ALTER TABLE ONLY public.auth_permission DROP CONSTRAINT auth_permission_pkey;
ALTER TABLE ONLY public.auth_permission DROP CONSTRAINT auth_permission_content_type_id_codename_01ab375a_uniq;
ALTER TABLE ONLY public.auth_group DROP CONSTRAINT auth_group_pkey;
ALTER TABLE ONLY public.auth_group_permissions DROP CONSTRAINT auth_group_permissions_pkey;
ALTER TABLE ONLY public.auth_group_permissions DROP CONSTRAINT auth_group_permissions_group_id_permission_id_0cd325b0_uniq;
ALTER TABLE ONLY public.auth_group DROP CONSTRAINT auth_group_name_key;
ALTER TABLE public.song_signup_songsuggestion ALTER COLUMN id DROP DEFAULT;
ALTER TABLE public.song_signup_songrequest_additional_singers ALTER COLUMN id DROP DEFAULT;
ALTER TABLE public.song_signup_songrequest ALTER COLUMN id DROP DEFAULT;
ALTER TABLE public.song_signup_singer_user_permissions ALTER COLUMN id DROP DEFAULT;
ALTER TABLE public.song_signup_singer_groups ALTER COLUMN id DROP DEFAULT;
ALTER TABLE public.song_signup_singer ALTER COLUMN id DROP DEFAULT;
ALTER TABLE public.song_signup_groupsongrequest ALTER COLUMN id DROP DEFAULT;
ALTER TABLE public.flags_flagstate ALTER COLUMN id DROP DEFAULT;
ALTER TABLE public.django_migrations ALTER COLUMN id DROP DEFAULT;
ALTER TABLE public.django_content_type ALTER COLUMN id DROP DEFAULT;
ALTER TABLE public.django_admin_log ALTER COLUMN id DROP DEFAULT;
ALTER TABLE public.auth_permission ALTER COLUMN id DROP DEFAULT;
ALTER TABLE public.auth_group_permissions ALTER COLUMN id DROP DEFAULT;
ALTER TABLE public.auth_group ALTER COLUMN id DROP DEFAULT;
DROP SEQUENCE public.song_signup_songsuggestion_id_seq;
DROP TABLE public.song_signup_songsuggestion;
DROP SEQUENCE public.song_signup_songrequest_id_seq;
DROP SEQUENCE public.song_signup_songrequest_additional_singers_id_seq;
DROP TABLE public.song_signup_songrequest_additional_singers;
DROP TABLE public.song_signup_songrequest;
DROP SEQUENCE public.song_signup_singer_user_permissions_id_seq;
DROP TABLE public.song_signup_singer_user_permissions;
DROP SEQUENCE public.song_signup_singer_id_seq;
DROP SEQUENCE public.song_signup_singer_groups_id_seq;
DROP TABLE public.song_signup_singer_groups;
DROP TABLE public.song_signup_singer;
DROP SEQUENCE public.song_signup_groupsongrequest_id_seq;
DROP TABLE public.song_signup_groupsongrequest;
DROP SEQUENCE public.flags_flagstate_id_seq;
DROP TABLE public.flags_flagstate;
DROP TABLE public.django_session;
DROP SEQUENCE public.django_migrations_id_seq;
DROP TABLE public.django_migrations;
DROP SEQUENCE public.django_content_type_id_seq;
DROP TABLE public.django_content_type;
DROP SEQUENCE public.django_admin_log_id_seq;
DROP TABLE public.django_admin_log;
DROP SEQUENCE public.auth_permission_id_seq;
DROP TABLE public.auth_permission;
DROP SEQUENCE public.auth_group_permissions_id_seq;
DROP TABLE public.auth_group_permissions;
DROP SEQUENCE public.auth_group_id_seq;
DROP TABLE public.auth_group;
DROP EXTENSION citext;
--
-- Name: citext; Type: EXTENSION; Schema: -; Owner: -
--

CREATE EXTENSION IF NOT EXISTS citext WITH SCHEMA public;


--
-- Name: EXTENSION citext; Type: COMMENT; Schema: -; Owner: 
--

COMMENT ON EXTENSION citext IS 'data type for case-insensitive character strings';


SET default_tablespace = '';

SET default_table_access_method = heap;

--
-- Name: auth_group; Type: TABLE; Schema: public; Owner: twistdbadmin
--

CREATE TABLE public.auth_group (
    id integer NOT NULL,
    name character varying(150) NOT NULL
);


ALTER TABLE public.auth_group OWNER TO twistdbadmin;

--
-- Name: auth_group_id_seq; Type: SEQUENCE; Schema: public; Owner: twistdbadmin
--

CREATE SEQUENCE public.auth_group_id_seq
    AS integer
    START WITH 1
    INCREMENT BY 1
    NO MINVALUE
    NO MAXVALUE
    CACHE 1;


ALTER TABLE public.auth_group_id_seq OWNER TO twistdbadmin;

--
-- Name: auth_group_id_seq; Type: SEQUENCE OWNED BY; Schema: public; Owner: twistdbadmin
--

ALTER SEQUENCE public.auth_group_id_seq OWNED BY public.auth_group.id;


--
-- Name: auth_group_permissions; Type: TABLE; Schema: public; Owner: twistdbadmin
--

CREATE TABLE public.auth_group_permissions (
    id integer NOT NULL,
    group_id integer NOT NULL,
    permission_id integer NOT NULL
);


ALTER TABLE public.auth_group_permissions OWNER TO twistdbadmin;

--
-- Name: auth_group_permissions_id_seq; Type: SEQUENCE; Schema: public; Owner: twistdbadmin
--

CREATE SEQUENCE public.auth_group_permissions_id_seq
    AS integer
    START WITH 1
    INCREMENT BY 1
    NO MINVALUE
    NO MAXVALUE
    CACHE 1;


ALTER TABLE public.auth_group_permissions_id_seq OWNER TO twistdbadmin;

--
-- Name: auth_group_permissions_id_seq; Type: SEQUENCE OWNED BY; Schema: public; Owner: twistdbadmin
--

ALTER SEQUENCE public.auth_group_permissions_id_seq OWNED BY public.auth_group_permissions.id;


--
-- Name: auth_permission; Type: TABLE; Schema: public; Owner: twistdbadmin
--

CREATE TABLE public.auth_permission (
    id integer NOT NULL,
    name character varying(255) NOT NULL,
    content_type_id integer NOT NULL,
    codename character varying(100) NOT NULL
);


ALTER TABLE public.auth_permission OWNER TO twistdbadmin;

--
-- Name: auth_permission_id_seq; Type: SEQUENCE; Schema: public; Owner: twistdbadmin
--

CREATE SEQUENCE public.auth_permission_id_seq
    AS integer
    START WITH 1
    INCREMENT BY 1
    NO MINVALUE
    NO MAXVALUE
    CACHE 1;


ALTER TABLE public.auth_permission_id_seq OWNER TO twistdbadmin;

--
-- Name: auth_permission_id_seq; Type: SEQUENCE OWNED BY; Schema: public; Owner: twistdbadmin
--

ALTER SEQUENCE public.auth_permission_id_seq OWNED BY public.auth_permission.id;


--
-- Name: django_admin_log; Type: TABLE; Schema: public; Owner: twistdbadmin
--

CREATE TABLE public.django_admin_log (
    id integer NOT NULL,
    action_time timestamp with time zone NOT NULL,
    object_id text,
    object_repr character varying(200) NOT NULL,
    action_flag smallint NOT NULL,
    change_message text NOT NULL,
    content_type_id integer,
    user_id integer NOT NULL,
    CONSTRAINT django_admin_log_action_flag_check CHECK ((action_flag >= 0))
);


ALTER TABLE public.django_admin_log OWNER TO twistdbadmin;

--
-- Name: django_admin_log_id_seq; Type: SEQUENCE; Schema: public; Owner: twistdbadmin
--

CREATE SEQUENCE public.django_admin_log_id_seq
    AS integer
    START WITH 1
    INCREMENT BY 1
    NO MINVALUE
    NO MAXVALUE
    CACHE 1;


ALTER TABLE public.django_admin_log_id_seq OWNER TO twistdbadmin;

--
-- Name: django_admin_log_id_seq; Type: SEQUENCE OWNED BY; Schema: public; Owner: twistdbadmin
--

ALTER SEQUENCE public.django_admin_log_id_seq OWNED BY public.django_admin_log.id;


--
-- Name: django_content_type; Type: TABLE; Schema: public; Owner: twistdbadmin
--

CREATE TABLE public.django_content_type (
    id integer NOT NULL,
    app_label character varying(100) NOT NULL,
    model character varying(100) NOT NULL
);


ALTER TABLE public.django_content_type OWNER TO twistdbadmin;

--
-- Name: django_content_type_id_seq; Type: SEQUENCE; Schema: public; Owner: twistdbadmin
--

CREATE SEQUENCE public.django_content_type_id_seq
    AS integer
    START WITH 1
    INCREMENT BY 1
    NO MINVALUE
    NO MAXVALUE
    CACHE 1;


ALTER TABLE public.django_content_type_id_seq OWNER TO twistdbadmin;

--
-- Name: django_content_type_id_seq; Type: SEQUENCE OWNED BY; Schema: public; Owner: twistdbadmin
--

ALTER SEQUENCE public.django_content_type_id_seq OWNED BY public.django_content_type.id;


--
-- Name: django_migrations; Type: TABLE; Schema: public; Owner: twistdbadmin
--

CREATE TABLE public.django_migrations (
    id integer NOT NULL,
    app character varying(255) NOT NULL,
    name character varying(255) NOT NULL,
    applied timestamp with time zone NOT NULL
);


ALTER TABLE public.django_migrations OWNER TO twistdbadmin;

--
-- Name: django_migrations_id_seq; Type: SEQUENCE; Schema: public; Owner: twistdbadmin
--

CREATE SEQUENCE public.django_migrations_id_seq
    AS integer
    START WITH 1
    INCREMENT BY 1
    NO MINVALUE
    NO MAXVALUE
    CACHE 1;


ALTER TABLE public.django_migrations_id_seq OWNER TO twistdbadmin;

--
-- Name: django_migrations_id_seq; Type: SEQUENCE OWNED BY; Schema: public; Owner: twistdbadmin
--

ALTER SEQUENCE public.django_migrations_id_seq OWNED BY public.django_migrations.id;


--
-- Name: django_session; Type: TABLE; Schema: public; Owner: twistdbadmin
--

CREATE TABLE public.django_session (
    session_key character varying(40) NOT NULL,
    session_data text NOT NULL,
    expire_date timestamp with time zone NOT NULL
);


ALTER TABLE public.django_session OWNER TO twistdbadmin;

--
-- Name: flags_flagstate; Type: TABLE; Schema: public; Owner: twistdbadmin
--

CREATE TABLE public.flags_flagstate (
    id integer NOT NULL,
    name character varying(64) NOT NULL,
    condition character varying(64) NOT NULL,
    value character varying(127) NOT NULL,
    required boolean NOT NULL
);


ALTER TABLE public.flags_flagstate OWNER TO twistdbadmin;

--
-- Name: flags_flagstate_id_seq; Type: SEQUENCE; Schema: public; Owner: twistdbadmin
--

CREATE SEQUENCE public.flags_flagstate_id_seq
    AS integer
    START WITH 1
    INCREMENT BY 1
    NO MINVALUE
    NO MAXVALUE
    CACHE 1;


ALTER TABLE public.flags_flagstate_id_seq OWNER TO twistdbadmin;

--
-- Name: flags_flagstate_id_seq; Type: SEQUENCE OWNED BY; Schema: public; Owner: twistdbadmin
--

ALTER SEQUENCE public.flags_flagstate_id_seq OWNED BY public.flags_flagstate.id;


--
-- Name: song_signup_groupsongrequest; Type: TABLE; Schema: public; Owner: twistdbadmin
--

CREATE TABLE public.song_signup_groupsongrequest (
    id integer NOT NULL,
    song_name public.citext NOT NULL,
    musical public.citext NOT NULL,
    request_time timestamp with time zone NOT NULL,
    suggested_by_id integer NOT NULL
);


ALTER TABLE public.song_signup_groupsongrequest OWNER TO twistdbadmin;

--
-- Name: song_signup_groupsongrequest_id_seq; Type: SEQUENCE; Schema: public; Owner: twistdbadmin
--

CREATE SEQUENCE public.song_signup_groupsongrequest_id_seq
    AS integer
    START WITH 1
    INCREMENT BY 1
    NO MINVALUE
    NO MAXVALUE
    CACHE 1;


ALTER TABLE public.song_signup_groupsongrequest_id_seq OWNER TO twistdbadmin;

--
-- Name: song_signup_groupsongrequest_id_seq; Type: SEQUENCE OWNED BY; Schema: public; Owner: twistdbadmin
--

ALTER SEQUENCE public.song_signup_groupsongrequest_id_seq OWNED BY public.song_signup_groupsongrequest.id;


--
-- Name: song_signup_singer; Type: TABLE; Schema: public; Owner: twistdbadmin
--

CREATE TABLE public.song_signup_singer (
    id integer NOT NULL,
    password character varying(128) NOT NULL,
    last_login timestamp with time zone,
    is_superuser boolean NOT NULL,
    username character varying(150) NOT NULL,
    first_name character varying(150) NOT NULL,
    last_name character varying(150) NOT NULL,
    email character varying(254) NOT NULL,
    is_staff boolean NOT NULL,
    is_active boolean NOT NULL,
    date_joined timestamp with time zone NOT NULL,
    cy1_position integer,
    no_image_upload boolean NOT NULL,
    cy2_position integer,
    cy3_position integer,
    lscy_position integer,
    placeholder boolean NOT NULL
);


ALTER TABLE public.song_signup_singer OWNER TO twistdbadmin;

--
-- Name: song_signup_singer_groups; Type: TABLE; Schema: public; Owner: twistdbadmin
--

CREATE TABLE public.song_signup_singer_groups (
    id integer NOT NULL,
    singer_id integer NOT NULL,
    group_id integer NOT NULL
);


ALTER TABLE public.song_signup_singer_groups OWNER TO twistdbadmin;

--
-- Name: song_signup_singer_groups_id_seq; Type: SEQUENCE; Schema: public; Owner: twistdbadmin
--

CREATE SEQUENCE public.song_signup_singer_groups_id_seq
    AS integer
    START WITH 1
    INCREMENT BY 1
    NO MINVALUE
    NO MAXVALUE
    CACHE 1;


ALTER TABLE public.song_signup_singer_groups_id_seq OWNER TO twistdbadmin;

--
-- Name: song_signup_singer_groups_id_seq; Type: SEQUENCE OWNED BY; Schema: public; Owner: twistdbadmin
--

ALTER SEQUENCE public.song_signup_singer_groups_id_seq OWNED BY public.song_signup_singer_groups.id;


--
-- Name: song_signup_singer_id_seq; Type: SEQUENCE; Schema: public; Owner: twistdbadmin
--

CREATE SEQUENCE public.song_signup_singer_id_seq
    AS integer
    START WITH 1
    INCREMENT BY 1
    NO MINVALUE
    NO MAXVALUE
    CACHE 1;


ALTER TABLE public.song_signup_singer_id_seq OWNER TO twistdbadmin;

--
-- Name: song_signup_singer_id_seq; Type: SEQUENCE OWNED BY; Schema: public; Owner: twistdbadmin
--

ALTER SEQUENCE public.song_signup_singer_id_seq OWNED BY public.song_signup_singer.id;


--
-- Name: song_signup_singer_user_permissions; Type: TABLE; Schema: public; Owner: twistdbadmin
--

CREATE TABLE public.song_signup_singer_user_permissions (
    id integer NOT NULL,
    singer_id integer NOT NULL,
    permission_id integer NOT NULL
);


ALTER TABLE public.song_signup_singer_user_permissions OWNER TO twistdbadmin;

--
-- Name: song_signup_singer_user_permissions_id_seq; Type: SEQUENCE; Schema: public; Owner: twistdbadmin
--

CREATE SEQUENCE public.song_signup_singer_user_permissions_id_seq
    AS integer
    START WITH 1
    INCREMENT BY 1
    NO MINVALUE
    NO MAXVALUE
    CACHE 1;


ALTER TABLE public.song_signup_singer_user_permissions_id_seq OWNER TO twistdbadmin;

--
-- Name: song_signup_singer_user_permissions_id_seq; Type: SEQUENCE OWNED BY; Schema: public; Owner: twistdbadmin
--

ALTER SEQUENCE public.song_signup_singer_user_permissions_id_seq OWNED BY public.song_signup_singer_user_permissions.id;


--
-- Name: song_signup_songrequest; Type: TABLE; Schema: public; Owner: twistdbadmin
--

CREATE TABLE public.song_signup_songrequest (
    id integer NOT NULL,
    song_name public.citext NOT NULL,
    musical public.citext NOT NULL,
    request_time timestamp with time zone NOT NULL,
    performance_time timestamp with time zone,
    singer_id integer,
    priority integer,
    "position" integer,
    duet_partner_id integer,
    cycle double precision,
    placeholder boolean NOT NULL,
    notes public.citext,
    suggested_by_id integer
);


ALTER TABLE public.song_signup_songrequest OWNER TO twistdbadmin;

--
-- Name: song_signup_songrequest_additional_singers; Type: TABLE; Schema: public; Owner: twistdbadmin
--

CREATE TABLE public.song_signup_songrequest_additional_singers (
    id integer NOT NULL,
    songrequest_id integer NOT NULL,
    singer_id integer NOT NULL
);


ALTER TABLE public.song_signup_songrequest_additional_singers OWNER TO twistdbadmin;

--
-- Name: song_signup_songrequest_additional_singers_id_seq; Type: SEQUENCE; Schema: public; Owner: twistdbadmin
--

CREATE SEQUENCE public.song_signup_songrequest_additional_singers_id_seq
    AS integer
    START WITH 1
    INCREMENT BY 1
    NO MINVALUE
    NO MAXVALUE
    CACHE 1;


ALTER TABLE public.song_signup_songrequest_additional_singers_id_seq OWNER TO twistdbadmin;

--
-- Name: song_signup_songrequest_additional_singers_id_seq; Type: SEQUENCE OWNED BY; Schema: public; Owner: twistdbadmin
--

ALTER SEQUENCE public.song_signup_songrequest_additional_singers_id_seq OWNED BY public.song_signup_songrequest_additional_singers.id;


--
-- Name: song_signup_songrequest_id_seq; Type: SEQUENCE; Schema: public; Owner: twistdbadmin
--

CREATE SEQUENCE public.song_signup_songrequest_id_seq
    AS integer
    START WITH 1
    INCREMENT BY 1
    NO MINVALUE
    NO MAXVALUE
    CACHE 1;


ALTER TABLE public.song_signup_songrequest_id_seq OWNER TO twistdbadmin;

--
-- Name: song_signup_songrequest_id_seq; Type: SEQUENCE OWNED BY; Schema: public; Owner: twistdbadmin
--

ALTER SEQUENCE public.song_signup_songrequest_id_seq OWNED BY public.song_signup_songrequest.id;


--
-- Name: song_signup_songsuggestion; Type: TABLE; Schema: public; Owner: twistdbadmin
--

CREATE TABLE public.song_signup_songsuggestion (
    id integer NOT NULL,
    song_name public.citext NOT NULL,
    musical public.citext NOT NULL,
    request_time timestamp with time zone NOT NULL,
    is_used boolean NOT NULL,
    suggested_by_id integer NOT NULL
);


ALTER TABLE public.song_signup_songsuggestion OWNER TO twistdbadmin;

--
-- Name: song_signup_songsuggestion_id_seq; Type: SEQUENCE; Schema: public; Owner: twistdbadmin
--

CREATE SEQUENCE public.song_signup_songsuggestion_id_seq
    AS integer
    START WITH 1
    INCREMENT BY 1
    NO MINVALUE
    NO MAXVALUE
    CACHE 1;


ALTER TABLE public.song_signup_songsuggestion_id_seq OWNER TO twistdbadmin;

--
-- Name: song_signup_songsuggestion_id_seq; Type: SEQUENCE OWNED BY; Schema: public; Owner: twistdbadmin
--

ALTER SEQUENCE public.song_signup_songsuggestion_id_seq OWNED BY public.song_signup_songsuggestion.id;


--
-- Name: auth_group id; Type: DEFAULT; Schema: public; Owner: twistdbadmin
--

ALTER TABLE ONLY public.auth_group ALTER COLUMN id SET DEFAULT nextval('public.auth_group_id_seq'::regclass);


--
-- Name: auth_group_permissions id; Type: DEFAULT; Schema: public; Owner: twistdbadmin
--

ALTER TABLE ONLY public.auth_group_permissions ALTER COLUMN id SET DEFAULT nextval('public.auth_group_permissions_id_seq'::regclass);


--
-- Name: auth_permission id; Type: DEFAULT; Schema: public; Owner: twistdbadmin
--

ALTER TABLE ONLY public.auth_permission ALTER COLUMN id SET DEFAULT nextval('public.auth_permission_id_seq'::regclass);


--
-- Name: django_admin_log id; Type: DEFAULT; Schema: public; Owner: twistdbadmin
--

ALTER TABLE ONLY public.django_admin_log ALTER COLUMN id SET DEFAULT nextval('public.django_admin_log_id_seq'::regclass);


--
-- Name: django_content_type id; Type: DEFAULT; Schema: public; Owner: twistdbadmin
--

ALTER TABLE ONLY public.django_content_type ALTER COLUMN id SET DEFAULT nextval('public.django_content_type_id_seq'::regclass);


--
-- Name: django_migrations id; Type: DEFAULT; Schema: public; Owner: twistdbadmin
--

ALTER TABLE ONLY public.django_migrations ALTER COLUMN id SET DEFAULT nextval('public.django_migrations_id_seq'::regclass);


--
-- Name: flags_flagstate id; Type: DEFAULT; Schema: public; Owner: twistdbadmin
--

ALTER TABLE ONLY public.flags_flagstate ALTER COLUMN id SET DEFAULT nextval('public.flags_flagstate_id_seq'::regclass);


--
-- Name: song_signup_groupsongrequest id; Type: DEFAULT; Schema: public; Owner: twistdbadmin
--

ALTER TABLE ONLY public.song_signup_groupsongrequest ALTER COLUMN id SET DEFAULT nextval('public.song_signup_groupsongrequest_id_seq'::regclass);


--
-- Name: song_signup_singer id; Type: DEFAULT; Schema: public; Owner: twistdbadmin
--

ALTER TABLE ONLY public.song_signup_singer ALTER COLUMN id SET DEFAULT nextval('public.song_signup_singer_id_seq'::regclass);


--
-- Name: song_signup_singer_groups id; Type: DEFAULT; Schema: public; Owner: twistdbadmin
--

ALTER TABLE ONLY public.song_signup_singer_groups ALTER COLUMN id SET DEFAULT nextval('public.song_signup_singer_groups_id_seq'::regclass);


--
-- Name: song_signup_singer_user_permissions id; Type: DEFAULT; Schema: public; Owner: twistdbadmin
--

ALTER TABLE ONLY public.song_signup_singer_user_permissions ALTER COLUMN id SET DEFAULT nextval('public.song_signup_singer_user_permissions_id_seq'::regclass);


--
-- Name: song_signup_songrequest id; Type: DEFAULT; Schema: public; Owner: twistdbadmin
--

ALTER TABLE ONLY public.song_signup_songrequest ALTER COLUMN id SET DEFAULT nextval('public.song_signup_songrequest_id_seq'::regclass);


--
-- Name: song_signup_songrequest_additional_singers id; Type: DEFAULT; Schema: public; Owner: twistdbadmin
--

ALTER TABLE ONLY public.song_signup_songrequest_additional_singers ALTER COLUMN id SET DEFAULT nextval('public.song_signup_songrequest_additional_singers_id_seq'::regclass);


--
-- Name: song_signup_songsuggestion id; Type: DEFAULT; Schema: public; Owner: twistdbadmin
--

ALTER TABLE ONLY public.song_signup_songsuggestion ALTER COLUMN id SET DEFAULT nextval('public.song_signup_songsuggestion_id_seq'::regclass);


--
-- Data for Name: auth_group; Type: TABLE DATA; Schema: public; Owner: twistdbadmin
--

COPY public.auth_group (id, name) FROM stdin;
1	singers
\.


--
-- Data for Name: auth_group_permissions; Type: TABLE DATA; Schema: public; Owner: twistdbadmin
--

COPY public.auth_group_permissions (id, group_id, permission_id) FROM stdin;
2	1	32
\.


--
-- Data for Name: auth_permission; Type: TABLE DATA; Schema: public; Owner: twistdbadmin
--

COPY public.auth_permission (id, name, content_type_id, codename) FROM stdin;
1	Can add log entry	1	add_logentry
2	Can change log entry	1	change_logentry
3	Can delete log entry	1	delete_logentry
4	Can view log entry	1	view_logentry
5	Can add permission	2	add_permission
6	Can change permission	2	change_permission
7	Can delete permission	2	delete_permission
8	Can view permission	2	view_permission
9	Can add group	3	add_group
10	Can change group	3	change_group
11	Can delete group	3	delete_group
12	Can view group	3	view_group
13	Can add content type	4	add_contenttype
14	Can change content type	4	change_contenttype
15	Can delete content type	4	delete_contenttype
16	Can view content type	4	view_contenttype
17	Can add session	5	add_session
18	Can change session	5	change_session
19	Can delete session	5	delete_session
20	Can view session	5	view_session
21	Can add Singer	6	add_singer
22	Can change Singer	6	change_singer
23	Can delete Singer	6	delete_singer
24	Can view Singer	6	view_singer
25	Can add group song request	7	add_groupsongrequest
26	Can change group song request	7	change_groupsongrequest
27	Can delete group song request	7	delete_groupsongrequest
28	Can view group song request	7	view_groupsongrequest
29	Can add song request	8	add_songrequest
30	Can change song request	8	change_songrequest
31	Can delete song request	8	delete_songrequest
32	Can view song request	8	view_songrequest
33	Can add flag state	9	add_flagstate
34	Can change flag state	9	change_flagstate
35	Can delete flag state	9	delete_flagstate
36	Can view flag state	9	view_flagstate
37	Can add song suggestion	10	add_songsuggestion
38	Can change song suggestion	10	change_songsuggestion
39	Can delete song suggestion	10	delete_songsuggestion
40	Can view song suggestion	10	view_songsuggestion
\.


--
-- Data for Name: django_admin_log; Type: TABLE DATA; Schema: public; Owner: twistdbadmin
--

COPY public.django_admin_log (id, action_time, object_id, object_repr, action_flag, change_message, content_type_id, user_id) FROM stdin;
1	2022-06-02 13:33:06.948665+00	2	Shani Wahrman	1	[{"added": {}}]	6	1
2	2022-06-02 13:35:26.661644+00	3	Uriel Rosenzweig	1	[{"added": {}}]	6	1
3	2022-06-02 13:36:43.865423+00	1	Alon Aviv	2	[{"changed": {"fields": ["First name", "Last name"]}}]	6	1
4	2022-06-02 13:37:20.341053+00	1	singers	1	[{"added": {}}]	3	1
5	2022-06-02 15:48:27.761363+00	1	singers	2	[{"changed": {"fields": ["Permissions"]}}]	3	1
6	2022-06-02 16:37:05.427818+00	2	Shani Wahrman	2	[{"changed": {"fields": ["Password"]}}]	6	1
7	2022-06-02 17:24:15.477964+00	2	GroupSongRequest object (2)	3		7	1
8	2022-06-02 18:53:02.174231+00	6	GroupSongRequest object (6)	3		7	1
9	2022-06-02 18:53:11.123124+00	9	GroupSongRequest object (9)	3		7	1
10	2022-06-02 18:53:11.125586+00	10	GroupSongRequest object (10)	3		7	1
11	2022-06-17 13:19:26.564721+00	3	GroupSongRequest object (3)	3		7	1
12	2022-06-17 13:19:36.000364+00	12	GroupSongRequest object (12)	3		7	1
13	2022-06-17 13:19:36.002877+00	7	GroupSongRequest object (7)	3		7	1
14	2022-06-17 13:19:36.004533+00	11	GroupSongRequest object (11)	3		7	1
15	2022-06-17 13:19:36.006186+00	4	GroupSongRequest object (4)	3		7	1
16	2022-06-17 13:19:36.007569+00	8	GroupSongRequest object (8)	3		7	1
17	2022-06-17 13:19:36.00897+00	5	GroupSongRequest object (5)	3		7	1
18	2022-06-17 13:23:13.658782+00	13	GroupSongRequest object (13)	1	[{"added": {}}]	7	1
19	2022-06-17 13:23:37.171737+00	14	GroupSongRequest object (14)	1	[{"added": {}}]	7	1
20	2022-06-17 13:23:55.526342+00	15	GroupSongRequest object (15)	1	[{"added": {}}]	7	1
21	2022-06-17 13:24:08.638299+00	16	GroupSongRequest object (16)	1	[{"added": {}}]	7	1
22	2022-06-17 13:36:17.5688+00	17	GroupSongRequest object (17)	1	[{"added": {}}]	7	1
23	2022-06-17 13:36:32.238818+00	18	GroupSongRequest object (18)	1	[{"added": {}}]	7	1
24	2022-06-17 13:36:32.252686+00	19	GroupSongRequest object (19)	1	[{"added": {}}]	7	1
25	2022-06-17 13:36:32.750753+00	20	GroupSongRequest object (20)	1	[{"added": {}}]	7	1
26	2022-06-17 13:36:50.065128+00	18	GroupSongRequest object (18)	3		7	1
27	2022-06-17 13:36:50.067227+00	19	GroupSongRequest object (19)	3		7	1
28	2022-06-17 13:36:50.068888+00	20	GroupSongRequest object (20)	3		7	1
29	2022-06-17 13:37:08.92937+00	21	GroupSongRequest object (21)	1	[{"added": {}}]	7	1
30	2022-06-17 13:38:41.732489+00	22	GroupSongRequest object (22)	1	[{"added": {}}]	7	1
31	2022-06-17 13:44:32.484292+00	23	GroupSongRequest object (23)	1	[{"added": {}}]	7	1
32	2022-06-17 13:45:15.462694+00	24	GroupSongRequest object (24)	1	[{"added": {}}]	7	1
33	2022-06-17 13:49:31.847336+00	25	GroupSongRequest object (25)	1	[{"added": {}}]	7	1
34	2022-06-17 13:50:16.929426+00	26	GroupSongRequest object (26)	1	[{"added": {}}]	7	1
35	2022-06-17 13:50:58.354784+00	27	GroupSongRequest object (27)	1	[{"added": {}}]	7	1
36	2022-06-17 13:53:20.493506+00	28	GroupSongRequest object (28)	1	[{"added": {}}]	7	1
37	2022-06-17 13:54:46.47928+00	29	GroupSongRequest object (29)	1	[{"added": {}}]	7	1
38	2022-06-17 13:55:48.870402+00	30	GroupSongRequest object (30)	1	[{"added": {}}]	7	1
39	2022-06-17 13:57:04.371802+00	31	GroupSongRequest object (31)	1	[{"added": {}}]	7	1
40	2022-06-17 13:58:23.008663+00	32	GroupSongRequest object (32)	1	[{"added": {}}]	7	1
41	2022-06-17 13:59:51.091839+00	33	GroupSongRequest object (33)	1	[{"added": {}}]	7	1
42	2022-06-17 14:05:29.838155+00	34	GroupSongRequest object (34)	1	[{"added": {}}]	7	1
43	2022-06-17 14:10:53.802272+00	35	GroupSongRequest object (35)	1	[{"added": {}}]	7	1
44	2022-06-17 14:11:17.397138+00	36	GroupSongRequest object (36)	1	[{"added": {}}]	7	1
45	2022-06-17 14:11:38.896652+00	37	GroupSongRequest object (37)	1	[{"added": {}}]	7	1
46	2022-06-17 14:12:11.93008+00	38	GroupSongRequest object (38)	1	[{"added": {}}]	7	1
47	2022-06-17 14:12:29.75011+00	39	GroupSongRequest object (39)	1	[{"added": {}}]	7	1
48	2022-06-17 14:13:06.444135+00	39	GroupSongRequest object (39)	2	[{"changed": {"fields": ["Song name"]}}]	7	1
49	2022-06-17 14:14:41.864179+00	40	GroupSongRequest object (40)	1	[{"added": {}}]	7	1
50	2022-06-17 14:17:30.698327+00	41	GroupSongRequest object (41)	1	[{"added": {}}]	7	1
51	2022-06-17 14:17:53.233771+00	42	GroupSongRequest object (42)	1	[{"added": {}}]	7	1
52	2022-06-17 14:18:13.163693+00	43	GroupSongRequest object (43)	1	[{"added": {}}]	7	1
53	2022-06-17 14:19:37.045161+00	44	GroupSongRequest object (44)	1	[{"added": {}}]	7	1
54	2022-06-17 14:20:02.740349+00	45	GroupSongRequest object (45)	1	[{"added": {}}]	7	1
55	2022-06-17 14:23:02.864933+00	46	GroupSongRequest object (46)	1	[{"added": {}}]	7	1
56	2022-06-17 14:29:27.180429+00	47	GroupSongRequest object (47)	1	[{"added": {}}]	7	1
57	2022-06-17 14:31:37.731248+00	48	GroupSongRequest object (48)	1	[{"added": {}}]	7	1
58	2022-06-17 14:32:37.502971+00	49	GroupSongRequest object (49)	1	[{"added": {}}]	7	1
59	2022-06-17 14:34:49.615318+00	50	GroupSongRequest object (50)	1	[{"added": {}}]	7	1
60	2022-06-17 15:01:05.603141+00	51	GroupSongRequest object (51)	1	[{"added": {}}]	7	1
61	2022-06-21 05:09:24.305304+00	52	GroupSongRequest object (52)	3		7	1
62	2022-06-21 05:09:24.307707+00	53	GroupSongRequest object (53)	3		7	1
63	2022-06-21 05:09:24.309308+00	54	GroupSongRequest object (54)	3		7	1
64	2022-06-21 05:09:24.311054+00	55	GroupSongRequest object (55)	3		7	1
65	2022-06-21 05:09:24.312582+00	56	GroupSongRequest object (56)	3		7	1
66	2022-06-21 05:09:50.015281+00	61	GroupSongRequest object (61)	1	[{"added": {}}]	7	1
67	2022-06-21 05:10:11.450676+00	62	GroupSongRequest object (62)	1	[{"added": {}}]	7	1
68	2022-06-21 05:11:02.120069+00	63	GroupSongRequest object (63)	1	[{"added": {}}]	7	1
69	2022-06-22 22:43:51.719316+00	1	CAN_SIGNUP is enabled when boolean is False	2	[]	9	1
70	2022-07-05 12:53:12.10568+00	2	Shani Wahrman	2	[{"changed": {"fields": ["Staff status"]}}]	6	1
71	2022-07-05 12:54:21.421065+00	2	Shani Wahrman	3		6	1
72	2022-07-05 12:54:52.529897+00	70	Shani Wahrman	1	[{"added": {}}]	6	1
73	2022-07-05 12:56:21.61297+00	70	Shani Wahrman	3		6	1
74	2022-07-05 12:56:41.642635+00	3	Uriel Rosenzweig	3		6	1
75	2022-07-05 12:58:00.532885+00	71	Shani Wahrman	2	[{"changed": {"fields": ["First name", "Last name"]}}]	6	1
76	2022-07-05 15:15:48.361218+00	64	GroupSongRequest object (64)	1	[{"added": {}}]	7	71
77	2022-07-21 08:46:47.418536+00	66	GroupSongRequest object (66)	1	[{"added": {}}]	7	71
78	2022-08-01 08:53:43.325891+00	72	GroupSongRequest object (72)	1	[{"added": {}}]	7	71
79	2022-08-01 08:54:07.069434+00	73	GroupSongRequest object (73)	1	[{"added": {}}]	7	71
80	2022-08-03 08:37:21.490113+00	84	GroupSongRequest object (84)	1	[{"added": {}}]	7	71
81	2022-08-29 19:59:42.902229+00	1	SongSuggestion object (1)	3		10	1
82	2022-08-29 19:59:42.907922+00	2	SongSuggestion object (2)	3		10	1
83	2022-08-29 19:59:59.412511+00	85	GroupSongRequest object (85)	3		7	1
84	2022-08-29 19:59:59.414603+00	86	GroupSongRequest object (86)	3		7	1
85	2022-09-07 16:21:57.132673+00	202	Tal Navon	1	[{"added": {}}]	6	1
86	2022-09-07 16:22:38.110151+00	8	SongSuggestion object (8)	1	[{"added": {}}]	10	1
87	2022-09-07 16:27:11.706984+00	4	SongSuggestion object (4)	3		10	1
88	2022-09-07 16:27:16.090686+00	7	SongSuggestion object (7)	3		10	1
89	2022-09-22 19:56:39.789678+00	107	GroupSongRequest object (107)	1	[{"added": {}}]	7	71
\.


--
-- Data for Name: django_content_type; Type: TABLE DATA; Schema: public; Owner: twistdbadmin
--

COPY public.django_content_type (id, app_label, model) FROM stdin;
1	admin	logentry
2	auth	permission
3	auth	group
4	contenttypes	contenttype
5	sessions	session
6	song_signup	singer
7	song_signup	groupsongrequest
8	song_signup	songrequest
9	flags	flagstate
10	song_signup	songsuggestion
\.


--
-- Data for Name: django_migrations; Type: TABLE DATA; Schema: public; Owner: twistdbadmin
--

COPY public.django_migrations (id, app, name, applied) FROM stdin;
1	contenttypes	0001_initial	2022-06-02 13:30:37.29094+00
2	contenttypes	0002_remove_content_type_name	2022-06-02 13:30:37.298652+00
3	auth	0001_initial	2022-06-02 13:30:37.351582+00
4	auth	0002_alter_permission_name_max_length	2022-06-02 13:30:37.366064+00
5	auth	0003_alter_user_email_max_length	2022-06-02 13:30:37.375912+00
6	auth	0004_alter_user_username_opts	2022-06-02 13:30:37.383992+00
7	auth	0005_alter_user_last_login_null	2022-06-02 13:30:37.389985+00
8	auth	0006_require_contenttypes_0002	2022-06-02 13:30:37.391911+00
9	auth	0007_alter_validators_add_error_messages	2022-06-02 13:30:37.398045+00
10	auth	0008_alter_user_username_max_length	2022-06-02 13:30:37.403986+00
11	auth	0009_alter_user_last_name_max_length	2022-06-02 13:30:37.409864+00
12	auth	0010_alter_group_name_max_length	2022-06-02 13:30:37.416293+00
13	auth	0011_update_proxy_permissions	2022-06-02 13:30:37.42239+00
14	auth	0012_alter_user_first_name_max_length	2022-06-02 13:30:37.428316+00
15	song_signup	0001_initial	2022-06-02 13:31:04.942291+00
16	admin	0001_initial	2022-06-02 13:31:04.968168+00
17	admin	0002_logentry_remove_auto_add	2022-06-02 13:31:04.978932+00
18	admin	0003_logentry_add_action_flag_choices	2022-06-02 13:31:04.989365+00
19	flags	0001_initial	2022-06-02 13:31:05.000794+00
20	flags	0002_auto_20151030_1401	2022-06-02 13:31:05.002095+00
21	flags	0003_flag_hidden	2022-06-02 13:31:05.005267+00
22	flags	0004_remove_flag_hidden	2022-06-02 13:31:05.006602+00
23	flags	0005_flag_enabled_by_default	2022-06-02 13:31:05.00767+00
24	flags	0006_auto_20151217_2003	2022-06-02 13:31:05.008741+00
25	flags	0007_unique_flag_site	2022-06-02 13:31:05.009753+00
26	flags	0008_add_state_conditions	2022-06-02 13:31:05.010755+00
27	flags	0009_migrate_to_conditional_state	2022-06-02 13:31:05.011769+00
28	flags	0010_delete_flag_site_fk	2022-06-02 13:31:05.012796+00
29	flags	0011_migrate_path_data_startswith_to_matches	2022-06-02 13:31:05.013798+00
30	flags	0013_add_required_field	2022-06-02 13:31:05.0191+00
31	sessions	0001_initial	2022-06-02 13:31:05.037524+00
32	song_signup	0002_auto_20220531_1820	2022-06-02 13:31:05.082734+00
33	song_signup	0003_auto_20220531_2033	2022-06-02 13:31:05.141221+00
34	song_signup	0004_songrequest_priority	2022-06-02 13:31:05.152589+00
35	song_signup	0005_songrequest_position	2022-06-02 13:31:05.16585+00
36	song_signup	0006_auto_20220601_1055	2022-06-02 13:31:05.19118+00
37	song_signup	0007_songrequest_cycle	2022-06-02 13:31:05.202453+00
38	song_signup	0008_songrequest_is_bonus	2022-06-02 13:31:05.214274+00
39	song_signup	0009_auto_20220602_1138	2022-06-02 13:31:05.25036+00
40	flags	0012_replace_migrations_for_wagtail_independence	2022-06-02 13:31:05.254698+00
41	song_signup	0010_singer_lscy_position	2022-07-05 12:50:20.647579+00
42	song_signup	0011_auto_20220703_2039	2022-07-05 12:50:20.705024+00
43	song_signup	0012_auto_20220704_1655	2022-07-05 12:50:20.733846+00
44	song_signup	0013_auto_20220704_2037	2022-07-05 12:50:20.755595+00
45	song_signup	0014_songrequest_placeholder	2022-07-05 12:50:20.767452+00
46	song_signup	0015_singer_placeholder	2022-07-05 12:50:20.780328+00
47	song_signup	0016_auto_20220716_1207	2022-08-27 15:43:29.166498+00
48	song_signup	0017_songrequest_notes	2022-08-27 15:50:59.240942+00
49	song_signup	0018_auto_20220827_1930	2022-08-29 19:42:11.155611+00
50	song_signup	0019_auto_20220827_1935	2022-08-29 19:42:11.178802+00
51	song_signup	0020_auto_20220828_0801	2022-08-29 19:42:11.208952+00
52	song_signup	0021_auto_20220828_1607	2022-08-29 19:42:11.262901+00
53	song_signup	0022_songrequest_suggested_by	2022-09-05 07:30:37.050547+00
\.


--
-- Data for Name: django_session; Type: TABLE DATA; Schema: public; Owner: twistdbadmin
--

COPY public.django_session (session_key, session_data, expire_date) FROM stdin;
pv4z8a0pe89kx1a1xxeuyxpviq3zga1x	.eJxVjMEOwiAQRP-FsyGE4i549O43kGUBqRpISnsy_rs06UEvk8m8mXkLT9ta_NbT4ucoLsIocfoNA_Ez1Z3EB9V7k9zqusxB7hV50C5vLabX9ej-HRTqZazRsbMUCI1WoJQZ7pwtRUBkCxEZE2jMKmlmdlnbKbs0MXIYChrE5wsLdTiA:1o2xst:ZbTjpD0vLyXMPe_3KGY0BxNdxEPAlYQrG86jQc4s47I	2022-07-03 16:34:47.356787+00
slr3qngfv607kd9fnslov3tou8x7f5mq	.eJxVjEEOwiAURO_C2hAofCAu3XsGAvyPVA0kpV013l2adKG7yZs3szMftrX4rdPiZ2RXphW7_MIY0ovq0eAz1EfjqdV1mSM_FH62nd8b0vt2un8HJfQy1uTAUAIrJKAcUajJRtQgoiET0TmpMFm0mCG4mKdsSWQLAxudcpDs8wUFqzhC:1o2xyv:WALmQnnAagtKocy_XbXDQ18luA0klRhVOyK9PaMkbOM	2022-07-03 16:41:01.282939+00
wosxzkv9b1o2qxc5uj4ob9i4w4s2u902	.eJxVjEEOgjAQRe_StWnoTG2nLt1zhmaYDoIaSCisjHdXEha6_e-9_zKZt3XIW9Ulj8VcjDOn361jeei0g3Ln6TZbmad1GTu7K_ag1bZz0ef1cP8OBq7Dt8bgPEpSaHzEIIXP4AN7Am0cRexRKYmDIORS8pGgJxWKPcTgEKEx7w-ssjY2:1nwn3P:lJz3pJy6yDLw-mqseSXSlVxmW6i6N7c1kFxghXN-EuE	2022-06-16 15:48:07.330102+00
7fo3lfpn8mhgdcca8ur2vxibssbefq6t	.eJxVjEEOwiAQRe_C2hCgnQFcuvcMZGBAqoYmpV0Z765NutDtf-_9lwi0rTVsPS9hYnEWXpx-t0jpkdsO-E7tNss0t3WZotwVedAurzPn5-Vw_w4q9fqtqTDYrNhB0aSM9gqNU9Zz8TbmguTHwaMm4NGBQTIApuCgXdIJIVrx_gDa-Dcp:1nwniF:rjyW8Igo_jSi_RQ23khcDJ3g3F0nRLJgbNi5ejC35pY	2022-06-16 16:30:19.169507+00
ts268mp3zat3x7xic637h95bp88teh5z	.eJxVjMsOwiAQRf-FtSED9MG4dO83kBkGpGpoUtqV8d-1SRe6veec-1KBtrWEraUlTKLOyoA6_Y5M8ZHqTuRO9TbrONd1mVjvij5o09dZ0vNyuH8HhVr51qPY5JBiGixkY9m4zDg47MB0DnMPRpJ3QgSxFwDx0SAIeRyJPces3h8AnThR:1nwnlo:m8myYxDu1IHaPJgX3_yvF7UNxtN5p74Ndk99bfKqSRY	2022-06-16 16:34:00.419651+00
a5qnduxep3vaey0kuq1e9s1sbpjs5xc2	.eJxVjEEOwiAQRe_C2hApQ5m6dN8zNDMwSNVAUtqV8e7apAvd_vfef6mJtjVPW5NlmqO6KGPU6XdkCg8pO4l3KreqQy3rMrPeFX3Qpsca5Xk93L-DTC1_6z51eGaPXYjiIYgzLoFBRhJn7YCQLFoXImMKbIAkkQXfIwIkDwOr9wcJbjgj:1nwnpl:3WOZfZsLKNYZV7MXazFnXndNK8qzqmKNyUwhuCFalR0	2022-06-16 16:38:05.78146+00
163mgsyn88wjkooq55isr18raypqktvj	.eJxVjEEOgjAQRe_StWnoTG2nLt1zhmaYDoIaSCisjHdXEha6_e-9_zKZt3XIW9Ulj8VcjDOn361jeei0g3Ln6TZbmad1GTu7K_ag1bZz0ef1cP8OBq7Dt8bgPEpSaHzEIIXP4AN7Am0cRexRKYmDIORS8pGgJxWKPcTgEKEx7w-ssjY2:1nwnqB:GMdsainHaoUEzlABCMX_-HTdIfxRcCy2g8o5yBThtQ8	2022-06-16 16:38:31.730287+00
acc6u9ej9buxssdbldhldm2jwf8ls920	.eJxVjEEOgjAQRe_StWnoTG2nLt1zhmaYDoIaSCisjHdXEha6_e-9_zKZt3XIW9Ulj8VcjDOn361jeei0g3Ln6TZbmad1GTu7K_ag1bZz0ef1cP8OBq7Dt8bgPEpSaHzEIIXP4AN7Am0cRexRKYmDIORS8pGgJxWKPcTgEKEx7w-ssjY2:1nwnqb:fysVLU0O-xfIr1MXxWq-XhMwimtLzcptqP4IXo2eQvc	2022-06-16 16:38:57.55207+00
a03cc1lph4yh9p5fe2j7itg3gt3fk7jw	.eJxVjMsOwiAUBf-FtSE8bAGX7vsN5D5AqgaS0q6M_65NutDtmZnzEhG2tcStpyXOLC5CG3H6HRHokepO-A711iS1ui4zyl2RB-1yapye18P9OyjQy7c2GJTO3iAFf_aMeUAD5AmctY5RO58UjqwyIgHQkIz17IBMsKOjROL9AScaOU0:1nwnuC:ZuYDwoCrl6SeqxQH1fxL2DFqFHfKNE-p0Gp3rVOTbqI	2022-06-16 16:42:40.231764+00
zbk7110f51ifg4mbqtb0ht1fy5fjdlax	.eJxVjMsOwiAQRf-FtSEMFAZcuvcbyNAZpGrapI-V8d-1SRe6veec-1KZtrXlbZE5D6zOCjp1-h0L9Q8Zd8J3Gm-T7qdxnYeid0UfdNHXieV5Ody_g0ZL-9YWEUIF42ohEOML9CEKGkRbpEvVo7dgJbngIkdDyOyRXOIarAdM6v0B6Vg3JQ:1nwo10:pO4anpONgiySx20uZ7E2BMSpiLJkpu298hVPqVjObPI	2022-06-16 16:49:42.742369+00
vx5j70bafj4q6govpqbn01n9zxuqf7qm	.eJxVjEsOAiEQRO_C2hCbj4JL956BNN0gowaSYWZlvLtMMgvdVeq9qrcIuC4lrD3NYWJxEWDF4beMSM9UN8IPrPcmqdVlnqLcFLnTLm-N0-u6u38HBXsZ64icVbKsz8eTHxFMtNob1MkpBnDkyREpAMoUrSPHoGzW2SkzvIzi8wUb6Dhp:1nwo2a:wJ8i5hO2fszmcOffDqHND3Ak9k1q3Er2WIynHY4i2Bc	2022-06-16 16:51:20.902284+00
y6ywtyejn2l6yyawuaeiwn9ly1zv04j4	.eJxVjMsOwiAQRf-FtSG8BgaX7v0GwhSQqoGktCvjv2uTLnR7zzn3xULc1hq2kZcwJ3Zm0rLT70hxeuS2k3SP7db51Nu6zMR3hR908GtP-Xk53L-DGkf91qQ1CmMzQimayAGokm00DoUrIhOhTBGBrJRKCQQg5z1i8dIbl7xg7w_6cjc3:1nwo2t:rwCiR0tHu9YE9yuvLB9CfHjoKfJ-jHIotVr72qdENdQ	2022-06-16 16:51:39.199205+00
7ugbkp7d6ugdh4x1n1temcnwzbi6bozt	.eJxVjL0OwiAYAN-F2ZAg0IKju89Avr9K1UBS2qnx3ZWkg653l9tVgm3NaWuypJnVRZlRnX4hAj2ldMMPKPeqqZZ1mVH3RB-26VtleV2P9m-QoeX-ZRZBCsguhtE7ihhkcgZCEEAiEHcmiz7aCS2z_fZ2iCaaINb4wan3B0lnOQU:1nwo3D:oZpy_jU2rTc13l2X3Nbshu3MAcE6_X1r7Gu590ffLF8	2022-06-16 16:51:59.257344+00
mudh0codmwr29jnu69l207meur4i22oe	.eJxVjDEOwjAMRe-SGUVpS2LDyM4ZIttxSAGlUtNOiLtDpQ6w_vfef5lI61Li2nSOYzJn06E5_I5M8tC6kXSnepusTHWZR7abYnfa7HVK-rzs7t9BoVa-tSZ0R0AfesJeTuBIc4eSQxYfAotHLw4IBwJkZFAamMAhBGUv3pn3Bw5pOE4:1nwo3b:Rr7jNqDhGplg413sTdZF-c5pJF-T_3v0rnUmrqMcgBA	2022-06-16 16:52:23.587462+00
mwb9m8duw6hcxv44s7b5ins818gcuuge	.eJxVjDsOwjAQBe_iGln-xR9Kes5g7dprHEC2FCcV4u4QKQW0b2bei0XY1hq3QUucMzszO7HT74iQHtR2ku_Qbp2n3tZlRr4r_KCDX3um5-Vw_w4qjPqtvRZaEcgcbMJEvqAxVofgsrEoJitBS2Fk8YU0ZIAgpdeEBZVyLonA3h8HQjgE:1o4N2x:U16JxwHubrsD_EMAAvzDJ_dzcNUTXe3reubFstrwCPk	2022-07-07 13:38:59.404989+00
lchqy1jwsysx7qe460abrj1g8fm5534u	.eJxVjMEOwiAQRP-FsyGASwGP3v0GsiyLVA1NSnsy_rtt0oPOcd6beYuI61Lj2nmOYxYXoYM4_ZYJ6cltJ_mB7T5Jmtoyj0nuijxol7cp8-t6uH8HFXvd1lZncMmVYEFZVkltQSBtTCHjE2YerNNA3mUu1qDhAZQPdC4AVDyLzxf5wjgA:1nwo3x:Uy0IRBieSLNe77ExlFuyV1WkEuUs2ooOmg2B3KPrlEs	2022-06-16 16:52:45.459567+00
bby5dvm7e3hromggx7jmodltbe1x2ad8	.eJxVjDkOwjAQRe_iGlnjJV4o6TmDNeMFB5AtxUmFuDtESgHtf-_9Fwu4rTVsIy9hTuzMJLDT70gYH7ntJN2x3TqPva3LTHxX-EEHv_aUn5fD_TuoOOq39hJQ6EIgrUjKqUiIBixQMn6y4JW0loRxRkyqyCiNElph0eQsxiiAvT_dgDb2:1nwo4w:lcoJEyxFVL62kn8Qs1qvfOCH30kKh0rw_TRgoIkPYUw	2022-06-16 16:53:46.703489+00
xx1tyyert399h9do3daam75f1arhyg7y	.eJxVjEEOwiAQAP_C2RCgUMCj976BLLsgVQNJaU_GvxuSHvQ6M5k3C3DsJRw9bWEldmVKsssvjIDPVIehB9R749jqvq2Rj4SftvOlUXrdzvZvUKCX8bV5MgSeEAidQp1jIj8Zm2U0ZJwGtCoaT94L43x0kjQqOQtBNKfk2OcLK9A4qA:1nwo52:XZhDZyie4epS_nS2y_QGHxxQSUnTK9W4bfr518mUSEI	2022-06-16 16:53:52.218917+00
iphln9x9vzc8yobwp9163hskxhqpdwbz	.eJxVjMsOwiAQRf-FtSEwFCgu3fsNZIaZStXQpI-V8d-1SRe6veec-1IZt7XmbZE5j6zOCkCdfkfC8pC2E75ju026TG2dR9K7og-66OvE8rwc7t9BxaV-62SxGNcNznfibeghCccCJJBCLy5i5GjJpz6YQMQuGIYYrbgB2Q8G1PsD84A3rQ:1nwoAW:3K5LOKqwL4ShHx5QsGLg3X3aAZkSntN4FhWj76BN-wY	2022-06-16 16:59:32.687207+00
ou900lqdfkbsax0teb9svywqfojmuft0	.eJxVjDsOwjAQBe_iGllhN15sSnrOEO3HxgGUSPlUiLtDpBTQvpl5L9fxutRunfPU9ebODtAdfkdhfeRhI3bn4TZ6HYdl6sVvit_p7K-j5edld_8OKs_1W2NqNAdWsMRJAsQsERCNsFhhVBJiPGXQ0mA0IxAqRAFakWOrIbr3ByLPOJU:1nwoBB:om-ashs9gISj1mehwE8sBZlTGdNQRSPCgDTHA2dG2mw	2022-06-16 17:00:13.112538+00
7uict1xr4ny50x2gq455vc0x5bpiv768	.eJxVjMsOwiAQRf-FtSFlyqPj0r3fQGAYpGogKe3K-O_apAvd3nPOfQkftrX4rfPi5yTOArQ4_Y4x0IPrTtI91FuT1Oq6zFHuijxol9eW-Hk53L-DEnr51oSJIKJFm62LiIMz7LIa00iGlTbaqmECzKQBOKICxc5qcqR5SsQo3h_7fDfK:1nwoKg:o9JEEqzIHqcr7Crz7noqTfYmsgMiuPQtrFG36RY3xQQ	2022-06-16 17:10:02.414053+00
vg0dxkh129xsfy3wbaqdyotwysvr0skr	.eJxVjDsOwjAQBe_iGlmLN_6Ekj5nsHb9wQFkS3FSIe4OkVJA-2bmvYSnbS1-62nxcxQXoYw4_Y5M4ZHqTuKd6q3J0Oq6zCx3RR60y6nF9Lwe7t9BoV6-tdY5R3SOjEVIAxgKFsBEM6izQiQ3ckalObuBFY7EASwwRh00JI0g3h_xbjdj:1nwoMV:MX68Aluosn-8IaGSLeqCqgzYp3GCKd6m20cZW1j1sig	2022-06-16 17:11:55.070619+00
qj25orpqk1dbmkn8t7g4vj59e1tgrp3j	.eJxVjEEOwiAQRe_C2hBgCrQu3XsGMsxMpWpoUtqV8e7apAvd_vfef6mE21rS1mRJE6uzclGdfseM9JC6E75jvc2a5rouU9a7og_a9HVmeV4O9--gYCvf2hOGbFwPvYsQsxH2AdmNQOAwZkArQTCK70bwlvzAMBAzgOPOBkPq_QELszgm:1nwosV:59GNMWZbzDeIjumWKba1rg7Vc6dYLJMitjh4_VpAUJc	2022-06-16 17:44:59.137665+00
odfunaq5pxv93xv60tmup01iwae7fjie	.eJxVjDsOwjAQBe_iGlmR1_GHkp4zWOv1Lg4gR4qTCnF3iJQC2jcz76USbmtNW-clTUWdlQnq9DtmpAe3nZQ7ttusaW7rMmW9K_qgXV_nws_L4f4dVOz1WxOJRyAWC0VQrBPiCIADxGBlJA4QjTNGvAWhAYLYEj0ShtFmF7J6fwA87Djk:1nwotk:J5E6gW3Ikjrq0bmoEiI7L3jO7hfuCmZ67rE2iBge0LY	2022-06-16 17:46:16.31994+00
96j53vggrwvyv36ne4298flt0zdujdfg	.eJxVjMsOwiAURP-FtSFclJdL9_0GcoGLVA0kpV0Z_12adKGZ3Zkz82Yet7X4rdPi58SuTDp2-oUB45Pq3qQH1nvjsdV1mQPfFX60nU8t0et2uH8HBXsZa6WkA6dQU9YGXFRgs9E22ouIgFqSOOfBIacwkkkIUlKBiA6MgxDY5wvwAjex:1nwouH:JJsSt_QaYlx1Nr6ibOTnFlAic5iHdxkB39XuBnuRCME	2022-06-16 17:46:49.676972+00
5elu0kqhqskdomnafcr3jnzsyt4zjdcp	.eJxVjDsOwjAQRO_iGlkGxz9K-pzB2l1vcADZUpxUiLvjSClgynlv5i0ibGuOW-MlzklchVbi9Fsi0JPLTtIDyr1KqmVdZpS7Ig_a5FgTv26H-3eQoeW-dhaZPQetJtMzkAoWYTDWa04TeaRAaM5BdeZSl0Ebk8hqDxcy7MTnCw0xOE0:1nwoyq:9yR4tZEc0V5jxBMalBgUcbNYCOGIXPtP9_0305kTiqo	2022-06-16 17:51:32.336557+00
n1fottcwjtg3yts6ai9cxlq181ziaxlx	.eJxVjEEOwiAQRe_C2hBhKFCX7j0DYZhBqgaS0q6Md7dNutDtf-_9twhxXUpYO89hInERoMTpd8SYnlx3Qo9Y702mVpd5Qrkr8qBd3hrx63q4fwcl9rLVPCJ4iziCJsOoUwYgImvO2VBk53yGjSUG1HmAzMqpIVqnWPmBlBOfLyZSOG4:1nwpYi:U4vauVZF5z2amfXcJsoy6rDmTLC0hQ2__bQAia6zegM	2022-06-16 18:28:36.351555+00
sjevssbipn6g56nz7u634jxm39g0qu05	.eJxVjDsOwjAQBe_iGlnx2vGHkj5nsDbeXRxAiZRPhbg7spQC2jcz760yHnvNx8ZrnkhdlTPq8juOWJ48N0IPnO-LLsu8r9Oom6JPuulhIX7dTvfvoOJWW10MB-SOYmd705MEKzYkMEl6TuKsZYkFAAFHm4AoGeclOCnOexNBfb4QKjfm:1o2xtR:L80GbWy1N8gXgld1w8tUJfTuO4JzAye2ocB74Q3f2q4	2022-07-03 16:35:21.298939+00
ujjqp3qzwfbe3damextvp1p8nokzo4u3	.eJxVjDsOwjAQBe_iGlkbr-2NKek5g7X-4QBypDipEHeHSCmgfTPzXsLztla_9bz4KYmzQCVOv2Pg-MhtJ-nO7TbLOLd1mYLcFXnQLq9zys_L4f4dVO71W0cCG61zaC1ojTTAqIhAZw0FEfOQUgHEYKmACRoUGWZWhkwxZXRZvD_EJTa3:1nwpdh:zmu6eQaRSycTXW_3_AndsACkJthWXOyP9uJEtlJqyqI	2022-06-16 18:33:45.015742+00
ayekghds2ord536km0rnoi1pirmj87ql	.eJxVjLsOgkAUBf9la7O57IvV0p5v2NyXghpIWKiM_y4kFNqemTlvU3Bd-rJWncsg5mIab06_IyE_ddyJPHC8T5ancZkHsrtiD1ptN4m-rof7d9Bj7bc6uQzEKuKcjyE6JEihzdEjsBcPyozBpwbkdmYK5CiD5pC2qFFpW_P5Av7QOBM:1nwq6Q:M4uiXVyipl8DWERYRmyMxbb3TYSF52TaWYs3RxgATaQ	2022-06-16 19:03:26.733437+00
faz3sgy95ofctik4366i9lzyhkwzpx3a	.eJxVjEEOwiAQRe_C2pCBDi24dO8ZyFBmpGpoUtqV8e7apAvd_vfef6lI21ri1niJU1ZnhVadfsdE44PrTvKd6m3W41zXZUp6V_RBm77OmZ-Xw_07KNTKtwZyQ7AiYJA8Q-586j1AGnIWg0ksJQqebY8dOxRy7MSLAZEAiCGo9wcPQDg_:1o2xuN:S9yXGcXz5t209Q_AodQCeeWWdy-Ftnfqqmyf87K7O2U	2022-07-03 16:36:19.962371+00
vsk4b9om4eb9svhq1qi0jng2s64e2w64	.eJxVjEEOgjAQRe_StWnoTG2nLt1zhmaYDoIaSCisjHdXEha6_e-9_zKZt3XIW9Ulj8VcjDOn361jeei0g3Ln6TZbmad1GTu7K_ag1bZz0ef1cP8OBq7Dt8bgPEpSaHzEIIXP4AN7Am0cRexRKYmDIORS8pGgJxWKPcTgEKEx7w-ssjY2:1o0WuG:-XsdyRRobzcZHMl6_5Xr6bUECCeRJN327ojM2kbji-Y	2022-06-26 23:22:08.107138+00
76e6ib54kgp4zd4sx4sm87at2eih27sl	.eJxVjEsOwjAMBe-SNYqS2GkxS_Y9Q-TEDi2gVupnhbg7VOoCtm9m3ssk3tY-bYvOaRBzMYjm9DtmLg8ddyJ3Hm-TLdO4zkO2u2IPuthuEn1eD_fvoOel_9YUqhMMdPYxVGKERpxACyqtbyEEQYiRsiq6wD6C1hypQENFEaM25v0B5Po3Uw:1o2xzo:LVpBfFg8dTAprY-v_PGtHAnd0wY3EyVDzXTihqRvvIE	2022-07-03 16:41:56.299397+00
fg4auwm8dwafs8jcwr7it5b9ns7vlmt6	.eJxVjDsOwjAQBe_iGll24nxMSZ8zWOvdFxxAthQnFeLuKFIKaN_MvLcKtG8p7BVrWERdVevU5XeMxE_kg8iD8r1oLnlbl6gPRZ-06qkIXrfT_TtIVNNRg6ywBzVkMHcRELAbO5qtmTvvjMDHiMG6lnhAHJk8S2_t0Hs0zqnPF2FOObU:1o2WLz:WhLlHBz9fX6SlSCoRlU1tFgEsBxOm236SqjU_PbAc4M	2022-07-02 11:10:59.186359+00
3szeb87y06fmp4j19q6zw1dxcbmgf85n	.eJxVjEEOwiAQRe_C2hBaBjq4dO8ZyDAMUjVtUtqV8e7apAvd_vfef6lI21rj1mSJY1ZnBU6dfsdE_JBpJ_lO023WPE_rMia9K_qgTV_nLM_L4f4dVGr1W7vAjMYOhsEioC9gC3qbOwJkSR2Ikx6JrfeUku8FmU1xAyQMFKCo9wf7hTgd:1o2y5U:SORsmGfHdG1_28Lc5TAs9wRlxni6porOVt7BMW72fkA	2022-07-03 16:47:48.964476+00
7q91s4idlup24e0h83akxlpwik04judl	.eJxVjMEOwiAQBf-FsyFAgQWP3vsNZIFFqoYmpT0Z_92Q9KDXNzPvzQIeew1Hpy0smV2ZtuzyO0ZMT2qD5Ae2-8rT2vZtiXwo_KSdz2um1-10_w4q9jpqKRAU2GjQTJmgiElEVEU6RHLgi7HJAzjpUbsE5LzO0UtlQBqLQrPPFwdoN4s:1o2yBu:QZajFg6DTKDP9glf1KU2_VSXzjMjgv66Tgk_8Z6WBDk	2022-07-03 16:54:26.464576+00
a93yx7i120nupaph38rw2n0639pacji9	.eJxVjMEOwiAQRP-FsyFAaRc8evcbyHZZpGogKe3J-O9K0oNe5jDvzbxEwH3LYW-8hiWKs7AgTr_ljPTg0km8Y7lVSbVs6zLLrsiDNnmtkZ-Xw_07yNhyX5NiAE4-WYoTmZScJc1-8I5GQ0pB8mZ2ygBqMBAV8jfdpIl1GmAU7w8orzhN:1o2yCD:LNGxeWMF4K0eB5Xx__w8A1FRlmVljoyxBQHN5OX_Qjo	2022-07-03 16:54:45.288556+00
ergjtksode4hk5rqpfmjeybcnmwwa35b	.eJxVjEEOgjAQRe_StWlKpTDj0j1naGamg0UNJBRWxrtrExa6-_nv5b1MpH3LcS-6ximZi2nBnH5PJnnoXEm603xbrCzztk5sq2IPWuywJH1eD_cvkKnk2g0KSBywdw7wHJB78p2w910C-M4eVLDzDbILKl6U0XObGhIYx7E17w_zSzgk:1o2yIO:pVsT4-2AgBhAl2FO_Drz_8HOJ8JP7mEFOUMM1MuYOb0	2022-07-03 17:01:08.331177+00
ff39gtl8g1sd8wsuczdj5ghgbgbo9ssi	.eJxVjDsOwjAQBe_iGlnr-BdT0nMGa71e4wBypDipEHeHSCmgfTPzXiLitta4dV7ilMVZmCBOv2NCenDbSb5ju82S5rYuU5K7Ig_a5XXO_Lwc7t9BxV6_9cCIzgdtVTYKiCygoxIIwNqMoEPwAzOMXLROrIyzJSMXr1IavTEk3h8Nejhk:1o2yKM:skMJ03DUFqTPI5BS1JiR55IC0D9c-ZPHvO1QQFJBsYw	2022-07-03 17:03:10.373049+00
j32gdf3y5wj6191qyq2rpelf8zmgyxkz	.eJxVjEsOAiEQBe_C2hCGn7ZL956BNE0jowaSYWZlvLuSzEK3r6reSwTc1hK2zkuYkzgLp8Thd4xID66DpDvWW5PU6rrMUQ5F7rTLa0v8vOzu30HBXkZNZLIzlihj0nxyxA4hAqNXgHycImTtk4KvaNEmsKi8J6s1gIHJiPcHRsI4zg:1o2yMd:y0k-cXItk7EVrRKGVR523NXngNGFXRLJz17LcCmBQuY	2022-07-03 17:05:31.458024+00
jlxd3gs4kfjxcuz57a6pbk8cxdmksxma	.eJxVjEEOwiAQRe_C2pABmaG4dN8zEGCoVA0kpV0Z765NutDtf-_9l_BhW4vfel78zOIiUInT7xhDeuS6E76Hemsytbouc5S7Ig_a5dg4P6-H-3dQQi_fOmYDYEFjZhg4arSBMAYdCQgnOBtUlJIl6wxal_XEylkiBB4SOGTx_gDsxTcd:1o2yVZ:IAmdyIMWhAH0Dz-8oshmAddPWX1FbNdIC4YI5pC2nu0	2022-07-03 17:14:45.296857+00
dxcpv8vo8izkgstkjwzgf9ue373q1tmb	.eJxVjEEOgjAQRe_StWnoTG2nLt1zhmaYDoIaSCisjHdXEha6_e-9_zKZt3XIW9Ulj8VcjDOn361jeei0g3Ln6TZbmad1GTu7K_ag1bZz0ef1cP8OBq7Dt8bgPEpSaHzEIIXP4AN7Am0cRexRKYmDIORS8pGgJxWKPcTgEKEx7w-ssjY2:1o2xox:S18fJzHkwVFo3B5U6VMVYGfSxsJF3G6m6kgLmOPLRtI	2022-07-03 16:30:43.430842+00
7ccjwr2dat05cl5fdb2xxqfw4c1x81sr	.eJxVjEEOwiAQRe_C2pBCHYZx6b5naGAGpGpoUtqV8e7apAvd_vfef6kxbGsZt5aWcRJ1UWDV6XeMgR-p7kTuod5mzXNdlynqXdEHbXqYJT2vh_t3UEIr35ptR5RT77KngN73JLEzFjkxCIgzDBgz9SyW0BokQHG54wQIEs6o3h8H3jgB:1o2yWQ:Kq493y_2UA4d6mNGmN6hxurpRu4etNbsK8x85kZZRyw	2022-07-03 17:15:38.368209+00
amkijlor8kwqp0gr8o5eqv3hb5bvqiss	.eJxVjMsOwiAQRf-FtSF1YHi4dN9vIDBMpWogKe3K-O_apAvd3nPOfYkQt7WErfMS5iwuQjlx-h1TpAfXneR7rLcmqdV1mZPcFXnQLseW-Xk93L-DEnv51gbUGa0ihzopVOSNTc5pYETyUZHmKaMfBp81IDrwnCyZCQxZGzOCeH8A3Q83OQ:1o2xpa:tLRqAgz2k4B7Qvqz-BRFiFFcX5Pv766dsMDWiFNJwfk	2022-07-03 16:31:22.95771+00
e08c5lr0qv5yxldekm7lkckcplnmns2v	.eJxVjMsOwiAQRf-FtSHDo1RcuvcbyMAMUjWQlHZl_HfbpAvd3nPOfYuA61LC2nkOE4mLMF6cfseI6cl1J_TAem8ytbrMU5S7Ig_a5a0Rv66H-3dQsJetdpqiN84AnJ0GpywlC0DJZ0-YhoQ8ACsaSSvOG4qjd6hiRksqA2vx-QICyDh-:1o2xqZ:p5ss882YYxD8bnDHNWhUddB6Hl_XuXeeKMBQB6zhuGQ	2022-07-03 16:32:23.526632+00
bzy58jq5wfcsqbpgkroma5b2gimz6fq1	.eJxVjMsOwiAQRf-FtSFUuEBduvcbmhkGbNVA0sfK-O-mSRe6veec-1YDbes4bEueh0nURcGq0-_IlJ657kQeVO9Np1bXeWK9K_qgi741ya_r4f4djLSMey2G0ZVgQQTPCT1cdAjFeOYoCQGcTJTOS5KecjYRsBmRvStngvp8AReCOHI:1o2yep:EH3aJ9gpq6uKroO15GPz3QbdfMDB3DWg-NGN7VQM9Pg	2022-07-03 17:24:19.733377+00
5epou5thqwdr7o3sbtn3rbwhm41dudgx	.eJxVjMEOwiAQRP-FsyECC6JH734D2WUXqRqalPZk_HfbpAc9zGXem3mrhMtc09JlSgOri_KgDr8lYX5K2wg_sN1Hncc2TwPpTdE77fo2sryuu_t3ULHXdR05B_IGQEyMEgWKA3Rk6Qws1pZwMniMa5wtIt5xLiXHYAkJuWBWny8XbzlN:1o2yn3:RBv0yFOC2e52VhPgQPYmJ1vyRd5IFibhVUic3bK7N3s	2022-07-03 17:32:49.888187+00
eytbq5ou0ist9fkghfb1n2w74rb6slbq	.eJxVjEEOwiAQRe_C2pAKDBSX7j0DGWBGqoYmpV0Z7y5NutDte-__twi4rSVsjZYwZXERAOL0CyOmJ9Xd5AfW-yzTXNdlinJP5GGbvM2ZXtej_Tso2Epf-0TGk8kcLahoLUZwnREMRqvBaxo18ui4Cw1sjWZFSrFzGs_OshWfLxsFOCY:1o2yn3:CGtwexJ7jquk5GglscNvqRkPg6qlYPW6h1FN13r2uGs	2022-07-03 17:32:49.994867+00
ywas9oetl00vbdmykra6nhn0569czvvd	.eJxVjMsOwiAQRf-FtSEtw0Ncuu83kGEGpGogKe3K-O_apAvd3nPOfYmA21rC1tMSZhYXYaw4_Y4R6ZHqTviO9dYktbouc5S7Ig_a5dQ4Pa-H-3dQsJdv7SmCd4ZtHj0bjCoBA7kMgxoVRKBsE2TWRGevXbKQSZO2Eb1xg2En3h8dyTh7:1o2z4d:jRmdeJ-gh9W7rAqUuGmSpSWBByh6X-MJauiWTryMT_I	2022-07-03 17:50:59.426561+00
w3zqv3qi9v8ssu7vz5ddy40ivayydfg7	.eJxVjDsOwjAQBe_iGlmO_6ak5wzWrneDA8iR4qRC3B0ipYD2zcx7iQzbWvPWeckTibNwUZx-R4Ty4LYTukO7zbLMbV0mlLsiD9rldSZ-Xg7376BCr986eEZniVgDa0TFJjjvImsGLobGFGgwxUevBm2SwmTjGCgpmxA1JxDvDygKOHs:1o2zIw:9ENwSyPVCnC_PERe0t46QhuF-GJZtTLUJlCYdYApznY	2022-07-03 18:05:46.409281+00
a7az8g1h0cvdqgmd4cizzv713je4v63q	.eJxVjEEOgjAQRe_StWkK7ZTWpXvOQKYzg0UNTSisjHcXEha6fe_9_1YDbmsetirLMLG6Kojq8gsT0lPmw_AD53vRVOZ1mZI-En3aqvvC8rqd7d9Bxpr3dQIP3DaBIUDorEmOBKwHIeMSU0SPO40SQBxg03StIbSCPBqD1I3q8wX9yjgx:1o2zMd:a5O2e9cvYl7XH-CM4bjvi15jfyZNM-KTJdYrlrDalHk	2022-07-03 18:09:35.679026+00
ycdmz5c6zl4i55d99fpbwnaajlmw9qxt	.eJxVjEEOwiAQRe_C2pBSYGBcuvcMzQwDUjVtUtqV8e7apAvd_vfef6mBtrUOW8vLMIo6K-jU6XdkSo887UTuNN1mneZpXUbWu6IP2vR1lvy8HO7fQaVWv3X0AiaDxCRMYEoIzhcnbHuE2CFbQteHghEYCzlnkiTJ3HsbCbGz6v0BECY4JQ:1o2zNg:iBSFVWwVd1Yq6pw9qIYXhy5PZFKwg6WqnlSdbAWiJRA	2022-07-03 18:10:40.148874+00
9auctrsprqrsocccktdlvktmwdj6aknm	.eJxVjMsOwiAQRf-FtSFQ3i7d-w1kYAapGkhKuzL-uzbpQrf3nHNfLMK21rgNWuKM7MysZKffMUF-UNsJ3qHdOs-9rcuc-K7wgw5-7UjPy-H-HVQY9VuLnAkItMXgghUklU7aeVQmu0JKBxmM8UbqYpyz6NEWSQpIBDdNWDx7fwAI4jfL:1o2zOA:rYG-AcnyZCBekXPATvUCNAB6ZpjY71ScC16xvWWxmVs	2022-07-03 18:11:10.808858+00
epe5fpjgndxxrohwsnos6618uxa8ilco	.eJxVjDsOwjAQBe_iGllm_dFCSc8ZrLf-4ABKpDipEHeHSCmgfTPzXipiXVpce5njkNVZBVKH31GQHmXcSL5jvE06TeMyD6I3Re-06-uUy_Oyu38HDb19a3IWjlG55qMlz6EESwQrGYUThILxPoXCQBUmAVsxcCcGB-OsUe8PENE4JA:1o2zuc:43gPvmM_7SEC_N-mi_sdNtfZFNI2cS9jnvNMXbtayRY	2022-07-03 18:44:42.124787+00
042vuoml6810c4wgu4i8jme63sd2ddo8	.eJxVjDsOwjAQBe_iGllx4i8lPWew1rtrHEC2FCcV4u4QKQW0b2beS0TY1hK3zkucSZyFceL0OybAB9ed0B3qrUlsdV3mJHdFHrTLayN-Xg7376BAL986awTrPA9kPNgQnB3ZMdMAIwMB2qwQ0-QSmETK5UkHNopIm0DEPon3BzpDOZs:1o2zwG:LDSEQKCSUWnUf8FRs1r-Wzm6UDKGSOKUYxMb4DRJXVY	2022-07-03 18:46:24.129737+00
d1r8fn2bmg8lg2iki82gi30200lfwlci	.eJxVjMsOwiAQRf-FtSGUxwAu3fsNZIBBqgaS0q6M_65NutDtPefcFwu4rTVsg5YwZ3ZmoNjpd4yYHtR2ku_Ybp2n3tZljnxX-EEHv_ZMz8vh_h1UHPVbK1uUBAUTeS3AxkykFTnQThgtTVEQJ1e8QG8wlZKyjsKCMdmiAOkte38A6cY3Xw:1o30Bd:vdhTxh-otrkQCLl9irzerspg3pItQexuquBFSqQr7Xg	2022-07-03 19:02:17.527236+00
p0ey37611vdz8zk2ykp80jrdxwvte0os	.eJxVjEEOwiAQRe_C2hCByRRcuvcMZGAGqRqalHbVeHdt0oVu_3vvbyrSutS4dpnjyOqiENXpd0yUn9J2wg9q90nnqS3zmPSu6IN2fZtYXtfD_Tuo1Ou3tmKBChqyntAjGEPFAKHLAXigwiYL0FAciDjnzTmjLS5xSBBCcEW9Pw4TOD0:1o4N3V:7wH4KMcMcWvW1c7yoLARg6PoSZeDhy2bIf60shemysc	2022-07-07 13:39:33.500095+00
i4f0303jvvz2pgvxengglh3zpg1p5e98	.eJxVjMsOgjAUBf-la9NcakupS_d-A7mvWtRAQmFl_HchYaHbmTnnbXpcl9KvVed-EHMxbTSnX0jITx13Iw8c75PlaVzmgeye2MNWe5tEX9ej_TsoWMu27lBa1ZDBOQmSUsqQOpbcesUNNA2TkPoUOJyBKTIAOgBRCp5cE83nCzYTOO8:1o4N8z:RQNCfsqw7TVRs4iOXx0I7ZCBsxWr8vauyKCV75fcRgc	2022-07-07 13:45:13.610855+00
vnp94ln5p0ob77gsd5tuqlw4miqyatxu	.eJxVjEEOgjAQRe_StWnoTG2nLt1zhmaYDoIaSCisjHdXEha6_e-9_zKZt3XIW9Ulj8VcjDOn361jeei0g3Ln6TZbmad1GTu7K_ag1bZz0ef1cP8OBq7Dt8bgPEpSaHzEIIXP4AN7Am0cRexRKYmDIORS8pGgJxWKPcTgEKEx7w-ssjY2:1o8i3o:KTWNK0-JfplBXBTIUGJRL9JhvOss8il28sID4TkhGP4	2022-07-19 12:53:48.799605+00
oky628534igw9wt1wl7n8ln8mj27505k	.eJxVjEEOwiAQRe_C2pBCywAu3XuGZpgZbNVAUtqV8e7apAvd_vfef6kRt3UatybLOLM6K2_U6XdMSA8pO-E7llvVVMu6zEnvij5o09fK8rwc7t_BhG361uAsdT06mxPHbJw3A3I0kD0A9QEGseSxH4SSiDXAlqLDkLsQCULn1PsDAxU35Q:1o8kGb:AKe_1HZpqz_gPZkrkWS6W12OhcP95ivnm__XTsfGn0U	2022-07-19 15:15:09.107472+00
4nyb8sjhqt9yvq20bq7k0i7ni7tzxj4l	.eJxVjMsOwiAQAP-FsyFd7PLw6N1vIMAuUjWQlPZk_HdD0oNeZybzFj7sW_F759UvJC7CKHH6hTGkJ9dh6BHqvcnU6rYuUY5EHrbLWyN-XY_2b1BCL-PLgAZsjlonZ9wEim1Ms9PAjGnWCIaIkEPOSgMSnBECExplJ0OYxecL_us37g:1o8l4C:gtlsM-dmXpVVSqTjWNQ-FZ_I8TZ0i6AcrXG1uzaGZ88	2022-07-19 16:06:24.824967+00
0atki8yexs8ycslvop02fd68agypjsg9	.eJxVjMsOwiAQRf-FtSHIwAAu3fcbyPCSqoGktCvjv2uTLnR7zzn3xTxta_XbyIufE7swo9jpdwwUH7ntJN2p3TqPva3LHPiu8IMOPvWUn9fD_TuoNOq3RoFkY7FSa2uNRukMFGtQknCJwBoBWSiMRapgtJYxAWYAOoNLxaFj7w_Xjzbf:1o8l7o:_5yaE7Xva7PFvv_7qYaCe1nRqQNkRgpWwaV71v8oDAM	2022-07-19 16:10:08.28984+00
lay65jzmy69uvmre4m6cotoigk06vgzp	.eJxVjEEOgjAQRe_StWnoTG2nLt1zhmaYDoIaSCisjHdXEha6_e-9_zKZt3XIW9Ulj8VcjDOn361jeei0g3Ln6TZbmad1GTu7K_ag1bZz0ef1cP8OBq7Dt8bgPEpSaHzEIIXP4AN7Am0cRexRKYmDIORS8pGgJxWKPcTgEKEx7w-ssjY2:1o8lJh:BlVqK2zyMIyXDzkZ6U7C7RyYMBl9IXzZaUpRWOvqasM	2022-07-19 16:22:25.140834+00
59ohczanfxqzisc8vnh582n4870ud650	.eJxVjMsOwiAQRf-FtSF0sDxcuu83kBkGpGogKe3K-O_apAvd3nPOfYmA21rC1tMSZhYXYUdx-h0J4yPVnfAd663J2Oq6zCR3RR60y6lxel4P9--gYC_f2qvIaKzWxo3IYJ1in70bDCdjKVOG5MhbhMFoQgAPUcXR8TkzswES7w8Ncjh9:1o8lLr:qyK_WfQF8Uxxe37JN9ELxskOXGBj2y0Ld3XPgnJBF5A	2022-07-19 16:24:39.521797+00
bxnbsmmuwppuid1y632gcnbod0s09he5	.eJxVjE0OwiAYBe_C2hAILVCX7j0D-f6QqoGktCvj3bVJF7p9M_NeKsG2lrR1WdLM6qyCV6ffEYEeUnfCd6i3pqnVdZlR74o-aNfXxvK8HO7fQYFevjU6L5GZfRwhZhMsOPJMlMmAFSdiwbIIoQnDNA0OjRujGURMQMwE6v0BP0c5eg:1o8lM1:rCa-AtHUpSYyzjIzgcfiM2woMLezn0cecb06yEaQ76E	2022-07-19 16:24:49.726441+00
pvettyu3vnlznjztuzp12h9z3ggcvn2y	.eJxVjEEOwiAQRe_C2hAoLQMu3XsGwjAztmpoUtqV8e7apAvd_vfef6mUt3VMW-MlTaTOCkCdfkfM5cF1J3TP9TbrMtd1mVDvij5o09eZ-Hk53L-DMbfxW_euE7EDDQiFDEjwIQbsAcXx4KMFa5CkoGHvHTP13LmIAJKDtTEa9f4AE744KQ:1o8lM4:Sqf8KxISX8NYhkICZCzdjQD3hs0GCgSgWBWRwCE1GJ8	2022-07-19 16:24:52.307714+00
pm8jso6pmp73kmphvmnfaawz7pyq9uaf	.eJxVjMEOwiAQRP-FsyF0KQE8evcbyMKyUjWQlPbU-O-2SQ96m8x7M5sIuC4lrD3PYSJxFdaJy28ZMb1yPQg9sT6aTK0u8xTlociTdnlvlN-30_07KNjLvkZtNFjAQUOyniEycCKvNCbniZQb2ezJsyM7kkPth6is1UwZCQyKzxcO1Dh-:1o8lPp:447OM7bfOKrDlT2FpAsiD3ZtYYKrhJdVObRbR0dkHcE	2022-07-19 16:28:45.602674+00
mas7pfjea3w9yksza0vikgnda6jtfrmw	.eJxVjEsOAiEQBe_C2hDk04BL956BNDTIqIFkmFkZ725IZqHbV1XvzQLuWw37yGtYiF2Y9ez0O0ZMz9wmoQe2e-ept21dIp8KP-jgt075dT3cv4OKo85aOqNsBFIai0h4NoYkOKu1dABOWS29gpKSBEIXBVknosKUiwHhi2KfL_DYN4w:1o8lQe:AS5AkOtzml_mf3MARsprLJ81CjosbbdF0qLqhCx4rr4	2022-07-19 16:29:36.274638+00
x7209rarsew2abng1a7uv3xavg6jl8v4	.eJxVjMEOwiAQRP-FsyF0AUGP3vsNZGFZqRpISnsy_rtt0oMeZ96beYuA61LC2vMcJhJX4ZU4_ZYR0zPXndAD673J1OoyT1Huijxol2Oj_Lod7t9BwV62NROcWRNF8JyUIj1owkjekvF-C5BiTo5NBHCWEbM3ZCwmBzTwhUF8vjOmOR8:1o8lWb:eTJh9CB-uNTLu1w6c1hoq-4zwy3QEaGYcxS-2NslTIo	2022-07-19 16:35:45.42965+00
ixbppj7ub0a268copwy90yqawnojmkaw	.eJxVjDsOwjAQRO_iGln-26Gkzxksr3eDA8iW4qRC3J1ESgFTznszbxbTtpa4dVrijOzKgmSX3xJSflI9CD5SvTeeW12XGfih8JN2Pjak1-10_w5K6mVf-ww2eUVEHhQ5540YlERl9kxGCHQ2uAEDkEbpnNbZah0UyIkkWUzs8wX7rTer:1o8lXf:0Gg-T3mXVX1IT7oMO-BdFTAATy6VkltuTpKdp4dA168	2022-07-19 16:36:51.272266+00
oz95123bj7k4ljf7hhrg2vvvpa1l0xqz	.eJxVjDsOwjAQBe_iGlmJ179Q0ucM1q69xgHkSHFSIe6OLKWA9s3Me4uAx17C0XgLSxJX4ZW4_I6E8cm1k_TAel9lXOu-LSS7Ik_a5Lwmft1O9--gYCu9JgUwsTMETNm4QSmeYvaWMo9xVBwzEmoHAKwNTsayHSCTs3okT158vid0OJ4:1o8lad:6KXXINzgbj4rIAatmoGX_yPsIsD8YbNz3DUjQO6Pva4	2022-07-19 16:39:55.880856+00
9pe439739ncx2jgr0a744271u2cco0sd	.eJxVjMsOwiAQAP-FsyGydHl49N5vIMCuUjWQlPZk_HdD0oNeZybzFiHuWwl75zUsJC7CaXH6hSnmJ9dh6BHrvcnc6rYuSY5EHrbLuRG_rkf7Nyixl_F1zpqMmhI7uBlAtqxVsmeVJgUeOGKeSGN0iOSyR_LgiUzKyIoMiM8X_OQ38g:1o8lfK:9XHxm3KtlFkCXJSi13mDXa4FhDyNgEB1UMZnSYmZ16M	2022-07-19 16:44:46.473966+00
22lzc1y2lqwxhmdk0qkxtunuzf43i3e7	.eJxVjEEOwiAQRe_C2hAEpliX7j0DGWYGqRpISrsy3l2bdKHb_977LxVxXUpcu8xxYnVWJ68Ov2NCekjdCN-x3pqmVpd5SnpT9E67vjaW52V3_w4K9vKtHSSB0VI2KAGJHQJ5TzTwEZ3NnAMYDjyADcaHIJAJyNDoLLFhcer9ATDuOPA:1o8lfj:GvnVhE0xRWEsfizUf5dCdbkEky2sCE2qZG0FSMi5smc	2022-07-19 16:45:11.826781+00
sjt6k6ry7h8zxft0ah9yt5d7u5gwis7r	.eJxVjDsOwjAQBe_iGln-rK01JT1nsNY_HEC2FCdVxN1JpBTQvpl5G_O0LtWvI89-SuzK0LDL7xgovnI7SHpSe3Qee1vmKfBD4Scd_N5Tft9O9--g0qh7XYxUhQKIglYmzMqRU9ZCEEqj0bGQTEEBCJ01oQMpYCcOBFpltLXs8wXzsjZ_:1o8lfn:OCbm1WbWjWhFqrv3cJwtoeUT6ZBA33Ob2TVfQWtprX4	2022-07-19 16:45:15.254328+00
kkhip5pxzh7wzx0kgutxcwd5qtm512a4	.eJxVjMsOwiAQRf-FtSFCGTq4dN9vaIZhkKqBpI-V8d-1SRe6veec-1IjbWsZt0XmcUrqotCr0-8YiR9Sd5LuVG9Nc6vrPEW9K_qgix5akuf1cP8OCi3lW59TZ5xDCOwYXAgYoicOgpEyZEGTTGSG3mNyvUW0ADbnLBKoy8Co3h8IpDhv:1o8lmO:bvscNf13YnrDK9FoA0snGxh7IP5KAPU7vEEH_t0CcSc	2022-07-19 16:52:04.964589+00
e7jtmhx14s1d172aqi5d8znrv2zm2b9s	.eJxVjDsOwjAQBe_iGlnLxl9Kes5gre01DiBHipMKcXcSKQW0b2beWwRalxrWznMYs7gIZ8Xpd4yUntx2kh_U7pNMU1vmMcpdkQft8jZlfl0P9--gUq9bjboULoMihEygvSXjFKICh64MEZN2G3dQsvIWMhprFKA5J9SeC6P4fAEAxTeJ:1o8lnB:wj_KMmGqh-Mb05lo5i54a7JDl7quSVpXZFLjgdFPQyA	2022-07-19 16:52:53.68801+00
p6ywcueoop4d4dauevx434aa9pjf34on	.eJxVjEEOgjAQRe_StWkslOng0j1naP50iqAGEgor492VhIVu_3vvv0zEtg5xK3mJo5qLYTan31GQHnnaid4x3Wab5mldRrG7Yg9abDdrfl4P9-9gQBm-dUZFHr3nNrEHyPXSUHWWDFVyqLVNTc0k6nYiCFBOtRPyIVRMMO8PLyI4xg:1o8lpw:j1yFNPG9-6IP5520dVT1EVjWi86NF7-Kbd2hsLyfCB8	2022-07-19 16:55:44.196373+00
xkpx14jbkp6huai039ne2bqtj1x0b05f	.eJxVjDsOwjAQBe_iGlnrjeMPJT1nsNbrFQ4gR4qTCnF3iJQC2jcz76USbWtNW5clTUWdVYjq9Dtm4oe0nZQ7tduseW7rMmW9K_qgXV_nIs_L4f4dVOr1W4OM0RvgwVq2hYqzhtkJGUcCQ8yWssWAAbygeMaIBEUAPSG5UUi9PwmxOB8:1o8lqC:YM9DVMv0sLJhZGxWCuchJ_NgjoYFDrHKDzAa2UrCNsQ	2022-07-19 16:56:00.208467+00
n84b8td6bsma30w5eee2u2otgwn0208b	.eJxVjDsOwjAQBe_iGlnrT2xMSZ8zROvdNQkgW8qnQtwdIqWA9s3Me6kBt3UctkXmYWJ1UQnU6XfMSA-pO-E71lvT1Oo6T1nvij7oovvG8rwe7t_BiMv4rR10hjMX9NmHFC133mQbHRYfBADZsTiyRkoshARYgu3EhHAGopSien8AGLg4iQ:1o8lr9:FO3bH4EFaKZEB8X2E0sOmA8StTxzcNoEgd3uI6JD3XA	2022-07-19 16:56:59.869995+00
kjxn8a6fu61j3covif8i8brjzcg0st82	.eJxVjDkOwjAUBe_iGlmx45WSPmeI_BfjALKlLBXi7iRSCmjfzLy3GNO2lnFbeB4nElcRlbj8jpDwyfUg9Ej13iS2us4TyEORJ13k0Ihft9P9OyhpKXvdaw6mVxmdso4dIzi0EbzP0QdgnSMb40gh7SKwz6B0h5QDudyhseLzBRofOOU:1o8lrG:eiU22O--4nz5e9kstws313hx9IizIDJasB9KevNHXq0	2022-07-19 16:57:06.872082+00
6m7me2hy405wc8yaju12mp7trm9x0gqp	.eJxVjMsOgjAQRf-la9O0lD506Z5vaO7MFEENJBRWxn9XEha6veec-1IZ2zrkrZYlj6Iu6tyo0-9I4EeZdiJ3TLdZ8zyty0h6V_RBq-5mKc_r4f4dDKjDt2brWKwRz-R8cMxeYg9JFmxcBBobraS-bWIiA8AnbksQBEoEI616fwAomzkF:1o8lsv:-nQrGzpOH2HkcVLoEpvQmBpROCmbOcwnUlTm7HTswkM	2022-07-19 16:58:49.465089+00
tenzlsu6hglhyfnxv1szg0i0rlztvfqw	.eJxVjDsOwjAQBe_iGln476Wkzxks27uLA8iR8qkQd4dIKaB9M_NeIuVtbWlbaE4jiosAI06_Y8n1QX0neM_9Nsk69XUei9wVedBFDhPS83q4fwctL-1bRw0ciyZGHawDhRCInY6KPLrAZ09EsbLVHJRTCjgEj2BRczUGwIv3Bw1nN-o:1o8luQ:72psf8GgySWfy2QWQUIAtOuisvTgmHkfDmbOBaIOWgQ	2022-07-19 17:00:22.610905+00
kks1yv8akdcdge3i5yaeesxcp1h6ic6m	.eJxVjEEOgjAQRe_StWnamQodl-45QzPtDIIaSCisjHdXEha6_e-9_zKJt3VIW9UljWIuhoI5_Y6Zy0Onncidp9tsyzyty5jtrtiDVtvNos_r4f4dDFyHb-0wgzKUthVyDQgpYiwsoA30uWCM6PHsg28oSCBypOygJ59BGENv3h8BDjep:1o8lwP:DrT1XVu39yuKQzkoJnYcg2qcqBIAdBevTYeheMnYAVQ	2022-07-19 17:02:25.727666+00
pibuy1x0hxiv321l8lsc0rpuiqg6vt6c	.eJxVjEEOwiAQRe_C2hBgOiAu3XsGAsNUqgaS0q6Md7dNutDtf-_9twhxXUpYO89hyuIiPIrT75giPbnuJD9ivTdJrS7zlOSuyIN2eWuZX9fD_TsosZetVo4INWqDlBSfIdsE2lscDVpvQVt2nDHBYBIxKwcDR2DQ6GGkLRCfL_PBN6o:1o8lxV:rta2-cnt5KeAC4-m4u_rBrn7Rn9Z9uSZTt5LEF1oKQo	2022-07-19 17:03:33.585428+00
vlnwmhxdd9f9k0fm7xgj9w3179c1htgp	.eJxVjEEOwiAQRe_C2pBCERiX7nsGMsCMVA0kpV0Z765NutDtf-_9lwi4rSVsnZYwZ3ERYMXpd4yYHlR3ku9Yb02mVtdljnJX5EG7nFqm5_Vw_w4K9vKtDRAxD0wqg_fsYEC0o1NGeTTeKUAPMZFmp10ck05oISkTmQjPI4J4fwAfKzi5:1o8lyC:ljLlbFiO-3BeS-hEuR29dM6-g64Wb67Xo8Ux2A4Z-JU	2022-07-19 17:04:16.189251+00
ua8veamyjuo00jmzudwa3lvnt6e61rfm	.eJxVjMsOwiAQRf-FtSHDS8Cl-34DGRiQqoGktCvjv2uTLnR7zzn3xQJuaw3byEuYiV2Yt-z0O0ZMj9x2Qndst85Tb-syR74r_KCDT53y83q4fwcVR_3WoI0pOqlIpfhERjiIBSgJiBm9lA5MVk7GTAAa01lZYY201jmyKI1j7w8bMTfZ:1o8lyF:ccV6FHbyY1g8sDlMVtgd9Ro82eQlznRxxxR50Hwkv3o	2022-07-19 17:04:19.64133+00
mc6uohx4u2w8n4v65ajfxpabuv8wa3om	.eJxVjEEOwiAQRe_C2pBChwFcuvcMhGGoVA0kpV0Z765NutDtf-_9lwhxW0vYel7CzOIsvBOn35FieuS6E77HemsytbouM8ldkQft8to4Py-H-3dQYi_fGi2D9UieeFA4UgSfHRKAMQqnlIgVaA1k9JQcRD-OA2cPGdCiIXLi_QEBVDfB:1o8m01:pi4BpP8D_Qo_30TX6q8zY1Xy39dhABP5cpzUnOERf40	2022-07-19 17:06:09.130164+00
n2u10dtp7rvqvo2eps20mhuuwwtavcov	.eJxVjDsOwjAQBe_iGlmJfxtT0ucM0e7axgFkS3FSIe6OLKWA9s3Me4sFjz0vR4vbsgZxFd6Ly-9IyM9YOgkPLPcquZZ9W0l2RZ60ybmG-Lqd7t9BxpZ7HU105Dw4A5yGlHgiBm-NJuUSecdI44CjYg3BEqH12uoUAYJKExjx-QIviTi4:1o8m0j:96NeQcikU8i1JQv0-phEBxkz6YUzPnOYFJOz3bgJurU	2022-07-19 17:06:53.246525+00
t89fq807pxnk07hsdbr9bgmtj61ee2zc	.eJxVjEEOwiAQRe_C2pCBoQou3XsGMgOMVA1NSrsy3l2bdKHb_977LxVpXWpce5njmNVZGQB1-F2Z0qO0DeU7tduk09SWeWS9KXqnXV-nXJ6X3f07qNTrtwbxhgkwOSOSBiZhCFCOjIETGkErwYH3uZB1xgOFkqxFZjucECmo9wdA8zh2:1o8m1W:rEw_8B16gANMJ0L7DLvsfbtQrAySyK5ER3gW6sQZCZo	2022-07-19 17:07:42.208224+00
jcnafsob59w0uh33cwddyzrucq4w3k3l	.eJxVjEEOwiAQRe_C2pCZAUFcuu8ZmoFBqRpISrsy3l2bdKHb_977LzXyupRx7XkeJ1FnhYDq8LtGTo9cNyR3rremU6vLPEW9KXqnXQ9N8vOyu38HhXv51t6RRQsxiCehxJAtRofsTAKgGICRskcxV2uIkkUOJMbCMbEPJ8Pq_QEEnjdC:1o8mBF:J7extvvfiKo_RH60r5nNJPK7jIqq4RE9aLN6-x_c_Ps	2022-07-19 17:17:45.433216+00
yyz55a1tbx0dkw52jbkpbl55m0nq07ks	.eJxVjDsOwjAQRO_iGln-xB8o6TmDtd5d4wBypDipEHcnkVLAlPPezFskWJea1s5zGklchFZGnH7bDPjktiN6QLtPEqe2zGOWuyIP2uVtIn5dD_fvoEKv2zpTcRqJXDaD2gKQY2ECjbEEcn7wrLQnKmcs4ILSNlhk702xEcmy-HwBWQs5RA:1o8mBr:fSqxCURgN-hvBxTBhcq1ftY-JcewH5HuhtNVEmSGElM	2022-07-19 17:18:23.848191+00
9j8fqsbksmmaagb7e10ulx5m60gffoky	.eJxVjDsOwjAQBe_iGlm7YPyhpM8ZrF2vjQPIkeKkQtwdIqWA9s3Me6lI61Lj2vMcR1EXhXBSh9-VKT1y25Dcqd0mnaa2zCPrTdE77XqYJD-vu_t3UKnXb83JHYMPKGTMmcE5SIBUnHdQ0NpEWTIWCmAzJiuFmQz6UKxwQS9OvT8x_zj4:1o8mG0:-sFIGnNEH0zRAB_ExRSQ5IP-fbAHYNo5Y2XEdewvysY	2022-07-19 17:22:40.89078+00
qdr193lf92dhgh144zyc0a3ufg0jmjn4	.eJxVjDsOwjAQRO_iGlnelYNtSnrOYG0maxxAiZRPhbg7iZQCminmvZm3ybIuNa-zTrnvzMWQ8-b027aCpw476h4y3EeLcVimvrW7Yg8629vY6et6uH8HVea6rUtqAUecEmmkwpGbswfAWwbPkgIFRz4AguLRFCkcIqDKTgOR-XwBJx44YQ:1o8mJa:E1yQRgVHr2fbWo9t_9XnVS_aEKHPAgV4W_bAEuR-l1k	2022-07-19 17:26:22.589521+00
d4qeo8y76s9w2a1j5r7v418g35xvrok8	.eJxVjEEOwiAQRe_C2hCgMwFcuvcMZIBBqgaS0q6Md9cmXej2v_f-SwTa1hq2wUuYszgLrVCcftdI6cFtR_lO7dZl6m1d5ih3RR50yGvP_Lwc7t9BpVG_NUwWHFgAq9AzUMmAhsnrWChmZDRJ2RIZtNcY2RMlO1lEj4YMOSfeHx0TOBI:1o8mKn:4T8JqzU72VCsMMSy9qGMlfd_WacwNc23kmXkvtoT6fM	2022-07-19 17:27:37.031261+00
fn8084mxs47zbbwfu4r8j4240ew5o15d	.eJxVjDsOwjAQBe_iGllJ_NmYkp4zWLveNQ4gR4qTCnF3iJQC2jcz76UibmuJW5MlTqzOqu-8Ov2uhOkhdUd8x3qbdZrrukykd0UftOnrzPK8HO7fQcFWvrW12TH0JMl7AEM5wYAOSMaAfhDAjh2G7AQ4j2CdiLAYCN5kYzyRen8ARwg5Hg:1o8mL5:WVbuPZakGHgf7nSnly4COcPPLNDHq0KZj5xqQiugt5A	2022-07-19 17:27:55.74616+00
3fqreifipt50j7917n8hrk91mh165w5e	.eJxVjDsOwjAQBe_iGln2-htKes5g7dprHECJFCcV4u4QKQW0b2beSyTc1pa2zksaizgLrYI4_a6E-cHTjsodp9ss8zyty0hyV-RBu7zOhZ-Xw_07aNjbt_ZQMzmMQACIJoO21gYe2BguChwReo5RUfZKFzfUqGEIRoXqtCUVxfsDLog3xw:1o8mR7:JAUwho6Y4pEW-BOSh6oLFX0U2rxVeVwzOoDKUWrDwRw	2022-07-19 17:34:09.875353+00
6v0ewsto7itdr2496nzkt6bn0bhh06or	.eJxVjDsOwjAQBe_iGlmJfxtT0ucM0e7axgFkS3FSIe6OLKWA9s3Me4sFjz0vR4vbsgZxFd6Ly-9IyM9YOgkPLPcquZZ9W0l2RZ60ybmG-Lqd7t9BxpZ7HU105Dw4A5yGlHgiBm-NJuUSecdI44CjYg3BEqH12uoUAYJKExjx-QIviTi4:1o8mZC:hnLTCc4sgECtcLc5fj7xc7VVooLNogShLpW2Kjwjpxs	2022-07-19 17:42:30.396024+00
1gxmtancxekjlg7pmgg9ilf47mn9jijz	.eJxVjEEOwiAQRe_C2hBoYQou3XsGMsOMUjU0Ke3KeHfbpAvd_vfef6uE61LS2mROI6uzsiao0-9KmJ9Sd8QPrPdJ56ku80h6V_RBm75OLK_L4f4dFGxlq8UHseTB0A05Bod9hhhoyM6hePBiHXNAtpvROXAEiNlE8BFsh0OvPl8-Wjg6:1o8mem:3Elz0RzOQsSYVHxs4pKghX1rH_VNdBJ9A9xeIZuE5IY	2022-07-19 17:48:16.303877+00
nrndat9mpknvpran7w3psn124la3i2ve	.eJxVjDsOwjAQBe_iGlmx499S0nMGa71e4wBypDipEHeHSCmgfTPzXiLitta4dV7ilMVZKO_F6XdNSA9uO8p3bLdZ0tzWZUpyV-RBu7zOmZ-Xw_07qNjrt0YKqQBqxTkb4OKdG3gIUKxLxpMaCTNzcFY57UZIZG0wRGBKCh40iPcHUZE4mA:1oIvVi:ytl9khLQtLG7UBiYmzzfpgQdBOPw9oJNR8BtVCHWxds	2022-08-16 17:16:50.693369+00
9h5dakhg6vkqm2h1fr6mgyj0f06gn0pz	.eJxVjEEOgjAQRe_StWnoTG2nLt1zhmaYDoIaSCisjHdXEha6_e-9_zKZt3XIW9Ulj8VcjDOn361jeei0g3Ln6TZbmad1GTu7K_ag1bZz0ef1cP8OBq7Dt8bgPEpSaHzEIIXP4AN7Am0cRexRKYmDIORS8pGgJxWKPcTgEKEx7w-ssjY2:1oD4yM:24MXYpZj20dwVB-m9wloxkM6xElanlmcXEKj1kUJQUI	2022-07-31 14:10:14.731351+00
mmbaqqfz9iiteeo00y021yg7ml0fu7z9	.eJxVjL0OwyAQg9-FuUKBC38du-cZ0MGRkrYCKSRT1XdvkDK0khf7s_1mHvct-72l1S_ErkzYgV1-04DxmUpH9MByrzzWsq1L4L3CT9r4VCm9bmf37yBjy8faheCEcKg0GQQw3YWZZmksajkARDdaJ5QFBYRyRMIoUKJNEA9p9vkCIDY4MQ:1oIvq9:r5XGgfzgRDy7-Jwfa6h-ngcHrmnebzUoAOGryZ8qlMg	2022-08-16 17:37:57.929705+00
utezxdrw1ut5tt42pquqv1filmaa9aqx	.eJxVjEEOwiAQRe_C2pAB2jK4dO8ZCDCDVA0kpV0Z765NutDtf-_9l_BhW4vfOi9-JnEWCpw4_a4xpAfXHdE91FuTqdV1maPcFXnQLq-N-Hk53L-DEnr51ilGtIYpJxesATXiSNOgOWsNaSCn0FoNE6IhRDApqIisDRulAAiyeH8AKV83oQ:1oDOpr:fEjY4vQ5kX06cEEH0X06sW94dCcxNQtpXRMN4fbx8V0	2022-08-01 11:22:47.423762+00
w01jlte6ztui0ne1aizo571iokvb03l6	.eJxVjEEOgjAQRe_StWnoTG2nLt1zhmaYDoIaSCisjHdXEha6_e-9_zKZt3XIW9Ulj8VcjDOn361jeei0g3Ln6TZbmad1GTu7K_ag1bZz0ef1cP8OBq7Dt8bgPEpSaHzEIIXP4AN7Am0cRexRKYmDIORS8pGgJxWKPcTgEKEx7w-ssjY2:1oE597:nLu-F10tgJK0N6Jz8j4rDfpFWDIoC4Y9dWvz6K7hPaQ	2022-08-03 08:33:29.538649+00
e3hnyij6y7l6xt962p3sl44zwz6k9fod	.eJxVjEEOwiAQRe_C2pBCywAu3XuGZpgZbNVAUtqV8e7apAvd_vfef6kRt3UatybLOLM6K2_U6XdMSA8pO-E7llvVVMu6zEnvij5o09fK8rwc7t_BhG361uAsdT06mxPHbJw3A3I0kD0A9QEGseSxH4SSiDXAlqLDkLsQCULn1PsDAxU35Q:1oE6IK:Q2cvmrsCHs-pbpU_IConrikiD4SZvMU8DYDhkpvBahM	2022-08-03 09:47:04.781691+00
cfiq3fydqhrchkd20v6euxivgn5arycb	.eJxVjEsOwjAMBe-SNYpiJ20Sluw5Q-XaLimgVOpnhbg7VOoCtm9m3st0tK2l2xadu1HM2QB4c_pde-KH1h3JneptsjzVdR57uyv2oIu9TqLPy-H-HRRayrf2mH2jbR-caBQCxEaZqI0xspOUOfHACDKQeh9zcjEEJKAhIDtoxLw_MU84WQ:1oEYbp:oyGKQkj5RAJ_FH3wGjrJYTWk2CUq2JQzFA67RC1_yQk	2022-08-04 16:01:05.10766+00
jkke024zdz2xtmysmjptgk6m567chkyo	.eJxVjMsOwiAQRf-FtSHlNYBL934DGWCQqoGktCvjv2uTLnR7zzn3xQJuaw3boCXMmZ2ZsI6dfteI6UFtR_mO7dZ56m1d5sh3hR908GvP9Lwc7t9BxVG_tU5eGAcStHSAUpH3XljlikjGoBUahCYoLqEFbyFPURnIQMXGFLWa2PsD9tE3Pw:1oIviF:gUFroMAWr7y9uGnNHk5lsrSNOATH56C3td-pRxqgk_A	2022-08-16 17:29:47.351919+00
cnaqbg84ce4797mufku4ddjlmeicq3s2	.eJxVjDsOwjAQRO_iGll2bGsxJT1niGa9GxJAsZRPhbg7iZQCypn3Zt6mxbr07Trr1A5iLsb7aE6_LaM8ddyRPDDeqy11XKaB7a7Yg872VkVf18P9O-gx99ua1ItycVEp5CSSSoO8Be7cWeF8ASQQU8pdAhC9YwoEalKKnAXm8wVUmjkZ:1oEYj3:q4fj4RmdsyY-FKprG4WVntr8F-HZ_4tfXj6kwUj9kA0	2022-08-04 16:08:33.558365+00
3b7vokwfla9hgjehivgrrobrpi6lb27j	.eJxVjsEOwiAQRP-FsyEUWKQevfsNZNkFqRqalPZk_Hdp0oNe582bzFsE3NYStpaWMLG4iGEAcfpNI9Iz1R3xA-t9ljTXdZmi3CvyoE3eZk6v69H9GyjYSreBSSnN0VhFAOg9e8MOojtbTCobnVHFrLN1msmM3mTXv_CYqCtgSHy-Lxg4Ww:1oEYmC:_Tc6_41OdM0J2-_Eb29UVSFGoN7xeio8kHDV4rcIB8Y	2022-08-04 16:11:48.32157+00
3a4avjcxwvnz0vyeohgfdheeqcih19t0	.eJxVjMsOwiAQRf-FtSFDi8zg0n2_gQwM2KqBpI-V8d-1SRe6veec-1KBt3UM25LnMIm6KGOcOv2ukdMj1x3Jneut6dTqOk9R74o-6KKHJvl5Pdy_g5GX8Vt7NIggkblQBAIg44uIcb5QtpCwAINQcT46kDPlrusteSmIaFPv1fsDKcs3-A:1oEYnE:IhVdh0RGc2PjXdIevqyxT9k2SUe3yuhc1qr3jWXPTNo	2022-08-04 16:12:52.560531+00
743jiq1cjwz5rnzco2jmv8sim32j70fv	.eJxVjEEOwiAQRe_C2hBBYKhL956BzDBTqRpISrsy3l2bdKHb_977L5VwXUpau8xpYnVWxoA6_K6E-SF1Q3zHems6t7rME-lN0Tvt-tpYnpfd_Tso2Mu3JgHJ7EL0EKy3OACOzuUTRsciR7AmGPQRybsYKMBA3pOxBgIzA43q_QEvKThI:1oEYo4:q898Z4L9rHS08nsshzaoAjGCGzsbBNs3TrQ2FuALYME	2022-08-04 16:13:44.431418+00
7n06yvy3og1mn4f42x021a8i8sizko16	.eJxVjMsOwiAQRf-FtSEw8pi6dN9vIMBMpWogKe3K-O_apAvd3nPOfYkQt7WErfMSZhIXoTWK0--aYn5w3RHdY701mVtdlznJXZEH7XJsxM_r4f4dlNjLt7YWjSK02p8REsEAWnnDE2W0ygO7DBoZidxEZF1knSxgNjBEkwyxeH8ADH04FA:1oEYoa:s1v6uqWGPIMgrQXc5ZaqSRNwiBWi4K0WF_2cVvXKctM	2022-08-04 16:14:16.257553+00
b144we7k4z39yyl7wx8d1j1n10tpzthm	.eJxVjMsOwiAUBf-FtSFQsBSX7vsNzeU-pGogKe3K-O_apAvdnpk5LzXBtuZpa7xMM6mLsjaq0--aAB9cdkR3KLeqsZZ1mZPeFX3QpsdK_Lwe7t9Bhpa_tQHv2HtnzpCIDQk56bsQKQ4-kR24MwFSYKZAFER6EIcI6EUscrLq_QFSUzoV:1oEYwk:Wst4sdeZot97xc22v1TM1uRNj59PCSQyelgTKnxQxFk	2022-08-04 16:22:42.28557+00
4d0c1wyksqf2c0fhqke2xb3jigmzlp5k	.eJxVjMsOwiAURP-FtSG8atGl-34DuQ-QqoGktCvjv0uTLnQ1yZkz8xYBtjWHrcUlzCyuQhslTr8UgZ6x7BU_oNyrpFrWZUa5K_Jom5wqx9ftcP8OMrTc10NM3jtjFTJ5BLCUKA3EQBdWiqxTPRwiAbOykLQZkzvbEU1H2kbx-QJjBjmy:1oEZ0o:K2-s3tROzITCjcJlOUus6XEacEjbO_yb1lZsxBoEF1Y	2022-08-04 16:26:54.908521+00
z7k6nn27cqf1iws0ckd20hzmyc5lprop	.eJxVjMsOwiAQRf-FtSEww8O6dN9vIAMMUjU0Ke3K-O_apAvd3nPOfYlA21rD1nkJUxYXoUGL0-8aKT247Sjfqd1mmea2LlOUuyIP2uU4Z35eD_fvoFKv31oZXTI4axOxTwkBoUSnwDiNJgMiDoY9sMYzInNxXkcawHnPKkay4v0BDgQ3kw:1oEZ3I:4Nj-ofYYgRqnstx-bDTrmuxHiUT_73ZQuodGXw00VZc	2022-08-04 16:29:28.728168+00
1gk9q1qws7snqys9jno5rhdlxr953cwj	.eJxVjDEOwjAMRe-SGUXYieKWkZ0zRE7skgJKpaadEHenlTrA-t97_20ir0uJa9M5jmIuBhDN6XdNnJ9adyQPrvfJ5qku85jsrtiDNnubRF_Xw_07KNzKVqs_k2ZFYSQPGRU8utBBVpEhqELIRMI-BUDHTnqi1A8oHTG6zTWfLz2ROF0:1oEZCg:2FJAJccPYbXkFx92isoUqs9r5jCDjfASZrzh6KC1Gqo	2022-08-04 16:39:10.726511+00
r1fadwo9ngexux9x5psgw4n9e49glsdg	.eJxVjDkOwjAUBe_iGlnxmpiSnjNEfwsOIFuKkwpxd4iUAto3M--lRtjWPG5NlnFmdVbGOnX6XRHoIWVHfIdyq5pqWZcZ9a7ogzZ9rSzPy-H-HWRo-VsH7gWh996JJEE_YIhMQ-IgMbpAnieDBhx2tpsMWCMpkHPeEsQpEKj3B0iEOOw:1oEZDZ:1xKJaMs-SvNS_XPeTdW7o9CcZ8DbuKz5T8cFlTvk6mc	2022-08-04 16:40:05.170824+00
8ucaqhoauwsc38z60nztds689lywn6bj	.eJxVjDsOwjAQBe_iGlnOYhtMSZ8zWPsLDiBHipMKcXeIlALaNzPvZTKuS8lr0zmPYi6mA28OvyshP7RuSO5Yb5PlqS7zSHZT7E6b7SfR53V3_w4KtvKto4-UOsSYWIMTr-jwLATokvpwTBIYfMQA4hwNDBBBT-gish8CEZv3BzgeONg:1oEZGI:LzFASRlCPw7Sqknllf1HH55rhx-fTIJLLVyVDDepbXM	2022-08-04 16:42:54.145319+00
plrgcr0e8mdqsvutof9zf5p89t8hojlk	.eJxVjEEOwiAQRe_C2hBnCgx16d4zkCkMUjU0Ke3KeHfbpAvdvvf-f6vA61LC2mQOY1IXBWjV6ZcOHJ9Sd5UeXO-TjlNd5nHQe6IP2_RtSvK6Hu3fQeFWtrUVMNYJ9xEcGUyRcgTpGSESboDlzJQ7JEuOferIZPYoyXoAyw7V5wsmaTfb:1oEZGN:_fZyGqP-8w3BYl6OQSgBSfsPuD1tj_Cu_U7vmAyhVaU	2022-08-04 16:42:59.075506+00
6vvggsxnkg868799lhbenccbz04ofhgy	.eJxVjDsOwjAQBe_iGln-hfVS0ucM1tpe4wBypDipEHeHSCmgfTPzXiLQttawdV7ClMVFaHMWp981Unpw21G-U7vNMs1tXaYod0UetMtxzvy8Hu7fQaVev7VjtqjKQLEQOmClCw6FrAWNOQGiN8m4mECztyZlYA2oolYesnOA4v0BNsg39A:1oEZGy:JveWKXifmfEuWrr3y5MZPbnbdrPW2MGj48dUlY9fq0I	2022-08-04 16:43:36.014006+00
5izqidsubolz4ji1cfq814m3lhw3gvem	.eJxVjMEOwiAQRP-FsyHLUkE8eu83kAUWqRpISnsy_rtt0oPeJvPezFt4Wpfi186zn5K4CoVWnH7bQPHJdUfpQfXeZGx1macgd0UetMuxJX7dDvfvoFAv29pqDkAagOOWrEJFQcczIoScBgI04Ew0BERszZAu2emEnBmAHAYjPl82ujic:1oEZLI:j7-0dnh-tZckcMSkOnIt-_FXlGYjMeOg99N5NblqyX4	2022-08-04 16:48:04.423796+00
z2wgvm262n4yho4no2s7qnwnxty5hvui	.eJxVjMsOwiAQRf-FtSEwUB4u3fsNBIZBqgaS0q6M_65NutDtPefcFwtxW2vYBi1hzuzMJDh2-l1TxAe1HeV7bLfOsbd1mRPfFX7Qwa890_NyuH8HNY76rQWiVSUWYTUgeC1U9JN0QhF6k0XSYIGUUsnpRDQZCUWSlmilAWdTYe8PGb43ng:1oEZLh:M-bPmPS21cE4dmXosQRplA2ab6eWQDYn6aqR8Xug4Zk	2022-08-04 16:48:29.107914+00
aqlhxia3v2czbc765fkne38usf1wd5b1	.eJxVjEEOwiAQRe_C2hCYGQRcuvcMhMIgVUOT0q6Md7dNutDtf-_9twhxXWpYO89hzOIiNHhx-l2HmJ7cdpQfsd0nmaa2zOMgd0UetMvblPl1Pdy_gxp73WqTwSnijFQ0e0BltVZwpojggJNGy8gARXkgZ7FsDKMiZ5DIsM_i8wX1XjZ-:1oEZS6:jmsq6ei-B7NRj1jQkevt8_kBiGCjvtUVpvz1unTPcCo	2022-08-04 16:55:06.173332+00
rh9n85n4ani6zcc2p22v447xeoh79xx2	.eJxVjMsOwiAQRf-FtSEwdHi4dO83NAMDUjU0Ke3K-O_apAvd3nPOfYmRtrWOW8_LOLE4C22UOP2ukdIjtx3xndptlmlu6zJFuSvyoF1eZ87Py-H-HVTq9Vt7A-A4GPRKW8DAQ0B0NCAjotWQGHxUJUBUyNYNoLzLQFxKVJpMEe8P4_03GA:1oEZT5:-Q6sapzHyRNdApF_bBY4gEaPCVKfsEUVFC13gJRgFpQ	2022-08-04 16:56:07.145895+00
ftio8344hmlg5l10513783wz98wnayg8	.eJxVjEEKwyAQAP_iuYira5Qee-8bxHVNTVsUYnIK_XsRcmivM8McIsR9K2HveQ0Li6sAA-LySymmV65D8TPWR5Op1W1dSI5EnrbLe-P8vp3t36DEXsaYZ5W8wey0M95ZbSHNeWIgm0hHMAosTcogxqQzgvKOPaJVyMTARny-E6Q3hQ:1oEZT5:3t290r5-aeslzaujtb4WC8nET-1NBeTA5WrZVCxQ_cY	2022-08-04 16:56:07.593107+00
dxdt8z44wo1exil2gida7i95xd0s7uyw	.eJxVjEEOwiAQRe_C2pAMA1JcuvcMZGAGqRqalHZlvLtt0oVu33v_v1Wkdalx7TLHkdVFARp1-qWJ8lParvhB7T7pPLVlHpPeE33Yrm8Ty-t6tH8HlXrd1gEhZAFJ4JkHJM-WHdJgxZtUSgE2gaC45ChYDGg2DFbOhm0o6El9vjySOHA:1oEZlC:MtGt3giyd8sgjd-43k1k81FV7SOQE-m5sM9NKG1pQUc	2022-08-04 17:14:50.377697+00
vetl3lpnh5i4lhvoj0bf7l7yw1y28fyg	.eJxVjMsOwiAQRf-FtSE8CliX7v0GMsMMUjWQlHZl_HfbpAvdnnPufYsI61Li2nmOE4mL0NaK0y9FSE-uu6IH1HuTqdVlnlDuiTxsl7dG_Loe7d9BgV629QgeCQ0woGK0Jp0doNPI2Q_OWwsGNQegwIOhrLJXyeeRfE4ccAPi8wVpGDoF:1oEZq7:M4PsWQ5rcZufyEKwKXiLpccV8xPwew43XG7UgtfZCFQ	2022-08-04 17:19:55.833559+00
b8ocann3zoa21izjuy2yz1e2dkpcdcrj	.eJxVjEEOwiAQRe_C2hBmmAJ16d4zEGAGWzVtUtqV8e7apAvd_vfef6mYtnWIW5MljqzOCiyp0--aU3nItCO-p-k26zJP6zJmvSv6oE1fZ5bn5XD_DobUhm-NCOKZMdmQyaAgsHeBIVNXck8ZyKMxvWVy6KiKreIDGB9YalcE1PsDFfI30Q:1oEa4n:1hRMYbAzXp6dmGV0lcapjd6CRJE0--T5_Vgqjm2mDWs	2022-08-04 17:35:05.240962+00
swygc5ds5d1wo73fyankwekuo5kltf9m	.eJxVjMsOwiAUBf-FtSGl5CK6dO83kPtCqgaS0q6M_65NutDtmZnzMgnXpaS165wmMWfjPJjD70rID60bkjvWW7Pc6jJPZDfF7rTbaxN9Xnb376BgL99aB44ooxxVQ2QPypE8U2AnkSEDCEBmzhoIMqrTAIF4JMc6RO9O5v0BdGk57g:1oEaJE:oUM4EzyXjRlq6PUiDpyA8-6lfjMnb5O8AkeBiZqfgcw	2022-08-04 17:50:00.199247+00
b2c8zx2rem01h3ic20fomcnwmsv8xjmn	.eJxVjMEOwiAQRP-FsyGly8Li0Xu_gQALUjVtUtqT8d9tkx70OPPezFv4sK3Vby0vfmRxFQqMuPy2MaRnng7EjzDdZ5nmaV3GKA9FnrTJYeb8up3u30ENre5rNIoQUOtMJTkmLgRxTw5t0khgHBL1QGijUaxKLqA71fWaDUAhKz5fAy826Q:1oEaue:NnsX7SvF0853TWtzmHI5OSrr9765e8b7eQP4dqcnNPA	2022-08-04 18:28:40.296314+00
p4dt8h9qoitxc3aatfgzyvv79axxt0mw	.eJxVjMEOwiAQRP-FsyHYrgt49O43EHYXpGpoUtqT8d-VpAc9zGXem3mpELe1hK2lJUyizuo4WnX4bSnyI9WO5B7rbdY813WZSHdF77Tp6yzpedndv4MSW_mufc4EzmaRIXkEBEZDAgM5G8FbPKVMTrIxBoiNOEZxeWQP2INevT9GtziW:1oEb29:xQFP-_2C7z6a2dljf8NrOYRJeL2_o2Jcom6xC78W804	2022-08-04 18:36:25.556264+00
y5ux5pnvda0a7az3ui0zuv4n48g4y0ra	.eJxVjMsOwiAUBf-FtSFAody4dO83EO4DqRqalHZl_Hdt0oVuz8ycl0p5W2vauixpYnVWdgB1-l0x00Pajvie223WNLd1mVDvij5o19eZ5Xk53L-Dmnv91uC8LSKMTtgUZhQiKkDWkYviA2CEkK0J3rAxGH0Zo4uFBhoRLHj1_gBmdzj2:1oEbE1:SleYM3fNoG4jnLG74mJ-1ttn1V3PO5XvTJVugJ4T02k	2022-08-04 18:48:41.487494+00
c5ng5qve2286qcwp6rnmx6nv9sws9d20	.eJxVjDsOwjAQRO_iGln-ZmNKes5grXcdHECOFCcV4u5gKQV0o3lv5iUi7luJe8trnFmchbZBnH7bhPTItSO-Y70tkpa6rXOSXZEHbfK6cH5eDvfvoGAr3zUBW-WNN5YIXE9oSYNmdAYAnAX2k87G2THpnGDSCGrENISgfBiMeH8ABt03FQ:1oEbSX:KtlmqgCnxnO2oM8u1cBdIBQwiv5HDihIJzT5ZMLvt5Q	2022-08-04 19:03:41.119984+00
rwxew0xjorq5a6r3cpbv66zks28134ak	.eJxVjDsOwjAQBe_iGln-ZWNT0nMGa71e4wBypDipEHeHSCmgfTPzXiLitta4dV7ilMVZaKfE6XdNSA9uO8p3bLdZ0tzWZUpyV-RBu7zOmZ-Xw_07qNjrt8ZQwJbMo2KbjB4AXSFGcqMnMm4wRTNbB8qzVsFTNsA-BGZI2toE4v0BRts4oQ:1oEbSa:ecQwurdkLCIA12khQtK-kKAaAqj8Z8n6dJrJMy8uceY	2022-08-04 19:03:44.100521+00
achv1h1g3sbxq0pg27xd2kl44hnaqqt4	.eJxVjMsOwiAQRf-FtSEww8O6dN9vIAMMUjU0Ke3K-O_apAvd3nPOfYlA21rD1nkJUxYXoUGL0-8aKT247Sjfqd1mmea2LlOUuyIP2uU4Z35eD_fvoFKv31oZXTI4axOxTwkBoUSnwDiNJgMiDoY9sMYzInNxXkcawHnPKkay4v0BDgQ3kw:1oEbtF:j98v3C-M5ewUF33L-3R99nKzpZuYqa2EPptcwzevjgQ	2022-08-04 19:31:17.247107+00
1u8vy2aoyvwj6xyi5mfwju74xra5vtuz	.eJxVjEEOgjAQRe_StWnoTG2nLt1zhmaYDoIaSCisjHdXEha6_e-9_zKZt3XIW9Ulj8VcjDOn361jeei0g3Ln6TZbmad1GTu7K_ag1bZz0ef1cP8OBq7Dt8bgPEpSaHzEIIXP4AN7Am0cRexRKYmDIORS8pGgJxWKPcTgEKEx7w-ssjY2:1oImAj:Ly8-3c-O2zyNKWVJ0N7X3uILR3AXfvHeqHSXGVMn9nU	2022-08-16 07:18:33.074047+00
orpvmcoih2t1lug1gr45glvpi9309fs5	.eJxVjLEOwjAMRP8lM4piNzEtIzvfEDl2IAWUSk07If4dKnWA8e69u5eJvC4lri3PcVRzMuDRHH7bxPLIdUN653qbrEx1mcdkN8XutNnLpPl53t2_g8KtfNcdEWGXe--IeUg9IfcOryDHwAEc6RY4MKA4wiSqAgCUxaHXAYJ5fwAHkDd7:1oIuDA:1qhGYdJV6xvdet63joe6eJojm8T3YmVm-9PMUYffbA8	2022-08-16 15:53:36.657901+00
4calu8hszahtmd3jfgyxphejudxhf5pa	.eJxVjMsOgjAUBf-la9O0hV6oS_d-A7kvBDVtQmFl_HclYaHbMzPnZQbc1mnYqi7DLOZsfNuY0-9KyA_NO5I75luxXPK6zGR3xR602msRfV4O9-9gwjp96-h9DzExRAdeNDFB6MA7iaNLCREjMhC3YwgpUCeiXVKFHthBQ6E17w8YAzgS:1oIuIw:r_ms917EuZsgob1SgFRv0ybumO9uIPZa9RbtPP1RskM	2022-08-16 15:59:34.602542+00
xrd68vn74yy2gyv2bozxwkzvxtse0uc5	.eJxVjEEOwiAQRe_C2hCg0IJL9z0DmRkGqRqalHZlvLtt0oVu_3vvv0WEbS1xa7zEKYmr0NaKy--KQE-uB0oPqPdZ0lzXZUJ5KPKkTY5z4tftdP8OCrSy1x5IZ6M8KraGjdXslcYuOFZgdXbEyBRy0A6DyZhsT73JXVI0DDsF8fkCN4447Q:1oIuKB:P0tiX0BRERoaON6wwcUzd6vhX8n48aPBiyNGiNu0dac	2022-08-16 16:00:51.163562+00
n3fl14fprr0wmclslnyj6s1f5zs8l2pq	.eJxVjDsOwjAQRO_iGlm28WdDSZ8zWLv2ggPIkeKkQtydWEoBxRQz72neIuK2lrg1XuKUxUVo68TpdyVMT64d5QfW-yzTXNdlItkVedAmxznz63q4fwcFW-nHGBIE9I7VHjbk9dlpDz7t1ZrhhgwOjAsE2uZB-aSVRU8ExAkViM8XF6c34A:1oIuRj:svZQ_5mT1G3_B_2qUSXeuXEWmHtZD6glLvXCbghT7-o	2022-08-16 16:08:39.207654+00
frxedind8az8tvefdcysb4duq01tvnrn	.eJxVjMEOwiAQRP-FsyFAcLfr0bvfQFhYpGpoUtqT8d9tkx70Npn3Zt4qxHWpYe0yhzGri7Ie1Om35Zie0naUH7HdJ52mtswj613RB-36NmV5XQ_376DGXre1MZhYzCBkvEQGYk4AJiEnJEDnhy0SOY9nB4RowZmSvWNnqYgt6vMFJ103vg:1oIuRl:bG9hU31tPgK5hSU95wHwu0pt_y9D34uSxZDOmL_f7_E	2022-08-16 16:08:41.724067+00
w5d8t5dhmj435h8kh9h7l6ipovnvfo1f	.eJxVjDsOwjAQBe_iGln-fyjpOYO1Xq9xADlSnFSIu0OkFNC-mXkvlmBbW9oGLWkq7Myk8ez0u2bAB_UdlTv028xx7usyZb4r_KCDX-dCz8vh_h00GO1bB1k96GrBGCRto49R2exdDYqCsxWF9UUBSdJO5KoDQnAI0WgKiKKy9wcqwjiI:1oIuWJ:us3DE5NOpv06F494wvNqqXZBQPV5tzUpK4gVQmQol74	2022-08-16 16:13:23.591172+00
op0li36qstxnyjzxlivrghwtfibmi468	.eJxVjEEOgjAURO_StWmg_a3FpXvP0Ez7PxY1kFBYGe8uJCx0O--9eauIdSlxrTLHgdVFtRTU6XdNyE8Zd8QPjPdJ52lc5iHpXdEHrfo2sbyuh_t3UFDLVvteOhJPBNvBoAexTS2xGCeNpJCtExh21MACjkLDbM4SwFvge6c-X0_JOSA:1oIuXI:7SN48qJS8VgTS4TicNYHlRGHjVO_yfRA4KA5KJN8Dqc	2022-08-16 16:14:24.707099+00
wwwnlma4ewdaabpiddjffmtbe9z67c41	.eJxVjE0OwiAYBe_C2pBSoIBL956BfH-VqqFJaVfGu2uTLnT7Zua9VIZtLXlrsuSJ1VkZl9Tpd0Wgh9Qd8R3qbdY013WZUO-KPmjT15nleTncv4MCrXzriGBTR0LcO7Yeh9ECo-ljGsbk2QNGQyIEFIFsohgoeAeA3rHpMKj3B1_5OYk:1oIuXg:VaXLitaf1_pZKq3uLjKPq13grIy_6gN8rfFEHCfDSUE	2022-08-16 16:14:48.445876+00
f89my8ylnt6ai24etb60uu4wqk2jccxy	.eJxVjEEOwiAQRe_C2hCG6gAu3fcMZIBBqgaS0q6Md7dNutDtf-_9t_C0LsWvnWc_JXEVcFHi9LsGik-uO0oPqvcmY6vLPAW5K_KgXY4t8et2uH8HhXrZakoBtYXsIlkG5xBTMIPJmhFtTugoG45nAhwGIDabka1SmEEHUgzi8wU_djh-:1oIubJ:Mm42PF6Lb92A5c-7hp-zbAPMZ1CtHBtxw_R_AWPmoT4	2022-08-16 16:18:33.610233+00
aqxqfd4kquh9to9v3qfpd25abi8ohqwg	.eJxVjEEOwiAQRe_C2pAZoQIu3XsGwjCMVA1NSrsy3l2bdKHb_977LxXTutS49jLHkdVZ4YDq8LtSyo_SNsT31G6TzlNb5pH0puiddn2duDwvu_t3UFOv39qyMQWGJCcKaK0HG8AVCQk9msDi6AiQvTATMVoUySBAxlvnJGdS7w8nOjjB:1oIugR:D58vhsMccgHE2pNSsGfcgAdF3gEhg5n3_9ZHMavsc4c	2022-08-16 16:23:51.945515+00
uqi30fa5addk1kgo58gjrwiluv8nfxce	.eJxVjEEOwiAQRe_C2hCGMi116d4zEAYGqRpISrsy3l1JutDte-__l3B-37LbG69uieIsALU4_VLy4cGlq3j35VZlqGVbF5I9kYdt8lojPy9H-3eQfcvftVUQlUk0mMlqPaO2EXyiTvQwKUSj2Voa4wwwIhgiBgyG2HMiYBLvDwplOCc:1oIugb:MsbTd-LY260ugQra8EvaoBHDJK7LZeBT0QFzKpfHd7c	2022-08-16 16:24:01.486591+00
wv7auo1xcso96s0gtwqhgopielqc4ps9	.eJxVjMsOgjAUBf-la9PQ1kuLS_d8Q3NfFdRAQmFl_HclYaHbMzPnZTJu65C3qksexVyMg2BOvyshP3Takdxxus2W52ldRrK7Yg9abT-LPq-H-3cwYB2-ddNxggYoMECL0rFAkHNKWBJ4ccQBXcEopF6YuuQDamwLljZG9YTm_QFA3Dld:1oIugq:DQDC8gXEP2BF2EKXHDKPaAaOupN6ZdrSVxLUzbcQqCU	2022-08-16 16:24:16.904561+00
rj7pdvjsmy5l7gv60z96lo9bhdqyog97	.eJxVjEsOwjAMBe-SNYpqYicpS_Y9Q2THKSmgVupnhbg7VOoCtm9m3ssk3taatqXMaVBzMUBoTr-rcH6UcUd65_E22TyN6zyI3RV70MV2k5bn9XD_Diov9VufW3W9K6R9JiZwhJhjYQ8g0jQFogqh86yCHgNF8IShD9IG0NBga94fLgY3rw:1oIuhn:XXHcI3qX6STzotwsNv65mcILpVT11VteC04zd6lE8J8	2022-08-16 16:25:15.359539+00
ps939c4i6oboxnyvuse1nqm12pnu09rx	.eJxVjDEOwjAMRe-SGUWxktQpIztniOzYpQXUSE07Ie4OlTrA-t97_2UybeuYt6ZLnsScDcRoTr8rU3novCO503yrttR5XSa2u2IP2uy1ij4vh_t3MFIbv7WLSD0nT50v4gIq-ASBA4gCU6cwdJjIIyYHBRFYlDgNkXskHojN-wMk8zjD:1oIukM:Vqm7s6ZpatgFcBuMV-seBp6fTQl11rFPpA8NcftJXQE	2022-08-16 16:27:54.048186+00
hwdfc6iq9fx2dbdrq291g0hdz3uonh9v	.eJxVjMsOgjAUBf-la9PQ1kuLS_d8Q3NfFdRAQmFl_HclYaHbMzPnZTJu65C3qksexVyMg2BOvyshP3Takdxxus2W52ldRrK7Yg9abT-LPq-H-3cwYB2-ddNxggYoMECL0rFAkHNKWBJ4ccQBXcEopF6YuuQDamwLljZG9YTm_QFA3Dld:1oIul9:kxbavXg6w8u11ZXQCJB3E7MAlCmYM4L5k0D1eAaRb4M	2022-08-16 16:28:43.889226+00
14ozayp94qwufqesuvsmyph2uf6wnmo8	.eJxVjEsOwjAMBe-SNYqaBDspS_Y9Q2XHDimgVupnhbg7VOoCtm9m3sv0tK213xad-0HMxThAc_pdmfJDxx3JncbbZPM0rvPAdlfsQRfbTaLP6-H-HVRa6rdWwZJES5SzutbHHCJxwMYLpoYbRcSUgUPkHAgitB4CJAbilnIRZ94fQ_k4qQ:1oIulL:DSkhjHSeqkcqVPBvp_AUM2ysn_87UsuNzVrvFsDOqz8	2022-08-16 16:28:55.972355+00
0ybj5wwczsu3rzjcg43pjrxaho43ngzm	.eJxVjEEOwiAQRe_C2hCHQhlcuu8ZyACDVA0kpV0Z765NutDtf-_9l_C0rcVvnRc_J3ERYKw4_a6B4oPrjtKd6q3J2Oq6zEHuijxol1NL_Lwe7t9BoV6-NVJGy04rBdk4VAA4jNEYUOzMoN3ogk6KCNFmAoSzTYjsAmc9AIMR7w8CLzdA:1oIulQ:2efE1X37rIxa3mosJEuDOsEpp4h6VgLNkfMTnQIhPtM	2022-08-16 16:29:00.066711+00
ydvbtippvtfw4hn2ea44wkfbpiqmkvr0	.eJxVjEEOwiAQRe_C2hDoFMK4dO8ZGoYZpGpoUtpV491tky50-977f1NDXJcyrE3mYWR1VdYFdfmlFNNL6qH4Getj0mmqyzySPhJ92qbvE8v7drZ_ByW2sq_FIwTH4m2XjO-FACnY7GNvyRgK1KUdegvomCFjxgDkENCI4R6C-nwBKQs36w:1oIumw:1HfaEYZ7z8MasY5I4ffNzosQ9l392s6LHFwaeLXEfSI	2022-08-16 16:30:34.025756+00
t6fmjmffoefeno6hxzo85upxh38fcblc	.eJxVjEEOwiAQRe_C2hAYCnRcuvcMBJhBqoYmpV0Z765NutDtf-_9lwhxW2vYOi9hInEW2qI4_a4p5ge3HdE9ttss89zWZUpyV-RBu7zOxM_L4f4d1Njrt1ZAhMTWgjKFkUvhsbjoBvQAnilTLtaDwcSWUrQjF9YDkHEKjdEo3h9Xzzjq:1oIuqA:rd9vCcWIf5FduBxQlvKUfJXlZQzVpABhudtnKkWSyjs	2022-08-16 16:33:54.370888+00
qnvp4l6juv1pd6wcoicnyri07dixp2px	.eJxVjEEOwiAQRe_C2hCmMlBcuu8ZCAyDVA0kpV0Z765NutDtf-_9l_BhW4vfOi9-TuIiwChx-l1joAfXHaV7qLcmqdV1maPcFXnQLqeW-Hk93L-DEnr51k4rBwqRQnIxK6tI58wwuMyaEDVYAGfPbIBpjABoI44Eho0CinkQ7w8aMDfT:1oIurX:WSKIh_1OrYDQttOjBZZhNrCLDPOI5RPB97fL2Io7W2g	2022-08-16 16:35:19.189944+00
4ynpj5515nnjdv8ff9hw2qp9tbkvwp4q	.eJxVjEEOwiAQRe_C2pChMFBcuvcMZGAGWzVtUtqV8e7apAvd_vfef6lE2zqkrcmSRlZnZUJUp981U3nItCO-03SbdZmndRmz3hV90KavM8vzcrh_BwO14Vv3GcgF7KU3BcADhFpMJ1xqtZCNYGe9YDAOO7aRI1qO3mBF8oVsdOr9AR8sN64:1oIvil:2wR90LMe6TGRRxEVFkAHS-H-AQDIQ3GbsgR8_00nod4	2022-08-16 17:30:19.858735+00
a29hrrtd846t84m82q8mzw00cv83kkmn	.eJxVjDEOwjAMRe-SGUVNrTgxIztniGLHoQXUSk07Ie4OlTrA-t97_2VS3tYhbU2XNBZzNg6dOf2unOWh047KPU-32co8rcvIdlfsQZu9zkWfl8P9OxhyG741OiBXMtUgnjoQAaleMGLoKzEpICq4HgoJU6eKHDhyyIQeWCSa9wcruDiJ:1oIusJ:fEj6u_hWPWMy50_W8o-rIKuHmEPzrVhd9A8D6Gfi1rA	2022-08-16 16:36:07.448544+00
49iv637gjpf6yj7qzeselsfqwzttykk4	.eJxVjEEOwiAQRe_C2pChIExduu8ZyDCAVA0kpV0Z765NutDtf-_9l_C0rcVvPS1-juIiFCpx-l0D8SPVHcU71VuT3Oq6zEHuijxol1OL6Xk93L-DQr18a0DG0Thk1qxS4GwAz9FpZywqAGtGIEaVdaSBc7KgtRpsDiGxBkIr3h8eMDgC:1oIvuE:miQkmw5V1651NKXOQ1GWqSYkJ0eDm4nHIbAanfFKrS4	2022-08-16 17:42:10.579682+00
2szkufh5tu7uyitu4bctel8ydpjia40j	.eJxVjsEOwiAQRP-FsyGwUKAevfcbyG4XpGpKUtqT8d9tkx70Ou_NZN4i4raWuLW0xInFVWgH4vKbEo7PNB-IHzjfqxzrvC4TyUORJ21yqJxet9P9GyjYyt7GXnvO1voxJ0VBASPovvM5kVHEDAGsA8_GEhJl1RlPOQWnFbsA-6vPFz34OF8:1oIutC:hGD17_LnatYlhpsAYNgZT5hJv7GhwYEjZSAV_2CvKDQ	2022-08-16 16:37:02.315606+00
5fzbg0le5lt7m77as5f9xtjqsobtzgbw	.eJxVjEEKwyAQAP_iuYhKNmqPvfcNYXdda9piICan0L8XIYf2OjPMoSbctzLtTdZpTuqqbHDq8ksJ-SW1q_TE-lg0L3VbZ9I90adt-r4ked_O9m9QsJU-NpzzONhgJGSwY8DgLQE4EZ8H9gaZRocQI2E0wJQZEoHF6I2wi-rzBTCROJ8:1oIwQw:wH3_rtUgvfHSNbJ8P9-qwCp6bkfinnF1Kk03ULly_Rk	2022-08-16 18:15:58.077025+00
tqjxitgmj3kwbbt6mel0y3aacg3pgv3q	.eJxVjDsOwjAQRO_iGlk2i3-U9DmDtfaucQA5UpxUiLuTSClgynlv5i0irkuNa-c5jiSuQlsQp982YX5y2xE9sN0nmae2zGOSuyIP2uUwEb9uh_t3ULHXbe2IEdiXi0JHwflsEbYEUtaokm0wmhUo8gzanE0qrqACzTYEFwhAfL4q0De7:1oIutm:aUIdLcGf8Ba9e4MaDcHS7FYPw6wqhGTeWU5IBKGlDD8	2022-08-16 16:37:38.351352+00
zzft1t4capt43cpp4k23zybudy1si5z5	.eJxVjDsOwjAQBe_iGllZ_4Ip6XMGa9de4wBypDipEHcHSymgnZn3XiLgvpWwN17DnMRFgLPi9EsJ44NrV-mO9bbIuNRtnUn2RB62yWlJ_Lwe7d9BwVa-a6-dAmVYRbYmavI4sFeUGTqBpHwyOoOFbAlGGJjo7P2IxurogJJ4fwAnJjgv:1oIxNm:Lw4ukEgjC8UYYrMcQK7y8q2cLOxgAStqkqTDjQcvAVs	2022-08-16 19:16:46.540829+00
811t9crpnmbirvro5y3cj25a7b0pnhws	.eJxVjEEOwiAURO_C2pDQD9i6dO8ZyMD_SNW0SWlXxrtLky50-96beauAbS1hq7KEkdVFGW_V6ZdGpKdMu-IHpvus0zytyxj1nujDVn2bWV7Xo_07KKilrUFiByOODHtCyj3gzJkoSYxMQ5cZZJ1pXODhsu1dQrTctSYP3qvPF0tlOPY:1oIutp:9OYU5JFrvWSLjr8utRvYov6ldmzK9xepx-jxQrIkGsM	2022-08-16 16:37:41.062565+00
0p0qbf5zk4477wfoj0kjrw2sq559mhr8	.eJxVjEEOgjAQRe_StWnoTG2nLt1zhmaYDoIaSCisjHdXEha6_e-9_zKZt3XIW9Ulj8VcjDOn361jeei0g3Ln6TZbmad1GTu7K_ag1bZz0ef1cP8OBq7Dt8bgPEpSaHzEIIXP4AN7Am0cRexRKYmDIORS8pGgJxWKPcTgEKEx7w-ssjY2:1oJUQ3:tfMTaTMI011ORgfxg53ScZRykVyq8EMknu0RKau5vEs	2022-08-18 06:33:19.394156+00
wj4m55zi9v7lwob07binw5qh7p0gfg8i	.eJxVjDsOwjAQBe_iGllZ_4Ip6XMGa9de4wBypDipEHcHSymgnZn3XiLgvpWwN17DnMRFgLPi9EsJ44NrV-mO9bbIuNRtnUn2RB62yWlJ_Lwe7d9BwVa-a6-dAmVYRbYmavI4sFeUGTqBpHwyOoOFbAlGGJjo7P2IxurogJJ4fwAnJjgv:1oIuwh:EuJzzm-AnpWKX8oY-cu1cq0a-8rg9JYblBEoqJEnRS4	2022-08-16 16:40:39.558979+00
anf4rnq2gp3asigek32vmvs90k0jqrmh	.eJxVjEEOgjAQRe_StWnoTG2nLt1zhmaYDoIaSCisjHdXEha6_e-9_zKZt3XIW9Ulj8VcjDOn361jeei0g3Ln6TZbmad1GTu7K_ag1bZz0ef1cP8OBq7Dt8bgPEpSaHzEIIXP4AN7Am0cRexRKYmDIORS8pGgJxWKPcTgEKEx7w-ssjY2:1oRsRA:fbMF9CwK-w5EUF-MwRSVmxAU59Jg8MzQJP-BezlBQUk	2022-09-10 09:49:08.511987+00
b80ctxlu7rrjxl6q9h39qx89rjbz7jwa	.eJxVjMEOwiAQRP-FsyFAcLfr0bvfQFhYpGpoUtqT8d9tkx70Npn3Zt4qxHWpYe0yhzGri7Ie1Om35Zie0naUH7HdJ52mtswj613RB-36NmV5XQ_376DGXre1MZhYzCBkvEQGYk4AJiEnJEDnhy0SOY9nB4RowZmSvWNnqYgt6vMFJ103vg:1oIuxW:zYrY9Jjk6uHKdNUTQyLM4RK3oYmh3EfaWfiD4aj5_ns	2022-08-16 16:41:30.916702+00
zeln4ygyxz4i6pl66vsutg293dfbs7b2	.eJxVjEEOwiAQRe_C2pBCgYJL956BMMOMVA0kpV0Z765NutDtf-_9l4hpW0vcOi1xzuIstHbi9LtCwgfVHeV7qrcmsdV1mUHuijxol9eW6Xk53L-Dknr51pY9BzcZAmVtCEikMptx8B6RWYWkVbJamZCnAeyI1gEYbRzmQKjZi_cHNJo4gQ:1oXfrg:7mRi-WQ1U6crWIzPQjmr0BADJZIq4zB8ojFzCWvwSsI	2022-09-26 09:36:28.845516+00
lku02dox8d5i28xbch69odw09kckm5tr	.eJxVjEEOwiAQRe_C2pCB0oG6dO8ZCAyDVA0kpV0Z765NutDtf-_9l_BhW4vfOi9-TuIsFKI4_a4x0IPrjtI91FuT1Oq6zFHuijxol9eW-Hk53L-DEnr51lojGQYYaXAWTM4mO5MHVlZrToQwWhvQThhJsXMTGp0TKGYFaBBIvD8VFDeE:1oIuz5:Mt284zap-FtQGhypBnYY467XXJA9umCiBDyaCmGVZFw	2022-08-16 16:43:07.140782+00
182i71xm7td1zzv5avzoqul11k1pkmfp	.eJxVjEsOAiEQBe_C2hDo4dO4dO8ZSEODjJohmc_KeHedZBa6fVX1XiLStra4LWWOI4uz0M6L0--aKD_KtCO-03TrMvdpncckd0UedJHXzuV5Ody_g0ZL-9agtBu46GSQrWGqTAjIGIZsKdXEhqgEcBV88cqFAFZVTADZoWdG8f4AQ384rg:1oIuzG:G39BYh-E7yxXCeoDTA4KI9demR4uE4r3OAemrtkUisA	2022-08-16 16:43:18.15599+00
vr2qenm5mqnoqhoh4k1wk0ta8x10ht2w	.eJxVjMEOwiAQRP-FsyGFXeni0bvfQJYCUjWQlPZk_HdL0oNeJpl5M_MWjrc1u63Fxc1BXIQyJE6_qefpGUtH4cHlXuVUy7rMXvaKPGiTtxri63p0_w4yt7yvCRkSWgyg45gG5Qc0IWmrNAEmGAyisXpEOns0kYEQVFdFuw9A4vMF_9E2mg:1oIuzL:Qx1ueN0nCf8A1_OlsDj0KbWLsu0dbXMi-KRGZ8YXsU4	2022-08-16 16:43:23.110609+00
w21qrry23skbkqeka36kky6u4abcxtpb	.eJxVjEEOwiAQAP_C2RB2oRQ8eu8byO5CbdWUpLQn499Nkx70OjOZt0q0b1PaW1nTnNVVgY_q8kuZ5FmWQ-UHLfeqpS7bOrM-En3apoeay-t2tn-Didp0jA0GL50hIC6EBjEWgizBjFBIQIC7YNE7lN4F8qEHBm_Bjr3h6Fh9viW0N7U:1oIuze:XeBi05fWVTznuNWs3UN8tnlythVgs5jsKUukyvPXY2k	2022-08-16 16:43:42.100982+00
5fmv4rcup0vecvplfz0fqkq4gh903mtq	.eJxVjMEOwiAQRP-FsyHLKmzr0bvfQBYWpGpoUtqT8d-VpAe9zGHem3kpz9ta_NbS4idRZ2UI1OG3DRwfqXYkd663Wce5rssUdFf0Tpu-zpKel939OyjcSl_TkGQEQykwSgYK7OgIdMIQ2LARsC5bBDd8M1LGjI7RSmJLMAKq9wc4Uzgk:1oIv1F:i1PvSSdU7crMstTNMBOnxAe36A5yCKxGP-qKd-uPIzU	2022-08-16 16:45:21.303946+00
ooxw4lgzqdcvvnjk2ycb07xe6lewuru8	.eJxVjEEOwiAQRe_C2pBCCwMu3XsGMgyDVA0kpV0Z765NutDtf-_9lwi4rSVsnZcwJ3EWCpQ4_a4R6cF1R-mO9dYktbouc5S7Ig_a5bUlfl4O9--gYC_fetKcwSYGa7wdstPgtHMM4C0rAkI1mGhiIksKjadRZwJtycA0Ok9KvD8dvjfO:1oIv8d:VvuEfQ92KQlzm6RlfMd5tDhhFF-rvadmj07EbBG2PcI	2022-08-16 16:52:59.384845+00
kcixcz9j4nng93pybhmdtshdkhw90rpm	.eJxVjDsOwjAQBe_iGln-rdempOcM1vqHA8iR4qRC3B0ipYD2zcx7sUDb2sI2yhKmzM5MomKn3zVSepS-o3ynfpt5mvu6TJHvCj_o4Nc5l-flcP8OGo32rXUtrloFUiTUIAShB--skcqI7BSiJokQRfTKGAAfVS5IQELb4lxN7P0B8pI28w:1oIvEe:SAaISy3Ts6z1uSZIGdEu_e5hBoMCnX1pPx1wS54vzb8	2022-08-16 16:59:12.757137+00
hhkjdvn8a6bml8w8nbjdz5mvfzjrch9y	.eJxVjDsOwjAQBe_iGllZ_4Ip6XMGa9de4wBypDipEHcHSymgnZn3XiLgvpWwN17DnMRFgLPi9EsJ44NrV-mO9bbIuNRtnUn2RB62yWlJ_Lwe7d9BwVa-a6-dAmVYRbYmavI4sFeUGTqBpHwyOoOFbAlGGJjo7P2IxurogJJ4fwAnJjgv:1oIvLI:n0lTdgyEtcth0KvtfoDkXZuWQK2R4V3Zna9z21KFuf0	2022-08-16 17:06:04.217533+00
41twlca5s64kf68umjp4kezimxn5ms8i	.eJxVjDsOwjAQBe_iGll21p8NJX3OYK1_OIBsKU4qxN1JpBTQvpl5b-ZoW4vbelrcHNmVSQvs8rt6Cs9UDxQfVO-Nh1bXZfb8UPhJO59aTK_b6f4dFOplrzURKQVjyAQAMgpSVic_QBB6lNKAyYjSIOaQVdoVSxaFiSHCgICefb4gJzeq:1oIvPt:vHQ8bd57cO3ttjBlrkMa8cyKavMSmtMOyYYdAlwsoE0	2022-08-16 17:10:49.591904+00
nf4dum8hce6fjyyjwvdfzlg5mx7s4603	.eJxVjMsOwiAQRf-FtSEgb5fu-w1kBgapGkhKuzL-uzbpQrf3nHNfLMK21rgNWuKc2YVJp9npd0VID2o7yndot85Tb-syI98VftDBp57peT3cv4MKo35rT-FMySqjEApmIckjSOdMIWNQaK-InLdKJMyKNBYpNBRVbE7JhBLY-wNLQTk0:1oIvQn:ShdUkY-k6IvebNnAeEMK_zMtC6Stsj-72fD9UDy0lBI	2022-08-16 17:11:45.696844+00
o5xkigz80lx1sn1axiqdeww3f2176vpr	.eJxVjDsOwjAQBe_iGllZ_-KlpOcM0Xpt4wCypTipEHeHSCmgfTPzXmKibS3T1tMyzVGcBYxWnH7XQPxIdUfxTvXWJLe6LnOQuyIP2uW1xfS8HO7fQaFevjUGjtmDy1Z7RsXkNTjOoHT0oJxhZTGrbBAArR2iCUQDkvE8QBoRxPsDKNs3sQ:1oIvSd:CNl_7e4WlKhomM7saXHxZbCt1w_6MDijMImVcP4KzsU	2022-08-16 17:13:39.287987+00
msezq16tp08z7ztmoev2rcivvtr9igic	.eJxVjDkOwjAUBe_iGlnx-m1Kes4Q-S_BAeRIWSrE3SFSCmjfzLyX6su21n5bZO5HVmdlIKrT74qFHtJ2xPfSbpOmqa3ziHpX9EEXfZ1YnpfD_TuoZanfmqKjhMRGhtAVJnRoQ0AfgUEgeRByImKHgq5LnK0jkyGj8RADx6jeH15oONs:1oIvUV:bzPLmqqgT2vmht6vpILfUhvXPb3r1oeWdkQEuZV9XxQ	2022-08-16 17:15:35.445621+00
fhzdjbary508gchnz5pyd2df2s4ylc5z	.eJxVjEEOgjAQRe_StWnoTG2nLt1zhmaYDoIaSCisjHdXEha6_e-9_zKZt3XIW9Ulj8VcjDOn361jeei0g3Ln6TZbmad1GTu7K_ag1bZz0ef1cP8OBq7Dt8bgPEpSaHzEIIXP4AN7Am0cRexRKYmDIORS8pGgJxWKPcTgEKEx7w-ssjY2:1oSDV3:8oHWwyogwwgJbqBX7tPJ8w9hpmrwzBgSdj-ELKFtIZA	2022-09-11 08:18:33.833361+00
bmf4zmj1ksogv1eg0dqg44uhq4v3ku0j	.eJxVjEEOgjAQRe_StWnoTG2nLt1zhmaYDoIaSCisjHdXEha6_e-9_zKZt3XIW9Ulj8VcjDOn361jeei0g3Ln6TZbmad1GTu7K_ag1bZz0ef1cP8OBq7Dt8bgPEpSaHzEIIXP4AN7Am0cRexRKYmDIORS8pGgJxWKPcTgEKEx7w-ssjY2:1oZXs6:tD0PAdyxhJH0IQEtDCZ1xyGcZI9GA_E6idT3ZUGiUvI	2022-10-01 13:28:38.567022+00
z3eulmkcgcc6y9oyoqs71j86bsrdp9ms	.eJxVjDsOwjAQBe_iGln-fyjpOYO13nVwANlSnFSIu0OkFNC-mXkvlmBba9pGWdJM7My8ZKffMQM-StsJ3aHdOsfe1mXOfFf4QQe_dirPy-H-HVQY9Vsb570qKAOClCFS8FZNOmcnIwZAZ6wCoXOJgoyaEKOjICyhUyUGHQV7fwD7gje4:1obOX3:WILrGY2UwNSUXS0mkiA8jbVot-tg8QnXVlwIgdtMBts	2022-10-06 15:54:33.035228+00
u8j9kgm7kdg7132q6wlv71l5vewasdai	.eJxVjEEOgkAMRe8yazPpQC2DS_ecgXQ6raAGEgZWxrsrCQvd_vfef7met3Xot6JLP2Z3cSGe3el3TSwPnXaU7zzdZi_ztC5j8rviD1p8N2d9Xg_372DgMnxrhlqImhwQSFOIhBmDVChRjQ2JYqWYTBNI25rVBlGFABoyFG7AvT80jDig:1oTfzf:H9T3npQomcny2etU6gG2z3KBg3O_7upQNSlLJAwpqEg	2022-09-15 08:56:11.445162+00
9dz6d8637bec7n0nvfdqrmwg9qozcua1	.eJxVjEEOgjAQRe_StWnoTG2nLt1zhmaYDoIaSCisjHdXEha6_e-9_zKZt3XIW9Ulj8VcjDOn361jeei0g3Ln6TZbmad1GTu7K_ag1bZz0ef1cP8OBq7Dt8bgPEpSaHzEIIXP4AN7Am0cRexRKYmDIORS8pGgJxWKPcTgEKEx7w-ssjY2:1oUDX7:YTza1Ap-fntzB01EFbJRm9-xxawJmbpvZX7uiaiYarM	2022-09-16 20:44:57.09333+00
6fkz0bq9m7enzzoaml80etz5qadnbocn	.eJxVjMsOwiAQRf-FtSFAaWFcuvcbyMwwSNXQpI-V8d-1SRe6veec-1IJt7WmbZE5jVmdlXNBnX5XQn5I21G-Y7tNmqe2ziPpXdEHXfR1yvK8HO7fQcWlfmuGgNb0HXAfyEixFIEjowkRiwnsqUAU6AV9zh14GQZylr1DMN6SU-8POvE4cA:1obOaK:FkkdDPvSQoRCT8Jkvrz4edaDuOJONyyZV3lQ1PZzxkQ	2022-10-06 15:57:56.691972+00
ranns38eh2xd8vd2ba2dj130atyng3p4	.eJxVjDsOwjAQBe_iGlmOd_2jpOcM0XrXwQHkSPlUiLtDpBTQvpl5L9XTttZ-W8rcj6LOytqoTr9rJn6UtiO5U7tNmqe2zmPWu6IPuujrJOV5Ody_g0pL_dYplAQiGIJEYEEAZGsCW2dSF5G75AgNUB4IOggGXc48OO-DzzQkUO8PFNI3rg:1obOaR:Vu0qwlqWBiASfSfr2tjT2or2vx-TanrhmXo_KIzWcDY	2022-10-06 15:58:03.392545+00
1tox7lq79frzjlttxe4nm2jdcksralay	.eJxVjEEOgjAQRe_StWnoTG2nLt1zhmaYDoIaSCisjHdXEha6_e-9_zKZt3XIW9Ulj8VcjDOn361jeei0g3Ln6TZbmad1GTu7K_ag1bZz0ef1cP8OBq7Dt8bgPEpSaHzEIIXP4AN7Am0cRexRKYmDIORS8pGgJxWKPcTgEKEx7w-ssjY2:1oVFFR:-tunll2Vqf8PwsCcQAF3Npp5J81ROax5g0wrgkXu77c	2022-09-19 16:46:57.018498+00
9knn4dlpwmja4wrtmvuxdl1ab5g2p971	.eJxVjMsOwiAQRf-FtSEzlPJw6d5vIAODUjWQlHZl_HfbpAvd3nPOfYtA61LC2vMcJhZnoZQXp981UnrmuiN-UL03mVpd5inKXZEH7fLaOL8uh_t3UKiXrbaINyZIo0usgZU3gxkGFzF6sB5gBBMJN4N8tglBG4RsHVpWzrLO4vMFFSw3aQ:1obOis:SIbhNjLPbcK5zkHjwWmE3VeII9UQ4foWqKYMd1JSERw	2022-10-06 16:06:46.201653+00
2y5qfuhncp4oj9vuin8isln8j559jqmv	.eJxVjEEOwiAQRe_C2pBCywAu3XuGZpgZbNVAUtqV8e7apAvd_vfef6kRt3UatybLOLM6K2_U6XdMSA8pO-E7llvVVMu6zEnvij5o09fK8rwc7t_BhG361uAsdT06mxPHbJw3A3I0kD0A9QEGseSxH4SSiDXAlqLDkLsQCULn1PsDAxU35Q:1oVFGi:ohFtqNSJiiMxID6QWDhIh-aACNVP_lxhwTcARjzKbxc	2022-09-19 16:48:16.111739+00
7ijoxyuhfxrbnac9wpyk4gjf0thuo010	.eJxVjMsOgjAQRf-la9PM9DFFl-75BjKdKYIaSCisjP-uJCx0e88592U63tah22pZulHNxTgP5vS7ZpZHmXakd55us5V5Wpcx212xB622nbU8r4f7dzBwHb51yo58ERT0riHgJqSYgijFhD1wXwg1EUHS4APlwgEEzhCyIoiLaN4fDS43XQ:1obOmI:Z-n-kKg7uUSFQRpNGXINz-o2D4vUj-FavXH6a_YxOoI	2022-10-06 16:10:18.426164+00
hr5j5f1quw2xz5h0cjmt5jcixt4t1p24	.eJxVjMEOwiAQRP-FsyFlCwt69O43kIVdpGrapLQn47_bJj3ocea9mbeKtC41rk3mOLC6KBO8Ov22ifJTxh3xg8b7pPM0LvOQ9K7ogzZ9m1he18P9O6jU6raGHh1jYANAyYjvGcSTC2fru4ySLfqADrYsFkqCgr3twBEWTghk1ecLEhI3iQ:1oVriS:FAPcu_uvTzC7x3qfOlFPdLQniq8UL6qo8SDrrK6-eXY	2022-09-21 09:51:28.807567+00
72t0or50rscp0qngw7rjhgnq70v7dn4n	.eJxVjDsOwjAQBe_iGln-r01Jzxkir3eNA8iR8qkQd4dIKaB9M_NeYsjb2oZt4XkYSZyFsVqcflfM5cF9R3TP_TbJMvV1HlHuijzoIq8T8fNyuH8HLS_tW7uAlpOCQghsveEQHcXqMQLXpJUzwWJOiQw7BFW9gly9AYxEGnwQ7w8skzgh:1obOnQ:1WYkI1UK6Vv2fVJsRnW-iXm0OZRYywn45UkcleQqmd4	2022-10-06 16:11:28.747961+00
pqmrdf37k4r30396mg1lr0p2kl75h1xp	.eJxVjEEOwiAQAP_C2ZAFLLAevfsGssAiVUOT0p6MfzckPeh1ZjJvEWjfatg7r2HO4iKU9-L0SyOlJ7eh8oPafZFpads6RzkSedgub0vm1_Vo_waVeh3jQsmq4siBZ4Qzey7aRueizghTNBbB2IikHReFxmgPjj0aPWGGAuLzBSzwN5U:1oVxS9:YDJRxfAn4FEsDqhm4uNjUdsqDyxoE28jt3QpqpGYvGo	2022-09-21 15:59:01.52381+00
d37e6sif18f8rggoazcwcdlu26qdg0yv	.eJxVjEEOwiAQRe_C2hCgA6Uu3XsGMjCDVA0kpV0Z765NutDtf-_9lwi4rSVsnZcwkzgLMxhx-l0jpgfXHdEd663J1Oq6zFHuijxol9dG_Lwc7t9BwV6-teNox6xxMoq1VwoSAbEzefCDt8kjTD7aDMkxA2kEyqwy8agjZrZGvD83UTks:1obOoq:HgH6F1yX1RpkxS9tGlxtGRnLd41BUO7AtrXTFI8wcf4	2022-10-06 16:12:56.649568+00
0ivy3i4x4wkltlt4wsjuinbt7813fslw	.eJxVjEEOwiAQRe_C2pAiLQwu3XsGMjMMUjU0Ke3KeHfbpAvdvvf-f6uI61Li2mSOY1IXZSCo0y8l5KfUXaUH1vukearLPJLeE33Ypm9Tktf1aP8OCrayraWDlAfjvKczMXSY-2wsZBgwsJONZfLA3HsASYiGhbx11iNAICvq8wVTNzlL:1oVxSc:mhsmZIgV24UD643vOFRRnYFkKD_8Lk7LEcp8ibYa9zs	2022-09-21 15:59:30.274294+00
zhhwvknmj2xu95e38owuvvihc50jzuuy	.eJxVjDsOwjAQBe_iGln-ZP2hpM8ZrLW9xgHkSHFSIe5OIqWA9s3Me7OA21rD1mkJU2ZXprRml981YnpSO1B-YLvPPM1tXabID4WftPNxzvS6ne7fQcVe9xpIIlinIflolShDIisMqKijND6jKVrtgnDeSCcAi5SQkyGLg1QRCvt8ARPqN6Q:1obOqx:yjqdpHGbdMmtZhVIcyXN9frt5vjniP1dcCMtS0JenFU	2022-10-06 16:15:07.689353+00
go1zopf6qwf0t95ud22qh9sl9nm26cj1	.eJxVjDkOwjAQRe_iGlle8EZJnzNYY88MDqBYylIh7g6RUkD733v_JTJsa8vbQnMeUVyETkqcftcC9UHTjvAO063L2qd1HovcFXnQRQ4d6Xk93L-DBkv71sWQAnsuhktwhlHH6hL5GhHYJUMJfVLOYtAKjNfsgZkV6YjB-QpWvD9EwTjP:1oVxUK:eENaa2L5Pc44eaods9_Rvx5HVirSVeAekl3mGbEKWeI	2022-09-21 16:01:16.180937+00
y4n9c8v94y9boeukh1otlod6bp6nqxni	.eJxVjEEOwiAQRe_C2hCgM8C4dO8ZCIVBqoYmpV0Z765NutDtf-_9lwhxW2vYOi9hyuIszADi9LuOMT247SjfY7vNMs1tXaZR7oo8aJfXOfPzcrh_BzX2-q19Ii7E4JGLASQyoF1EQqV1UujSQNait45KRFYMoLyGBJ51scUo8f4ACbk3EA:1obOvA:ZjUmCqTYLj44LzlOO445JAodBU0udy4kQzz-wZt142Y	2022-10-06 16:19:28.298692+00
iaa5tacsnsrw233u6ke7fu9kwjfuomeq	.eJxVjDkOwjAUBe_iGllek5iSnjNY_otxANlSnFSIu0OkFNC-mXkvEdO2lrh1XuJM4ix00OL0u0LCB9cd0T3VW5PY6rrMIHdFHrTLayN-Xg7376CkXr51UI4GBAeMGk3WhlPwE2gY_cQKR-usygMZ9NkqY0wiQiQVNARUbK14fwBAFDit:1oVxUp:m1O_8y0l5-LW78OTB2pPDAFyWSUmIPhP7cpgmBI-ifg	2022-09-21 16:01:47.215238+00
18kdd8g18pzakvwohawc8x70jky9c20x	.eJxVjDsOwjAQBe_iGlmxHXtjSnrOENm7zziAEimfCnF3iJQC2jcz76X6tK213xbM_SDqrKzz6vS75sQPjDuSexpvk-ZpXOch613RB130dRI8L4f7d1DTUr91I5QYREDnEHwuESVkWGlT01D0HWIswmxcJkee2JgQuLVghkER9f4AWMc5cg:1obOwy:QFStnkEFlii2TMEo8991BBdeKLjz-Ex-hD9Wm2-BTW0	2022-10-06 16:21:20.14294+00
92uoput0vswwgzfo24x1ksiryconyeme	.eJxVjEEOwiAQRe_C2hBAKOjSfc9AZphBqgaS0q6Md7dNutDte-__t4iwLiWunec4kbgKfTHi9EsR0pPrrugB9d5kanWZJ5R7Ig_b5diIX7ej_Tso0Mu2TtnkNCTrka3jwaHPYNhm4wMm65xySnnSGwtknSHkgKRUyN5qUHQWny9PGDjA:1oVxVA:Xi_n6hCTuqKQNE-ACB9qTiDN6EKnNSc96tlHN0wn1Z8	2022-09-21 16:02:08.339427+00
8hpmezb1pafbv4tr1ybgi13l406f5ct0	.eJxVjDsOwjAQRO_iGln-26Gkzxms9a6DA8iW4qRC3J1ESgHNFPPezJtF2NYSt56XOBO7MqUdu_y2CfCZ64HoAfXeOLa6LnPih8JP2vnYKL9up_t3UKCXfa3T5CgIKbxzkkLSpJwh7YcAGBRMNiuwyWhAS35PZVFIAwbReBUGwz5fJmk4AA:1obOyi:6WoJbdETfTQH8Qt_AFIeABZFaXcvN86eTlswb3q3Pqs	2022-10-06 16:23:08.825188+00
hx60r39tf4s90xod4mm592x0mcz70uvs	.eJxVjMsOwiAQAP-FsyEsr4pH734D2WVBqoYmpT0Z_92Q9KDXmcm8RcR9q3HveY0zi4uAYMTplxKmZ25D8QPbfZFpads6kxyJPGyXt4Xz63q0f4OKvY5xIoSQHLMn0s4V45kK-DOQmQpC8pMKjMo5bdmyglzQGhMUImvOXny-Sk844A:1oVxZi:GpV41HZWY6ClZrZl9gcaHxC4mkWez5tu6urdtr3t3eQ	2022-09-21 16:06:50.443024+00
9ktssky9qukxaxlgtkb7h5onohjg95o1	.eJxVjMsOwiAQRf-FtSEwME5x6d5vIMOjUjWQlHZl_HfbpAvdnnPufQvP61L82vPspyQuAgyJ0y8NHJ-57io9uN6bjK0u8xTknsjDdnlrKb-uR_t3ULiXbe1MRgcMpNSgByAGg4qidQFxxBRsiGAUOySbwIEemZSJG9HMZ62t-HwB-qQ2_Q:1obOzp:t1piiz2C2NLg04a6jaIKHuSOD3OQPR0274WEq6q_C7E	2022-10-06 16:24:17.834802+00
hlr4dq49sxyqmrg93n5xsbzfz86tgexv	.eJxVjDsOwjAQBe_iGln-YkxJzxmsXe8aB5AtxUmFuDtESgHtm5n3EgnWpaZ18JwmEmehoxOH3xUhP7htiO7Qbl3m3pZ5QrkpcqdDXjvx87K7fwcVRv3W6AlAlUJH0Mo7g9ZC1LkU5zSTDeUEiGxtVM5nNMoVDIYMIKvAEFC8P1lGOWg:1oVxa3:VqisFHB-rhvV7s9mhOUUhoYz-3x-EzO8mnbG4qXRrFs	2022-09-21 16:07:11.178463+00
xe7no6zmk7lsgjxez90aszdnqecs23nu	.eJxVjDsOwjAQBe_iGln-fyjpOYO1a29wANlSnFSIu0OkFNC-mXkvlmBba9oGLWku7MyUDuz0uyLkB7UdlTu0W-e5t3WZke8KP-jg117oeTncv4MKo35rbW3QPpAMU0aRpUFro4veCYmTMio7QSoGBwTWI3ppvMhKWFcISpTI3h8MMzeu:1obP1B:knMbmB0w5VyF2vlqDNHQOVyDdObAzM8MM4qvWk5nN-o	2022-10-06 16:25:41.147774+00
w1q1j682tqo6kkuc0fft23qe1rxrgjxl	.eJxVjDsOwjAQRO_iGlnLeglrSnrOEK1_OIBsKU4qxN2JpRTQjd68mbcaZV3yuLY4j1NQF4XGqsMvdeKfsfQqPKTcq_a1LPPkdFf03jZ9qyG-rrv7d5Cl5W0N1kQ5O8-A3lHyg5chWAlCR4QTdsRMkAwBCQg6To4NWQTeMkX1-QJD1zhW:1obP1K:3ePL-2YqS1BBRvcGO-4iA9UsXDCKBPU9_7RB3RbOlJU	2022-10-06 16:25:50.595124+00
olsckn0efb60hbapwocvysrlsrzi5k9g	.eJxVjDsOwyAQRO9CHSEM5rMp0_sMCFg2OIlAMnYV5e6xJRdJN5r3Zt7Mh20tfut58TOyKxvAsMtvG0N65nogfIR6bzy1ui5z5IfCT9r51DC_bqf7d1BCL_t6FCbF7ICMpTRYFHmPOiCpqJW0QAqRorHSjSC0RB3J2ew0gHEClGGfL0K4OBo:1oVxb7:VBwFLTxfvJFZhWzbiQWgdNKJL8HVB-Ar7kNs2vBQKRw	2022-09-21 16:08:17.377549+00
154i9t0mivnwsr4vhivu3k3k7exypl76	.eJxVjMEOwiAQRP-FsyGwWxU8eu83NLssSNVAUtqT8d-VpAe9zGHem3mpibY1T1uLyzSLuigYjDr8tkzhEUtHcqdyqzrUsi4z667onTY9VonP6-7-HWRqua_B2YAWGb4pMTk-nwyBoCNBQPGGwXEgmzwmFuvBHMkSRWbgIRn1_gA4Hzj1:1obP7t:83vkrvt58uIR8-aBZTpUjiiaUugzPY1PTNcXttzJSds	2022-10-06 16:32:37.906814+00
ut3kwrglhnhjc0j2ygclpva6qje5w3kz	.eJxVjEEOwiAQRe_C2pAOMEzr0r1nIDAMtmpoUtqV8e7apAvd_vfef6kQt3UMW5MlTFmdFQykTr9rivyQuqN8j_U2a57rukxJ74o-aNPXOcvzcrh_B2Ns47c2RrzP7Ik6A6b3HiAxONeXTFiKgEC0NiL2NAATdwmFKRmwQ_EOUb0_EvA3hQ:1oVxbG:RkZ5mtBpFKp242dSk0zL4Rx9Mm7fRG7EWeS9aSOeS0M	2022-09-21 16:08:26.921717+00
qxk6n0ply1lrg3j91trtf8jsizva0lx8	.eJxVjDsOwjAQBe_iGlnOruPYlPQ5g7Ver3EAJVI-FeLuJFIKaN_MvLeKtK01bovMccjqqsA26vK7JuKnjAfKDxrvk-ZpXOch6UPRJ110P2V53U7376DSUveaiAJysYEAXWMstsWT8c6QbdiiQGdTMoDspEUCAQi-BBHOe9J2rD5fIds4KQ:1obPAQ:iiukT0G7KhW1UkRlu0KHH4lecDwkTz1XZLM4C_HkxbY	2022-10-06 16:35:14.998444+00
5jdurvxueb85rqya88onyjublbgccyvb	.eJxVjMsOwiAQRf-FtSEwUBlcuu83NMMw2KqBpI-V8d-1SRe6veec-1IDbes4bIvMw5TVRdmI6vS7JuKH1B3lO9Vb09zqOk9J74o-6KL7luV5Pdy_g5GW8Vtz6gBcJuPAZpRCVDqxXBxQ7rAIFwiIkSHx2foQDKJE74yN3qNnVO8PUCA4Sw:1oVxfP:ILihN_C_stI8xAYms0eXprc_zHFXMmm3v-ybNGX-3sM	2022-09-21 16:12:43.796667+00
vll21j29aiozm9u651w4gn4eq5avozzf	.eJxVjEEOwiAQRe_C2hAYKIhL956BDMMgVUOT0q6Md7dNutDte-__t4i4LjWunec4ZnERYEGcfmlCenLbVX5gu0-SprbMY5J7Ig_b5W3K_Loe7d9BxV63dWIoTlMauLBVNthAxO6M2ikDG_DGZygIOJhQjEUA7ThnBmc8KyTx-QI1hzhY:1obPAg:j5hMxiQwyiZ7xx1J7XngmBm5hNyC_cyAX3O0YJ93kys	2022-10-06 16:35:30.737956+00
sxa8mdahmggdvpnp9b6mffebdb5yj1rt	.eJxVjMsOgjAQRf-la9O0QB_j0r3fQG47U0ENJBRWxn9XEha6veec-1I9tnXotypLP7I6K0ukTr9rQn7ItCO-Y7rNOs_TuoxJ74o-aNXXmeV5Ody_gwF1-NZiE9rsQxvBEZk7cSZYaS3YI5gG3pBBcSZ6IY5SIL5QhyDUBMek3h9MnTje:1oVxgS:0CVh2bXZMy6h0oR_qJPpY2CLG6PvGBchiHrSGIbV2Lk	2022-09-21 16:13:48.748586+00
tmr478jsgxogx11iecolkb6mm8b4xk0o	.eJxVjMEOwiAQRP-FsyGwS1j06N1vIAtspWpoUtqT8d9tkx70OPPezFtFXpca1y5zHIu6KHCoTr9t4vyUtqPy4HafdJ7aMo9J74o-aNe3qcjrerh_B5V73dbn7CwhkhdrkAMPFsTmZMMWjXPJOAYKFhg9CxdjhNAHwIEKAWSvPl8CKDcj:1obPCM:PL6c_Z8HLw24znbo2RebCygdyfd8blyMGc4f9qBufgk	2022-10-06 16:37:14.372833+00
dgdqekyrizejeo8vmbir2hzlfc8j7r5m	.eJxVjEEOwiAQRe_C2pDCWDq4dN8zkGEGbNVAUtqV8e7apAvd_vfef6lA2zqFraUlzKIuynadOv2ukfiRyo7kTuVWNdeyLnPUu6IP2vRYJT2vh_t3MFGbvjVwtIQonU9noEHIAGEyxvSWLTIa9DAQuhxBsucMnCizI28ZpHei3h80GDj1:1oVxla:_y0Lplui1ofH-cKQnjOrmEtf7SekSxEY9NtyfxM8mX0	2022-09-21 16:19:06.29997+00
io6nfbd8v4vl7li0ynxow8bqssc5ceyn	.eJxVjMsOgjAUBf-la9PQWnpbl-75hua-ENRAQmFl_HclYaHbMzPnZQpu61C2qksZxVyMD8GcfldCfui0I7njdJstz9O6jGR3xR602m4WfV4P9-9gwDp8a0UHKYKPgElcH6l1mCNz5rNjEAEHWZIC9bFh35Jrsipy9CFT8sTm_QE0Fjiq:1obPKJ:Zj2-OYba6j0eYKWlfyVXQ9W6HiR-QscXT9hJXHe97iM	2022-10-06 16:45:27.218015+00
qj6pp9iuyckr5bpdn6ra7fy8ech30sl1	.eJxVjMsOwiAQRf-FtSGF4TG4dO83kAGmUjU0Ke3K-O_apAvd3nPOfYlI21rj1nmJUxFnoY0Vp981UX5w21G5U7vNMs9tXaYkd0UetMvrXPh5Ody_g0q9fmujsrIMihidG4DtmJEpBQxcuOQRjfYDaGKLLnltlWGFCAE8oDMUxPsDMpw3xg:1obPMQ:OpJsloAMV2fNFqccFBxNBa9PsrJMUc_mOLeaKvsH7nY	2022-10-06 16:47:38.909548+00
712fggedgc4f73glxlioewncc5o5mz3f	.eJxVjEEOwiAQRe_C2pDCWDq4dN8zkGEGbNVAUtqV8e7apAvd_vfef6lA2zqFraUlzKIuynadOv2ukfiRyo7kTuVWNdeyLnPUu6IP2vRYJT2vh_t3MFGbvjVwtIQonU9noEHIAGEyxvSWLTIa9DAQuhxBsucMnCizI28ZpHei3h80GDj1:1oVxmp:gszW0AI2qCq1sPjqvN9BKtcRfHkjVe8x3q6PdI_d10c	2022-09-21 16:20:23.742339+00
rrgzs8ih1br1ai33kwopamr7z0aag671	.eJxVjDEOwjAMRe-SGUWNHdqakZ0zRE7s0AJqpKadEHdHkTrA-t97_20C79sU9qprmMVcDPjenH7XyOmpS0Py4OVebCrLts7RNsUetNpbEX1dD_fvYOI6tZoiDqoyAgj1PirCoL1DGZByPhORSz6xZnACyuzGLimgZvQRO4rm8wVC0DjW:1obPMc:bqNYXtuExrnMxCvUAbwFmX9LIyILoiKzBUH8bXgi7tM	2022-10-06 16:47:50.960504+00
62vngnz9ed8d5futw73vkwi4a1o4ytgt	.eJxVjDsOwjAQBe_iGlnrX4wp6TmDtbu2cQA5UpxUiLuTSCmgfTPz3iLiutS49jzHMYmL0GDE6Xcl5GduO0oPbPdJ8tSWeSS5K_KgXd6mlF_Xw_07qNjrVgN4oxGAXWFrCbW2WZlSPCBbw5wDBLAbN84rcoqHTDYkogLujDSIzxccdzg2:1oVxty:TsY3yHjJroY161jHaEmRGeVlsrNyGovxRQWH8pVkeeg	2022-09-21 16:27:46.414266+00
stycz94uend9l397oesoj65e7897qvub	.eJxVjDsOwjAQRO_iGlnx2usISnrOEO3PJIBiKZ8KcXcSKQVUI817M2_X0br03Trb1A3qLg5S606_LZM8bdyRPmi8Vy91XKaB_a74g87-VtVe18P9O-hp7rc1YYKCweKWZLkAiwpjo4BYoDDmNlnMkjiclU1S4Awla0MagxC4zxdFGTkO:1obPMu:gqQLwFhoK7amra_OtD2RLe83PxIMaNiNGYSB0Lr15M4	2022-10-06 16:48:08.32942+00
fzcx192psjpfzybi9b16tpjhb1maw5vb	.eJxVjEEOwiAQRe_C2pDCWDq4dN8zkGEGbNVAUtqV8e7apAvd_vfef6lA2zqFraUlzKIuynadOv2ukfiRyo7kTuVWNdeyLnPUu6IP2vRYJT2vh_t3MFGbvjVwtIQonU9noEHIAGEyxvSWLTIa9DAQuhxBsucMnCizI28ZpHei3h80GDj1:1oVxvl:abu68Vy_XIUSqopzRSikPMtTJPB6z5XlHmjBWzAZWNQ	2022-09-21 16:29:37.288269+00
jr8qvaxme782r24g2rm1mg80tt55nv3t	.eJxVjsEOwiAQRP-FsyGFskA9evcbyC67StXQpLQn47_bJj3odd6bybxVwnUpaW0yp5HVWVkX1ek3JcxPqTviB9b7pPNUl3kkvSv6oE1fJ5bX5XD_Bgq2srVBDDmJOECHFInEGG_FiHO9FWAfKFDu0HK2BnIAARPYD8HzjXO_vfp8AUAJOJk:1obPUV:cPB-b3B2UJaIPHHvpI2aZJEuqMpvwiC4j29Leu07ysY	2022-10-06 16:55:59.501398+00
u8yot6ljf7vnvkfqhsj8oxiphqmlyo36	.eJxVjEEOwiAQRe_C2pDCWDq4dN8zkGEGbNVAUtqV8e7apAvd_vfef6lA2zqFraUlzKIuynadOv2ukfiRyo7kTuVWNdeyLnPUu6IP2vRYJT2vh_t3MFGbvjVwtIQonU9noEHIAGEyxvSWLTIa9DAQuhxBsucMnCizI28ZpHei3h80GDj1:1oVxxr:utJSaPIx1oVemq80ZlehCA3Vpp0jZv5GqY8RkoWReFE	2022-09-21 16:31:47.675998+00
sxkj5ol8mao150pviezs0s3yn1vyu714	.eJxVjDsOwjAQBe_iGlnedZy1KelzBsufDQ4gR4qTCnF3EikFtG_mzVv4sK3Fb40XP2VxFag6cfldY0hPrgfKj1Dvs0xzXZcpykORJ21ymDO_bqf7Fyihlf2tCAlhzxOmDNYp6qzukYHQZoMBI2ozkmYDLmYADpjG5IATQa8Nis8X4jk21g:1oVy0R:aUlHQL_MQy2FQtLFBaI9fvsrXzJ41zl6nU34r5QlGxo	2022-09-21 16:34:27.338055+00
1zv1si72ddcnybin5xlvzbjl7m11ms6l	.eJxVjEEOwiAQRe_C2pACUsCl-56BzDAzUjVtUtqV8e7apAvd_vfef6kM21rz1njJI6mLsuekTr8rQnnwtCO6w3SbdZmndRlR74o-aNPDTPy8Hu7fQYVWvzWSFQiMoSNm42y03gWUnqJ3HrAzJSUQ4B49ixcJVAoEsk4iGk-i3h9irTn0:1obPUi:sk6ft2Joi_I5AZwGbuVesEQWvY6Jy4-E9kwFahhoNKo	2022-10-06 16:56:12.917758+00
rcy8omq2c3v6ekyoskzcr2vjszc9uvcc	.eJxVjEEOwiAQRe_C2pDCWDq4dN8zkGEGbNVAUtqV8e7apAvd_vfef6lA2zqFraUlzKIuynadOv2ukfiRyo7kTuVWNdeyLnPUu6IP2vRYJT2vh_t3MFGbvjVwtIQonU9noEHIAGEyxvSWLTIa9DAQuhxBsucMnCizI28ZpHei3h80GDj1:1oVy0T:VvV1frKwpzRWkRseoD0Fl_fVHgscSEy06H87_8HKThc	2022-09-21 16:34:29.451706+00
k5l05aekzkoamqd4cj15r4u4lhz0ej3p	.eJxVjDsOwjAQBe_iGlnOxnZsSvqcwdr1bkgA2VI-FeLuJFIKaN_MvLdKuK1j2haZ08TqqsAZdfldCfNTyoH4geVeda5lnSfSh6JPuui-srxup_t3MOIy7nUgS2IZgiFwjfPEHKMZSLDJXfQRWrHE4KFrPHscZLepzc5QB7kNqD5fOrY4wA:1obPYc:PO5wCU7EISl85mBQ5gcOiZJ7ji9gyyS1HqMEAO3qYqQ	2022-10-06 17:00:14.905379+00
vy2dsx0vwba0lncah52i7ls22m6to5ux	.eJxVjEEOwiAQRe_C2pARBgou3fcMZGCoVA0kpV0Z765NutDtf-_9lwi0rSVsPS9hZnERCow4_a6R0iPXHfGd6q3J1Oq6zFHuijxol2Pj_Lwe7t9BoV6-tbWEngl1npKK5Bk9DaBTIkUuW2M8OERN1ji24AiyOxsdEaMChcMk3h8zOTfS:1oVy0U:unQ_Zh-Cv7X31ndxYBjvTulHPevo5Y6Rahsoij42Hac	2022-09-21 16:34:30.017408+00
kedg2sa8056ogq3t8658h2dlhs3f7so4	.eJxVjDsOwjAQBe_iGlnG_6Wkzxms9a6DA8iR4qRC3B0ipYD2zcx7iYTbWtPWy5ImFheh3VmcfteM9ChtR3zHdpslzW1dpix3RR60y2Hm8rwe7t9BxV6_tQVm4mzBaZ_RBw7WamdGUiY6tpS1iqNDMDpCCN4xZFOUQgBNFCOJ9wcoVzfy:1obPbB:3l9-Ltw8Q1PQaVGol88cNj9h4rbPdBuLA8gN_VEsxS4	2022-10-06 17:02:53.204436+00
w0ysutqamfsga3yvhndvq2decptrphd6	.eJxVjMsOwiAQRf-FtSE8ZqC4dO83kIGhUjU0Ke3K-O_apAvd3nPOfYlI21rj1ssSJxZnYZQTp981UX6UtiO-U7vNMs9tXaYkd0UetMvrzOV5Ody_g0q9fuvCaJ1ikxkoOI3WJgqggkNPRAg5D74MgZUmP2ZjPWiAgOhDQqIRxPsDJAA33w:1oVy0l:dtghcaqaZuBae-UlqTa9OwkeOvgHZRWQ3wqQA5Mjc6s	2022-09-21 16:34:47.014265+00
hkvsghqojehh9r14i98wttsbwyf9xk2x	.eJxVjDkOwjAUBe_iGllewaak5wzR34wDyJayVIi7Q6QU0L6ZeS81wLrUYZ1lGkZWZ-WiU4ffFYEe0jbEd2i3rqm3ZRpRb4re6ayvneV52d2_gwpz_daSMmQoxiU0iX205EtCAu8jY7KUjnQisWgoizFAIeQQM6MgWyxs1PsDR0Y5TQ:1obPfM:G2OisH9F1s4vYrlO_wwBDgRH6EXJ2TTT41vDDgWCc5U	2022-10-06 17:07:12.018631+00
oi8ihlo96d8okjr1zo4xhwjmjb1vpwvm	.eJxVjEEOwiAQRe_C2pDCWDq4dN8zkGEGbNVAUtqV8e7apAvd_vfef6lA2zqFraUlzKIuynadOv2ukfiRyo7kTuVWNdeyLnPUu6IP2vRYJT2vh_t3MFGbvjVwtIQonU9noEHIAGEyxvSWLTIa9DAQuhxBsucMnCizI28ZpHei3h80GDj1:1oVy5g:VVsCdpavdrt01AD0FoWCHXfuP2aLZgECcNy-j7AT9Rw	2022-09-21 16:39:52.722453+00
00pe9kq08qu0y2q3zxqdcsgv8kb4h82r	.eJxVjMEOgjAQRP-lZ9NsK9OgR-9-A9l2F4uaklA4Ef9dSDjoaZJ5b2Y1HS9z7paqUzeIuRqPszn9tpHTS8uO5MnlMdo0lnkaot0Ve9Bq76Po-3a4fweZa97WgEa0QKLYqzoBhUbFB263JLAGCAmUml5S8HDOXxgSiREdtWw-Xzs4OIE:1obPuc:JbJ88cdsvfSzw5UjW4DIde4deDTxornguZafsF8F73A	2022-10-06 17:22:58.015152+00
d5zp47cvqhiets1rpwrn778cfn6sqiig	.eJxVjDsOwyAQRO9CHSHAfJaU6X0GtMA6OIlAMnYV5e6xJRdJN5r3Zt4s4LaWsHVawpzZlSmj2eW3jZieVA-UH1jvjadW12WO_FD4STsfW6bX7XT_Dgr2sq8NWJ0TaRy8scpFNB5ACsQkU5yIrHYgox9QRKEBiSRJJUA6bWFPE_t8ASxbOAc:1obPv9:_fbBv-mE-b8JuZ55nwQ0pUNQnZFfAEp1NHJ4HqXQtC0	2022-10-06 17:23:31.597538+00
w2kry80mzrjnk4dh7dx42xixkhc4quw4	.eJxVjEEOwiAQRe_C2pDCWDq4dN8zkGEGbNVAUtqV8e7apAvd_vfef6lA2zqFraUlzKIuynadOv2ukfiRyo7kTuVWNdeyLnPUu6IP2vRYJT2vh_t3MFGbvjVwtIQonU9noEHIAGEyxvSWLTIa9DAQuhxBsucMnCizI28ZpHei3h80GDj1:1oVy9e:QGvA4mxSGOh8dtQC3l4Vd-g204iLoemtO6NuCaW-yrE	2022-09-21 16:43:58.098329+00
5oyq83zj2kufwpecjaitvvt2qc1xr3q1	.eJxVjEEOwiAQRe_C2pBCGCku3XsGMswMUjU0Ke2q8e5K0oVu_3vv7yritpa4NVnixOqiLIA6_a4J6Sm1I35gvc-a5rouU9Jd0Qdt-jazvK6H-3dQsJVeo8GUwXOwiAk8IrGTbMAGco5BEntIg_GGh9ERZpJz-DZZsnWjN-r9AW7dOaw:1obPvf:3WXpoO2kSQyiaRUqxhwUBZeKcVIR2Oa057ZKvfJCNXg	2022-10-06 17:24:03.245146+00
4a4y7n3a4jbe5texvdtbuimce5de88oi	.eJxVjEEOwiAQRe_C2pDCWDq4dN8zkGEGbNVAUtqV8e7apAvd_vfef6lA2zqFraUlzKIuynadOv2ukfiRyo7kTuVWNdeyLnPUu6IP2vRYJT2vh_t3MFGbvjVwtIQonU9noEHIAGEyxvSWLTIa9DAQuhxBsucMnCizI28ZpHei3h80GDj1:1oVyB3:F2mJY6Uy4f1Scvm65rfX6alJA-KqT9eKq30cL-zRbK8	2022-09-21 16:45:25.820954+00
epgp8amxyfrneiumgj36a7jdtw1g3vd7	.eJxVjDsOwjAQRO_iGlnx2usISnrOEO3PJIBiKZ8KcXcSKQVUI817M2_X0br03Trb1A3qLg5S606_LZM8bdyRPmi8Vy91XKaB_a74g87-VtVe18P9O-hp7rc1YYKCweKWZLkAiwpjo4BYoDDmNlnMkjiclU1S4Awla0MagxC4zxdFGTkO:1obPvj:ExbaxgXh2gr6bt0Z__NgxeV-HoghpN02zdkfwh1vCjQ	2022-10-06 17:24:07.364698+00
h2gq695efw2sieaypxa3snla55tq1rf5	.eJxVjDsOwjAQBe_iGlmJF3-Wkj5niNbeNQ4gR4qTCnF3iJQC2jfz5qVG2tYybk2WcWJ1UcY6dfpdI6WH1B3xnept1mmu6zJFvSv6oE0PM8vzerh_gUKt7G8Mgt-6oM-2Z3TZeEZJfAYgFGRv2HnO0HlyOSJliKkPHYBDawOo9wc7cDhD:1obPxG:CZNnKSFWqZNzTlR43v2NW6vzPVM51z_0Y4sb8j-bZHs	2022-10-06 17:25:42.257322+00
im4k2m564taeo569tdgs0dol9kudoeds	.eJxVjM0OwiAQhN-FsyHIT7d49O4zEJZdpGpoUtqT8d2lSQ-azGm-b-YtQtzWErbGS5hIXIRWXpx-W4zpyXVH9Ij1Pss013WZUO6KPGiTt5n4dT3cv4MSW-lrMBY0krcGgEaDg8rOJmdIZWY2VivXcwYNAGNmx17jkBC6iKy8E58vDLI3iQ:1oVyBg:WAvVQOcIP7tlB-dbyDrMWOx-Cg3himOVxqP1DM5AbHQ	2022-09-21 16:46:04.326569+00
03x03ir4h9f6vxcnd9aplm350i6om4z4	.eJxVjEEOwiAQRe_C2pDCCBSX7j0DGWZAqgaS0q6Md7dNutDte-__twi4LiWsPc1hYnER2jhx-qUR6ZnqrviB9d4ktbrMU5R7Ig_b5a1xel2P9u-gYC_b2rIyRIB5GEGD0wrAkNOoPdthY2rk5M-kGCKobMAyUTYqeQuYtMvi8wUSAzfS:1obQ1o:x4VvD4k203nef-WsVqPU1O2-t4HhMf-baNaedFYglSo	2022-10-06 17:30:24.163578+00
1it5x7j201gb5qdz7opraz85lhlc8ofv	.eJxVjEEOwiAQRe_C2pDCWDq4dN8zkGEGbNVAUtqV8e7apAvd_vfef6lA2zqFraUlzKIuynadOv2ukfiRyo7kTuVWNdeyLnPUu6IP2vRYJT2vh_t3MFGbvjVwtIQonU9noEHIAGEyxvSWLTIa9DAQuhxBsucMnCizI28ZpHei3h80GDj1:1oVyC2:dzqQGfvrzKOKgFU9gywG3p9XS_WMVjnQoECvaNq14bw	2022-09-21 16:46:26.864925+00
4js21oku3bevqsrpd3vkgbu8lejprxru	.eJxVjDsOwyAQBe9CHSHALJ-U6X0GtMASnERYMnYV5e6xJRdJ-2bmvVnAba1h67SEKbMrU-DY5XeNmJ7UDpQf2O4zT3NblynyQ-En7XycM71up_t3ULHXvS6E2pL30oHDVIzzysuYrUYlrBEWnR7ASMgDJiBIwkTwpUhvNO2CYZ8vJW83oA:1obQ1v:mKbjzc5h76VnDLlDaZq0uht4H2ggYrduF-4iO9BDzHQ	2022-10-06 17:30:31.184849+00
tkbaojbo185h482ef6qjkv21zdjb3vs0	.eJxVjMEOwiAQRP-FsyELlBY8evcbyC6sUjWQlPZk_HdL0oNe5jDz3rxFwG3NYWu8hDmJs9AKxOm3JYxPLn1KDyz3KmMt6zKT7Ig81iavNfHrcrB_Bxlb3m3nARXZm46endWEmNKgTIrIPBKyJws4GQZlRq3Bgpv2HAB97KoRny8_rTgU:1oVyD8:GyQbbaxtTDmwI8O3WuQeuPgn3gKdVdEDCOyHIyq1caw	2022-09-21 16:47:34.378081+00
98pttjzjicnusfozwrm8w398fcx7mt1i	.eJxVjDEOAiEQRe9CbQigDGJpv2cgA8zIqoFk2a2Md1eSLbT5xX8v7yUCbmsJW6clzFlchLFeHH7fiOlBdaB8x3prMrW6LnOUQ5E77XJqmZ7X3f0LFOxlhLWNBrQFjd4q477L7PHMJmYAR85o4yMk0JqZ-IjOnhxxxpisIlTi_QEYlzhw:1obQ5z:CYD58u18q6OUVyq_JmYxgpNfSNxFojBq5CAepKwGMhc	2022-10-06 17:34:43.727044+00
5d2ljzhzc8vrlh8pagn1vdpamphb7iog	.eJxVjMsOwiAQRf-FtSEwUBlcuu83NMMw2KqBpI-V8d-1SRe6veec-1IDbes4bIvMw5TVRdmI6vS7JuKH1B3lO9Vb09zqOk9J74o-6KL7luV5Pdy_g5GW8Vtz6gBcJuPAZpRCVDqxXBxQ7rAIFwiIkSHx2foQDKJE74yN3qNnVO8PUCA4Sw:1oVyFw:DUHagI9RF1HyO__Dtf84V1hzbXkBVJ4BT1CatFI5mZM	2022-09-21 16:50:28.057678+00
nf1h2nim04vhfj7mg9jy0adafs2wxk62	.eJxVjMsOwiAQRf-FtSE8pAMu3fsNZAYGqRqalHZl_HfbpAvdnnPufYuI61Lj2nmOYxYXYQYlTr-UMD257So_sN0nmaa2zCPJPZGH7fI2ZX5dj_bvoGKv2xoBiirBoiJwoBJwAEgGAxVHZAm8Mhv1FgfOSZ2ND6htCE5rYjYkPl8v5zg6:1obQ7f:pA1tcAWLXzMoGXOFWwi-LrC287n3Sy1xJ_Nxn1oR6ag	2022-10-06 17:36:27.38128+00
i1xsau95sk3g0h8h0og7dp2jm476dv4n	.eJxVjEEOwiAQRe_C2pDCWDq4dN8zkGEGbNVAUtqV8e7apAvd_vfef6lA2zqFraUlzKIuynadOv2ukfiRyo7kTuVWNdeyLnPUu6IP2vRYJT2vh_t3MFGbvjVwtIQonU9noEHIAGEyxvSWLTIa9DAQuhxBsucMnCizI28ZpHei3h80GDj1:1oVyKi:RvVCiX_LnixpR1gC2icSUBfhxRTT5YkGVc9ztNlh_Uw	2022-09-21 16:55:24.654671+00
gm2nxlm84shruf3hlfhwgzxa7binwmqi	.eJxVjEEOwiAQRe_C2pAyUOi4dO8ZGoYZbNVAUtqV8e7apAvd_vfef6kxbus0bk2WcWZ1VuCNOv2uFNNDyo74Hsut6lTLusykd0UftOlrZXleDvfvYIpt-taSUQInNhY7m4j6QTo3BKIITNkCdehMQO5RABOZHMCaIXhILjJ6p94fS4g4dQ:1obQ94:koAZBjdyvRUyl6tPEVh1vDrRmoze6qP2rDYattpkjEs	2022-10-06 17:37:54.256382+00
b3q8jodae3hckuse22dfhzjkhr3m0yx9	.eJxVjEEOwiAURO_C2hBKLR9cuvcMZD5QqRpISrsy3t026UJXk8x7M2_hsS7Zry3NforiIrTR4vTbMsIzlR3FB8q9ylDLMk8sd0UetMlbjel1Pdy_g4yWt7WzcEQx8AiNmNSWPMByTKCebA8DcorcqDsdrO7YYiATgnOWz1BKfL5iiTkB:1obQDB:PH4_gc0mtGWmDsh30joqUEZoqTAb848VPD6nJ9Ka5cs	2022-10-06 17:42:09.531356+00
v0ugoqoitxoenge3mob2nij7gbjz4x9o	.eJxVjDsOwjAQBe_iGlnZjT9rSvqcwVrbCw6gRIqTCnF3iJQC2jcz76Uib2uNW5MljkWdFQKo0--aOD9k2lG583SbdZ6ndRmT3hV90KaHucjzcrh_B5Vb_daGKBPbjNRfMwQANmKhs8En9Mb17KgDwiyERRwi9kDGGhQTgrXJq_cH-4s2kQ:1oVyN6:KKTcsgO2CQF1IzVDjbyzXjC16eUdRjBdOeZTSfZWeUo	2022-09-21 16:57:52.972887+00
fn8wyocq2b6eyedkjrm3tbrt52ruw99q	.eJxVjEEOwiAQRe_C2pAyUOi4dO8ZGoYZbNVAUtqV8e7apAvd_vfef6kxbus0bk2WcWZ1VuCNOv2uFNNDyo74Hsut6lTLusykd0UftOlrZXleDvfvYIpt-taSUQInNhY7m4j6QTo3BKIITNkCdehMQO5RABOZHMCaIXhILjJ6p94fS4g4dQ:1obQgg:U-iIx0C1TI4lE1lssZO1mhy_722EN925uZ3GX5Fgpho	2022-10-06 18:12:38.769373+00
csb079vtxp7b7gi9hbiu1s4tvk3gmr6z	.eJxVjMsOwiAQRf-FtSEwUBlcuu83NMMw2KqBpI-V8d-1SRe6veec-1IDbes4bIvMw5TVRdmI6vS7JuKH1B3lO9Vb09zqOk9J74o-6KL7luV5Pdy_g5GW8Vtz6gBcJuPAZpRCVDqxXBxQ7rAIFwiIkSHx2foQDKJE74yN3qNnVO8PUCA4Sw:1oVyQx:m8PWW3F81V7_IVwtKQlRxwClXOqnu6KKJ0Htkpj2P38	2022-09-21 17:01:51.334524+00
0goxei7thb0rlvxwmaorae580m3ckbse	.eJxVjMsOwiAQRf-FtSEMRR4u3fsNBJhBqgaS0q6M_y5NutDtOefeN_NhW4vfOi1-RnZhUk_s9EtjSE-qu8JHqPfGU6vrMke-J_ywnd8a0ut6tH8HJfQy1kLoiBIDiOQsZsxJZTjHPNGkQDpNmSwkY-SIslBWJ2fAUbAwsNXAPl9IRzh0:1obQjC:KJDQXpAORGBLqLE7eqgdtx8YUZs0_-ryfUEH_35f95o	2022-10-06 18:15:14.705251+00
kq51betp0kdfez74olk54t4rw13btxox	.eJxVjDsOwjAQBe_iGln-rY0p6XMGa23v4gBKpDipEHeHSCmgfTPzXiLhtra0dVrSWMVFGG3E6XfNWB407ajecbrNsszTuoxZ7oo8aJfDXOl5Pdy_g4a9fWtQ3qLDELECeuDApK2xTMZlRrKmnBVFDtFrdrnGrEBFDWCY0DsN4v0BMm84OA:1oVyT1:CLx_v76rSiM-uz7owzA2HwI-ojlqOeIrtIwKiUKmug8	2022-09-21 17:03:59.705852+00
efy79w9zyl5biut8h0y38yqup33gzqcx	.eJxVjMsOwiAQRf-FtSEw8hhcuu83EB6DVA0kpV0Z_12bdKHbe865L-bDtla_DVr8nNmFgVHs9LvGkB7UdpTvod06T72tyxz5rvCDDj71TM_r4f4d1DDqtyaNllwBHUsqQoukSUJxLiAqUGA1SFGCixgNpXNWiCZaLQmzInBGsPcHMIU3-w:1obS4U:EH0Lx824tFunhBGPnkTscJ3p8yOc-8WpVMyUfcld4lA	2022-10-06 19:41:18.915274+00
m7l4wdjpr2wd9eyneaeehczghv349k0n	.eJxVjEEOwiAQRe_C2pDCWDq4dN8zkGEGbNVAUtqV8e7apAvd_vfef6lA2zqFraUlzKIuynadOv2ukfiRyo7kTuVWNdeyLnPUu6IP2vRYJT2vh_t3MFGbvjVwtIQonU9noEHIAGEyxvSWLTIa9DAQuhxBsucMnCizI28ZpHei3h80GDj1:1oVyVE:TZDQbIqmY9L9aZkLfCtU0j2pSNELZnfyTxUWiqVH85g	2022-09-21 17:06:16.988424+00
xkdkwnatdua4xr67fnsyypn0n74690ti	.eJxVjE0OwiAQRu_C2pACnVJcuu8ZyDAMUjU0Ke3KeHdp0oXm7d738xYe9y37vfLq5yiuQonLrwtITy5HEB9Y7oukpWzrHORRkWda5bREft3O7t9BxprbOiTnVKcdWW1iBJ2MAXYKmWgcLLBlAKDUGxqDTY2mhp6w4boUWXy-6ZU4sw:1obdXq:APMaEoBlci2YZ8UKb6z5csDb8M7mVkdBF5f1LOVOqvs	2022-10-07 07:56:22.617216+00
qzkspag9zp4pfsrhk8xfoe79dbnb9q8i	.eJxVjEEOwiAQRe_C2pDCWDq4dN8zkGEGbNVAUtqV8e7apAvd_vfef6lA2zqFraUlzKIuynadOv2ukfiRyo7kTuVWNdeyLnPUu6IP2vRYJT2vh_t3MFGbvjVwtIQonU9noEHIAGEyxvSWLTIa9DAQuhxBsucMnCizI28ZpHei3h80GDj1:1oVyXB:89H5nNplbZG9CG0YDWe2qZzpnnnr8C6Cfrt4Cfj55w4	2022-09-21 17:08:17.149492+00
vs9uzcrwsqfb6vdho1bycbae4ckwj7n4	.eJxVjMEOwiAQRP-FsyHsdpHi0bvfQBYWpGrapLQn47_bJj3ocea9mbcKvC41rC3PYRB1UQikTr9t5PTM447kweN90mkal3mIelf0QZu-TZJf18P9O6jc6rb2BFHOLkFyzqCQp9h7i-iZENBYsJGlRGOk37I3XSaypUu5IDMAqM8XBNc3Vg:1oVya9:z3VC2uPkmmJZxpGA-3xR-u_nxa6p25cPlKnqIbNpu7w	2022-09-21 17:11:21.846899+00
cukr2fopnj5uqmyivy5dcn696j6ypkyy	.eJxVjMsOwiAQRf-FtSEwUBlcuu83NMMw2KqBpI-V8d-1SRe6veec-1IDbes4bIvMw5TVRdmI6vS7JuKH1B3lO9Vb09zqOk9J74o-6KL7luV5Pdy_g5GW8Vtz6gBcJuPAZpRCVDqxXBxQ7rAIFwiIkSHx2foQDKJE74yN3qNnVO8PUCA4Sw:1oVybU:Q6x6e-bg0jlGFN9guJHRfBpP3jFa0jhtFyGsE2w_TKc	2022-09-21 17:12:44.816519+00
ga799rz7urzb27l4vii9dod8m0od1w16	.eJxVjEEOwiAQRe_C2pDCWDq4dN8zkGEGbNVAUtqV8e7apAvd_vfef6lA2zqFraUlzKIuynadOv2ukfiRyo7kTuVWNdeyLnPUu6IP2vRYJT2vh_t3MFGbvjVwtIQonU9noEHIAGEyxvSWLTIa9DAQuhxBsucMnCizI28ZpHei3h80GDj1:1oVygm:KsykHTgeTTvGqFbRUHuPLMKEcT-I1tJN06scdIGux-4	2022-09-21 17:18:12.174608+00
8jz028fbto6hg4duxotmevgloi14nb1k	.eJxVjEEOwiAQRe_C2pDCWDq4dN8zkGEGbNVAUtqV8e7apAvd_vfef6lA2zqFraUlzKIuynadOv2ukfiRyo7kTuVWNdeyLnPUu6IP2vRYJT2vh_t3MFGbvjVwtIQonU9noEHIAGEyxvSWLTIa9DAQuhxBsucMnCizI28ZpHei3h80GDj1:1oVyiz:p8rQDQMTKvYQd2zwTD7-YhYcn6RDidv2YoByNfmB6qs	2022-09-21 17:20:29.271637+00
4jj6ucr4yvg279h5ncwv8990jaxftv8m	.eJxVjDsOgzAQRO_iOrLAP-yU6TmDtetdYpLIljBUUe4ekCiSaqR5b-YtImxrjlvjJc4krkL1Vlx-W4T05HIgekC5V5lqWZcZ5aHIkzY5VuLX7XT_DjK0vK-xn4LrWO0RaAraDckFRcGSx9RZjYk5eMdotQH2ygyGFGiVUDtEjeLzBTX3OKk:1oVyjU:e3Mzf0aU9m3HHj2lwF9NGNT4NexLTgo3x4kd_ROZCu0	2022-09-21 17:21:00.15478+00
zcm5fin413gz5h8dujdyptjwabfduzch	.eJxVjMsOwiAQRf-FtSHA8NKl-34DGQaQqoGktCvjv2uTLnR7zzn3xQJuaw3byEuYE7swJS07_a4R6ZHbjtId261z6m1d5sh3hR908Kmn_Lwe7t9BxVG_NfhohJPkdbSKstPCaklGQ05FEBR1NoTGi1KSAeGIinQOUEqDhOASe38AHHE4KQ:1oVykw:LEPL0S7peKYEJeoKuOkZcaDmaRnTHgolMGFxS4ubnCc	2022-09-21 17:22:30.477709+00
3gggt7wl17fjqv4lpp8ulv4lqvhn7lk6	.eJxVjLEOwyAQQ_-FuULAXQR07N5vQAdcStqKSCGZov57g5Sh3Ww_27sItK0lbI2XMGVxFUZbcflNI6UX147yk-pjlmmu6zJF2SvypE3e58zv29n9OyjUyrG2TjnAnAhQxTg6rXEA0_XhgA0YaxLa5J3SlBR45ZBGhoxeDRBZfL4Wcze9:1oVyla:DMSlHjiMkXN_3rD-0IbR8xuOmiryKDAvzKQddOOfePQ	2022-09-21 17:23:10.16362+00
ea89csuka83od8qgj1djs0vllefc7nsb	.eJxVjMsOwiAQRf-FtSEwUBlcuu83NMMw2KqBpI-V8d-1SRe6veec-1IDbes4bIvMw5TVRdmI6vS7JuKH1B3lO9Vb09zqOk9J74o-6KL7luV5Pdy_g5GW8Vtz6gBcJuPAZpRCVDqxXBxQ7rAIFwiIkSHx2foQDKJE74yN3qNnVO8PUCA4Sw:1oVysZ:h5vrfwk2qs023NnELe23lsRJMTKbOzxBgAyY5FrjkNw	2022-09-21 17:30:23.158803+00
tncuy7xbwq0a99icl7ar6si0fhbiffv1	.eJxVjMsOwiAQRf-FtSGUqcC4dN9vaGZgkKqBpI-V8d-1SRe6veec-1IjbWsZt0XmcUrqomyH6vS7MsWH1B2lO9Vb07HVdZ5Y74o-6KKHluR5Pdy_g0JL-dZIBJkBIsM5uJ5ztAZALLiOJfkuS_bggBjRQG8ZQxCTMVgCjwa9en8AN9g36Q:1oVyyc:yG3hjBSk5SzdxPaH_9ZaYSaDyPyJk7VEF_iZnFl85v8	2022-09-21 17:36:38.110432+00
owmmjov1qmbvh2wonfmra9td6m05sexe	.eJxVjEEOwiAQRe_C2hAgdIa6dO8ZyNCZStVAUtpV490NSRe6_e-9f6hI-5bj3mSNC6urcs6oy--aaHpJ6YifVB5VT7Vs65J0V_RJm75XlvftdP8OMrXca0YkH3wwQOhGi2Pgwabgk0VhQe-tAZHEwAPCDDCRNYlAnMzOB1afLxvbOEc:1oVyzB:x-746yFHLdjguUP5SS7S53bstP0fMod0gMAYUOzPi_4	2022-09-21 17:37:13.936939+00
svc90w4sjj01wwklymnnrfovnwasehc8	.eJxVjMsOwiAQRf-FtSGUqcC4dN9vaGZgkKqBpI-V8d-1SRe6veec-1IjbWsZt0XmcUrqomyH6vS7MsWH1B2lO9Vb07HVdZ5Y74o-6KKHluR5Pdy_g0JL-dZIBJkBIsM5uJ5ztAZALLiOJfkuS_bggBjRQG8ZQxCTMVgCjwa9en8AN9g36Q:1oVz0r:gi2D6-CNm0Wjm6NznPJKSbJOqT_oT5oEHzAnFGa2AmA	2022-09-21 17:38:57.106207+00
6ywdk5dxs96e52cmbt9bclta30v0pcjp	.eJxVjEEOwiAQRe_C2pBCywAu3XuGZpgZbNVAUtqV8e7apAvd_vfef6kRt3UatybLOLM6K2_U6XdMSA8pO-E7llvVVMu6zEnvij5o09fK8rwc7t_BhG361uAsdT06mxPHbJw3A3I0kD0A9QEGseSxH4SSiDXAlqLDkLsQCULn1PsDAxU35Q:1oVz6j:vgoQU1G1lnj54LdWv0jAOFlDL7PjUZi_L792kZQv_qM	2022-09-21 17:45:01.787846+00
wrpzm1gxqbw0b57e7tej9n2z3cde87i3	.eJxVjMsOwiAQRf-FtSEwUBlcuu83NMMw2KqBpI-V8d-1SRe6veec-1IDbes4bIvMw5TVRdmI6vS7JuKH1B3lO9Vb09zqOk9J74o-6KL7luV5Pdy_g5GW8Vtz6gBcJuPAZpRCVDqxXBxQ7rAIFwiIkSHx2foQDKJE74yN3qNnVO8PUCA4Sw:1oVz75:QM5WehqnNStoF7T3n0w0DuOAik_6z0gbW7HXuEBGHlY	2022-09-21 17:45:23.824349+00
vpk5q5qgfafll8txz7emd7vlhagzbz8n	.eJxVjEEOwiAQRe_C2pARBgou3fcMZGCoVA0kpV0Z765NutDtf-_9lwi0rSVsPS9hZnERCow4_a6R0iPXHfGd6q3J1Oq6zFHuijxol2Pj_Lwe7t9BoV6-tbWEngl1npKK5Bk9DaBTIkUuW2M8OERN1ji24AiyOxsdEaMChcMk3h8zOTfS:1oVz8S:FwBjl02aPKrdeVGb8RfwIESjvQTiZ8WpGDCwhAMU0qg	2022-09-21 17:46:48.119576+00
buipv5za553y1pryyz0bn5mdu4cyuk34	.eJxVjEEOgjAQRe_StWnoTG2nLt1zhmaYDoIaSCisjHdXEha6_e-9_zKZt3XIW9Ulj8VcjDOn361jeei0g3Ln6TZbmad1GTu7K_ag1bZz0ef1cP8OBq7Dt8bgPEpSaHzEIIXP4AN7Am0cRexRKYmDIORS8pGgJxWKPcTgEKEx7w-ssjY2:1oVz9Y:K_lkMQMzPYNZPJ7is75t7OgujWDGsCeV9FEodvRpnyY	2022-09-21 17:47:56.633643+00
13bxnvxrfq5ja0dcapftdrs9c29j9ax7	.eJxVjEEOwiAQRe_C2pBCywAu3XuGZpgZbNVAUtqV8e7apAvd_vfef6kRt3UatybLOLM6K2_U6XdMSA8pO-E7llvVVMu6zEnvij5o09fK8rwc7t_BhG361uAsdT06mxPHbJw3A3I0kD0A9QEGseSxH4SSiDXAlqLDkLsQCULn1PsDAxU35Q:1oVzAJ:cqx049DXrtKZnsDceJvb3hf3haZeNJcvuvZykUugN_U	2022-09-21 17:48:43.991278+00
o6w2uf9fnctag9z4072ub3jjz61h6cj1	.eJxVjEEOwiAQRe_C2pDCWDq4dN8zkGEGbNVAUtqV8e7apAvd_vfef6lA2zqFraUlzKIuynadOv2ukfiRyo7kTuVWNdeyLnPUu6IP2vRYJT2vh_t3MFGbvjVwtIQonU9noEHIAGEyxvSWLTIa9DAQuhxBsucMnCizI28ZpHei3h80GDj1:1oVzCm:jdIQtSio63gN4Z8_KUaXcbCrcgTc_ig110FVRxqlvKU	2022-09-21 17:51:16.541955+00
nxmd1bo682bh3zxj1mtk6bi77o0lt3sx	.eJxVjDsOwjAQBe_iGlleJ2YNJT1niNb7IQGUSHFSIe4OkVJA-2bmvVxH69J3a9W5G8SdXYzJHX7XQvzQcUNyp_E2eZ7GZR6K3xS_0-qvk-jzsrt_Bz3V_lsXkwISGAJwOOYExSxmpAZTABFGO2UuUZWAjFVbbKy1FBBRMmRw7w9QZDjy:1oVzFA:phSHRBZJzWRNDzwx4kPtqfyW-GujTb1hecZc35_6VHY	2022-09-21 17:53:44.046707+00
4k8fsi1nc2kmuxirbkfh66bklqqs0dln	.eJxVjEEOwiAQRe_C2pDCWDq4dN8zkGEGbNVAUtqV8e7apAvd_vfef6lA2zqFraUlzKIuynadOv2ukfiRyo7kTuVWNdeyLnPUu6IP2vRYJT2vh_t3MFGbvjVwtIQonU9noEHIAGEyxvSWLTIa9DAQuhxBsucMnCizI28ZpHei3h80GDj1:1oVzL8:H7vWJ8bnsOQB0U7twkQ4rJ7ZJ-qBwnvunu1c483Xyw0	2022-09-21 17:59:54.483072+00
p3phy25693ip96yuvepuenwj8og4ut6u	.eJxVjEEOwiAQRe_C2pBCywAu3XuGZpgZbNVAUtqV8e7apAvd_vfef6kRt3UatybLOLM6K2_U6XdMSA8pO-E7llvVVMu6zEnvij5o09fK8rwc7t_BhG361uAsdT06mxPHbJw3A3I0kD0A9QEGseSxH4SSiDXAlqLDkLsQCULn1PsDAxU35Q:1oVzP9:DRs-beHRwTy370m0_BVQjFHcPf1FWK8aB9gXIl-va_4	2022-09-21 18:04:03.822707+00
cy8zuy2vsq232bxhinhgtrhb3kyt44px	.eJxVjEEOwiAQRe_C2pDCWDq4dN8zkGEGbNVAUtqV8e7apAvd_vfef6lA2zqFraUlzKIuynadOv2ukfiRyo7kTuVWNdeyLnPUu6IP2vRYJT2vh_t3MFGbvjVwtIQonU9noEHIAGEyxvSWLTIa9DAQuhxBsucMnCizI28ZpHei3h80GDj1:1oVzSK:ScrkJDlkSYMr9qH_18Rvz7Dehdxv2AwSi4Frko3ReCU	2022-09-21 18:07:20.585416+00
s34l1nhfmz8h4229spdlcmnnyvxrjoel	.eJxVjEEOwiAQRe_C2pDCWDq4dN8zkGEGbNVAUtqV8e7apAvd_vfef6lA2zqFraUlzKIuynadOv2ukfiRyo7kTuVWNdeyLnPUu6IP2vRYJT2vh_t3MFGbvjVwtIQonU9noEHIAGEyxvSWLTIa9DAQuhxBsucMnCizI28ZpHei3h80GDj1:1oVzU1:Ul3QOMfz1afA9NzJlO-upB_bPWn5-gSZUK1IZ2JGsrY	2022-09-21 18:09:05.108338+00
am9z29j9agnffs1eawpuxrxe8nbuokz0	.eJxVjEEOwiAQRe_C2pDCWDq4dN8zkGEGbNVAUtqV8e7apAvd_vfef6lA2zqFraUlzKIuynadOv2ukfiRyo7kTuVWNdeyLnPUu6IP2vRYJT2vh_t3MFGbvjVwtIQonU9noEHIAGEyxvSWLTIa9DAQuhxBsucMnCizI28ZpHei3h80GDj1:1oVzjL:NYDAAxz3mT8sjKbqxqLoEbmjS8XcqZlCAV9iVmem5-Q	2022-09-21 18:24:55.666462+00
nkr57m1dov0dtviapofdnrypoqfhcdam	.eJxVjEEOwiAQRe_C2pBCywAu3XuGZpgZbNVAUtqV8e7apAvd_vfef6kRt3UatybLOLM6K2_U6XdMSA8pO-E7llvVVMu6zEnvij5o09fK8rwc7t_BhG361uAsdT06mxPHbJw3A3I0kD0A9QEGseSxH4SSiDXAlqLDkLsQCULn1PsDAxU35Q:1oVzjc:9RelJJUTeC2HUuU4fgBVDrbatFE2IuUVB8jfLHN-o-M	2022-09-21 18:25:12.62339+00
dtvgtte3907luqnakn7i0m04heiay39c	.eJxVjEEOwiAQRe_C2pDCWDq4dN8zkGEGbNVAUtqV8e7apAvd_vfef6lA2zqFraUlzKIuynadOv2ukfiRyo7kTuVWNdeyLnPUu6IP2vRYJT2vh_t3MFGbvjVwtIQonU9noEHIAGEyxvSWLTIa9DAQuhxBsucMnCizI28ZpHei3h80GDj1:1oVzqF:0Lq-FVJHTwmHJadKZ4UYqiGXXaFv7YlWKMVfl9YgGtE	2022-09-21 18:32:03.802077+00
6n8sto3rg7srw28aejhwvhfjtj396z2f	.eJxVjEEOwiAQRe_C2pDCWDq4dN8zkGEGbNVAUtqV8e7apAvd_vfef6lA2zqFraUlzKIuynadOv2ukfiRyo7kTuVWNdeyLnPUu6IP2vRYJT2vh_t3MFGbvjVwtIQonU9noEHIAGEyxvSWLTIa9DAQuhxBsucMnCizI28ZpHei3h80GDj1:1oW02l:SlITeyB1kKC0wcdAZtS-KrsY_c5cSvPVP0DUsMWThm4	2022-09-21 18:44:59.653149+00
du42dpm64zfvfadmyfeivo5xam4eplkr	.eJxVjEEOwiAQRe_C2pDCWDq4dN8zkGEGbNVAUtqV8e7apAvd_vfef6lA2zqFraUlzKIuynadOv2ukfiRyo7kTuVWNdeyLnPUu6IP2vRYJT2vh_t3MFGbvjVwtIQonU9noEHIAGEyxvSWLTIa9DAQuhxBsucMnCizI28ZpHei3h80GDj1:1oW09r:CZIACxfhzxyhzwKzfjuxYf9KXsCgOS_zcOghxjBDHfw	2022-09-21 18:52:19.884397+00
n3hgjvtz8062xbjq1u78w36vvot4kzco	.eJxVjEEOwiAQRe_C2pDCWDq4dN8zkGEGbNVAUtqV8e7apAvd_vfef6lA2zqFraUlzKIuynadOv2ukfiRyo7kTuVWNdeyLnPUu6IP2vRYJT2vh_t3MFGbvjVwtIQonU9noEHIAGEyxvSWLTIa9DAQuhxBsucMnCizI28ZpHei3h80GDj1:1oW0EG:2ZLPr49gIkrfORrFsXJovMeqKiCsWQiqQzyVht9KUDM	2022-09-21 18:56:52.925768+00
t5vzl9gmo0enxv2v8qow2bkl3poenp12	.eJxVjMsOwiAQRf-FtSEwUBlcuu83NMMw2KqBpI-V8d-1SRe6veec-1IDbes4bIvMw5TVRdmI6vS7JuKH1B3lO9Vb09zqOk9J74o-6KL7luV5Pdy_g5GW8Vtz6gBcJuPAZpRCVDqxXBxQ7rAIFwiIkSHx2foQDKJE74yN3qNnVO8PUCA4Sw:1oW0Fn:fvmdKTT6xC8s1KfHlxYRTPIhtcKkYhO67ZU0JNW3IzI	2022-09-21 18:58:27.159536+00
5yaaqkmer9rln1ig3dceh7zm4hs6cjfy	.eJxVjEEOwiAQRe_C2pDCWDq4dN8zkGEGbNVAUtqV8e7apAvd_vfef6lA2zqFraUlzKIuynadOv2ukfiRyo7kTuVWNdeyLnPUu6IP2vRYJT2vh_t3MFGbvjVwtIQonU9noEHIAGEyxvSWLTIa9DAQuhxBsucMnCizI28ZpHei3h80GDj1:1oW0Ju:-5nPWwKwpnIE_mC24oJWB_H97bJiTeNztGqdKLhYpBo	2022-09-21 19:02:42.549778+00
pvej2wrq66dplvd1mrh3ck0suoqb5zfa	.eJxVjEEOwiAQRe_C2pDCWDq4dN8zkGEGbNVAUtqV8e7apAvd_vfef6lA2zqFraUlzKIuynadOv2ukfiRyo7kTuVWNdeyLnPUu6IP2vRYJT2vh_t3MFGbvjVwtIQonU9noEHIAGEyxvSWLTIa9DAQuhxBsucMnCizI28ZpHei3h80GDj1:1oW0Pe:IwiUp9GMvUxOfUIJViVKWPjz5GHC-bMECuGwMDTJiu8	2022-09-21 19:08:38.719633+00
cu3p3xldyhvrj07qd4waqdc57ylmiirn	.eJxVjMsOwiAQRf-FtSEwUBlcuu83NMMw2KqBpI-V8d-1SRe6veec-1IDbes4bIvMw5TVRdmI6vS7JuKH1B3lO9Vb09zqOk9J74o-6KL7luV5Pdy_g5GW8Vtz6gBcJuPAZpRCVDqxXBxQ7rAIFwiIkSHx2foQDKJE74yN3qNnVO8PUCA4Sw:1oW1MD:5PYsNVEJQWQDNSF_YTjWy0nnvSHDQgmz30xl_jzVtB8	2022-09-21 20:09:09.50143+00
\.


--
-- Data for Name: flags_flagstate; Type: TABLE DATA; Schema: public; Owner: twistdbadmin
--

COPY public.flags_flagstate (id, name, condition, value, required) FROM stdin;
1	CAN_SIGNUP	boolean	False	f
\.


--
-- Data for Name: song_signup_groupsongrequest; Type: TABLE DATA; Schema: public; Owner: twistdbadmin
--

COPY public.song_signup_groupsongrequest (id, song_name, musical, request_time, suggested_by_id) FROM stdin;
13	Satisfied	Hamilton	2022-06-17 13:23:13.657862+00	1
14	The Room Where It Happens	Hamilton	2022-06-17 13:23:37.170961+00	1
15	Guns and Ships	Hamilton	2022-06-17 13:23:55.525473+00	1
16	My Shot	Hamilton	2022-06-17 13:24:08.637555+00	1
17	Story of Tonight	Hamilton	2022-06-17 13:36:17.567943+00	1
21	RIght Hand Man	Hamilton	2022-06-17 13:37:08.92853+00	1
22	The Schuyler Sisters	Hamilton	2022-06-17 13:38:41.731694+00	1
23	One Day More	Les Mis	2022-06-17 13:44:32.483486+00	1
24	Do You Hear the People Sing?	Hamilton	2022-06-17 13:45:15.46185+00	1
25	Deliver Us	Prince of Egypt	2022-06-17 13:49:31.846526+00	1
26	The Plagues	Prince of Egypt	2022-06-17 13:50:16.928587+00	1
27	Look Down	Les Mis	2022-06-17 13:50:58.353951+00	1
28	What Is This Feeling?	Wicked	2022-06-17 13:53:20.492603+00	1
29	The Wizard and I	Wicked	2022-06-17 13:54:46.47841+00	1
30	Popular	Wicked	2022-06-17 13:55:48.869612+00	1
31	All That Jazz	Chicago	2022-06-17 13:57:04.370982+00	1
32	Cell Block Tango	Chicago	2022-06-17 13:58:23.007772+00	1
33	When You're Good to Mama	Chicago	2022-06-17 13:59:51.091047+00	1
34	Both Reached For the Gun	Chicago	2022-06-17 14:05:29.83735+00	1
35	Sincerely Me	Dear Evan Hanson	2022-06-17 14:10:53.801421+00	1
36	Sucks To Be Me	Avenue Q	2022-06-17 14:11:17.396276+00	1
37	If You Were Gay	Avenue Q	2022-06-17 14:11:38.895796+00	1
38	The Internet Is For Porn	Avenue Q	2022-06-17 14:12:11.929264+00	1
39	Loud As The Hell You Want	Avenue Q	2022-06-17 14:12:29.749317+00	1
40	You Can't Stop the Beat	Hairspray	2022-06-17 14:14:41.863363+00	1
41	Welcome to the 60s	Hairspray	2022-06-17 14:17:30.697528+00	1
42	Good Morning Baltimore	Hairspray	2022-06-17 14:17:53.232943+00	1
43	The Nicest Kids In Town	Hairspray	2022-06-17 14:18:13.162867+00	1
44	Under the Sea	The Little Mermaid	2022-06-17 14:19:37.044311+00	1
45	Can't Wait To Be King	The Lion King	2022-06-17 14:20:02.739519+00	1
46	The Circle of Life	The Lion King	2022-06-17 14:23:02.864116+00	1
47	Hakuna Matata	The Lion King	2022-06-17 14:29:27.179631+00	1
48	Be Out Guest	Beauty and the Beast	2022-06-17 14:31:37.730461+00	1
49	Rent	Rent	2022-06-17 14:32:37.502164+00	1
50	La Vie Boheme	Rent	2022-06-17 14:34:49.614495+00	1
51	Yorktown	Hamilton	2022-06-17 15:01:05.602285+00	1
61	We don't talk about  Bruno	Encanto	2022-06-21 05:09:50.014303+00	1
62	Brotherhood of Man	How to Succeed	2022-06-21 05:10:11.449852+00	1
63	You Won't Succeed on Broadway	Spamalot	2022-06-21 05:11:02.119231+00	1
64	Let's Do the Time Warp Again	The Rocky Horror Show	2022-07-05 15:15:48.358426+00	71
66	Hello	Book of Mormon	2022-07-21 08:46:47.415904+00	71
72	We Go Together	Grease	2022-08-01 08:53:43.323238+00	71
73	Bend and Snap	Legally Blonde	2022-08-01 08:54:07.068597+00	71
84	Tradition	Fiddler on the Roof	2022-08-03 08:37:21.48921+00	71
100	Seasons of Love	Rent	2022-09-22 16:07:06.321884+00	228
101	Non Stop	Hamilton	2022-09-22 16:25:41.215467+00	229
102	Non Stop	Hamilton	2022-09-22 16:26:53.245253+00	229
103	From Now On	Greatest Show Man	2022-09-22 17:32:30.135185+00	249
104	Cell Block Tango	Chicago	2022-09-22 17:35:33.819219+00	238
105	Master of the House	Les Miserables	2022-09-22 18:19:03.329452+00	238
106	Seasons of Love	Rent	2022-09-22 18:50:39.546482+00	233
107	Master of the House	Les Mis	2022-09-22 19:56:39.788768+00	71
\.


--
-- Data for Name: song_signup_singer; Type: TABLE DATA; Schema: public; Owner: twistdbadmin
--

COPY public.song_signup_singer (id, password, last_login, is_superuser, username, first_name, last_name, email, is_staff, is_active, date_joined, cy1_position, no_image_upload, cy2_position, cy3_position, lscy_position, placeholder) FROM stdin;
234	!rTh9oG7L9r7VfjgpF1nXP9P6qb90Z3VSGIIIkxYg	2022-09-22 16:19:28.296648+00	f	yaacov_braun	Yaacov	Braun		t	t	2022-09-22 16:19:28.275726+00	\N	f	\N	\N	\N	f
243	!Y9GrijA5WthQyeBl8SkgmrKsMglRtyKvTs8xW8ql	2022-09-22 16:37:14.370093+00	f	simon_stout	Simon	Stout		t	t	2022-09-22 16:37:14.345734+00	\N	f	\N	\N	\N	f
244	!1okPtbUbYUTctXpzm7ozrNklyRSMUAGOLDuCaqrp	2022-09-22 16:45:27.215885+00	f	philippa_bacal	Philippa	Bacal		t	t	2022-09-22 16:45:27.199505+00	\N	f	\N	\N	\N	f
235	!eBKNZh0MRflYOjolMMdDFpslRmCjwydkdu6lt5JS	2022-09-22 16:21:20.140942+00	f	matan_rubin	Matan	Rubin		t	t	2022-09-22 16:21:20.124593+00	\N	f	\N	\N	\N	f
245	!l8lhrzljduiXoKKfupqNXrTXyu80DCf4LdseN5L4	2022-09-22 16:47:38.907741+00	f	yehuda_porath	Yehuda	Porath		t	t	2022-09-22 16:47:38.891895+00	\N	f	\N	\N	\N	f
227	!3Dvur3meqRBkFDgxJkUdKmffL6QyePIi3FZXxZGs	2022-09-22 15:57:56.689973+00	f	yael_berg	Yael	Berg		t	t	2022-09-22 15:57:56.673425+00	\N	f	\N	\N	\N	f
236	!4Ot1MfOe7lw3DXUIDnlyzNWBRM6WXnYe7GHmMtnQ	2022-09-22 16:23:08.823061+00	f	avrah_levine	Avrah	Levine		t	t	2022-09-22 16:23:08.802009+00	\N	f	\N	\N	\N	f
246	!txz72hu9EAdnIbu4J2dftYDkAhNOFf8fdwGOzlpR	2022-09-22 16:47:50.958417+00	f	ariel_yehya	Ariel	Yehya		t	t	2022-09-22 16:47:50.942402+00	\N	f	\N	\N	\N	f
237	!tpv4UDy1s6RIvqgaxEaBVA9ZSmNTZbJWPulyiCsn	2022-09-22 16:24:17.831979+00	f	yossi_shemaria	Yossi	Shemaria		t	t	2022-09-22 16:24:17.81474+00	\N	f	\N	\N	\N	f
248	!gJdzqyeujcsvhfBalKE8wYZRz22f3elVYKG1xLes	2022-09-22 16:55:59.498943+00	f	bat-chen_harari	Bat-chen	Harari		t	t	2022-09-22 16:55:59.482844+00	\N	t	\N	\N	\N	f
238	!Pzyfi5yjzeFvg7dwOINigNsiSaEc5j7nlMBYcPxE	2022-09-22 16:25:41.145815+00	f	talya_rosalki	Talya	Rosalki		t	t	2022-09-22 16:25:41.129395+00	\N	t	\N	\N	\N	f
249	!E44ik0qnRMaq5IYPpAdZNTXj1dBHWxS0gq6Vutha	2022-09-22 16:56:12.915886+00	f	talya_levav	Talya	Levav		t	t	2022-09-22 16:56:12.899728+00	\N	f	\N	\N	\N	f
250	!HDsaDEP322LPdTMaNQjqUSEgxFfn66BynayKbo1Z	2022-09-22 17:00:14.903515+00	f	gal_shrem	Gal	Shrem		t	t	2022-09-22 17:00:14.886511+00	\N	f	\N	\N	\N	f
239	!UTR1qPxBWk6icRLHi4RXMSZAbfQ22q3aUaGFxE37	2022-09-22 16:25:50.593158+00	f	alex_rosalki	Alex	Rosalki		t	t	2022-09-22 16:25:50.572371+00	\N	f	\N	\N	\N	f
251	!FjNPbxJmXrGDJ8Gd8T2xUTwIP62UmgildrvhbKHj	2022-09-22 17:02:53.202206+00	f	gabi_mischel	Gabi	Mischel		t	t	2022-09-22 17:02:53.185976+00	\N	f	\N	\N	\N	f
228	!hwYR52pj4T0wfw9AcBbEBz4ZSlgRW6VEXU62puTI	2022-09-22 15:58:03.390564+00	f	rafi_sarya serfaty	Rafi	Sarya Serfaty		t	t	2022-09-22 15:58:03.374989+00	\N	f	\N	\N	\N	f
252	!vuT57fMid2g3eO8y1pYVSxcwT3gsETZ0YBt7ZyrO	2022-09-22 17:07:12.016759+00	f	marsha_joseph	Marsha	Joseph		t	t	2022-09-22 17:07:12.00084+00	\N	t	\N	\N	\N	f
253	!sXzsYRBU2IzftFDXAwR1Qk72qTNq0moNqxo16jqV	2022-09-22 17:22:58.013234+00	f	molly_cloutier	Molly	Cloutier		t	t	2022-09-22 17:22:57.997243+00	\N	f	\N	\N	\N	f
240	!DiNp4i3sefxRGFQrwlx71tW7Hs641PMCjWfPKAUQ	2022-09-22 16:32:37.904946+00	f	avital_sykora	Avital	Sykora		t	t	2022-09-22 16:32:37.889207+00	\N	f	\N	\N	\N	f
254	!3U29qZrsBMgrZiiT83oJceE5pWwBLi3ChMCr87Sr	2022-09-22 17:23:31.59537+00	f	pascal_roy	Pascal	Roy		t	t	2022-09-22 17:23:31.578899+00	\N	f	\N	\N	\N	f
241	!lG8Sbrjz2UP6VLic8VzFMnEK5JAOTKCNuyMPUVtJ	2022-09-22 16:35:14.996323+00	f	maurane_leost	Maurane	Leost		t	t	2022-09-22 16:35:14.979707+00	\N	f	\N	\N	\N	f
242	!m1dKgw2KHEPxTaeVt8M5noaKgu2Kn6wKV9FMfrrT	2022-09-22 16:35:30.735898+00	f	naomi_altschuler	Naomi	Altschuler		t	t	2022-09-22 16:35:30.719453+00	\N	f	\N	\N	\N	f
255	!2hNo1qP68T6qOxtpbs7gjFmWx6esTxqoUrWzcHqE	2022-09-22 17:24:03.243058+00	f	cb_davies	Cb	Davies		t	t	2022-09-22 17:24:03.226641+00	\N	f	\N	\N	\N	f
259	!ZTI8TLG1nlp18sgSsEtJM5T1kKhuJz2A0bSy7XPC	2022-09-22 17:34:43.725213+00	f	uriel_rosenzweig_ame,r_i(	Uriel_rosenzweig	Ame,r_i(		t	t	2022-09-22 17:34:43.7091+00	\N	f	\N	\N	\N	f
247	!CTbrpkZXy6hurg1YMkLbrPHE7Uh9cd62B3MYH443	2022-09-22 17:24:07.36287+00	f	_				t	t	2022-09-22 16:48:08.307444+00	\N	t	\N	\N	\N	f
256	!BFYp8DoePXFHigL21tT2pHtXSRpjlk5OdzQNNd5h	2022-09-22 17:25:42.25535+00	f	jason_feigen	Jason	Feigen		t	t	2022-09-22 17:25:42.239565+00	\N	f	\N	\N	\N	f
229	!C10eVxXtVJlH1EvbtN21RJNcCnWjVE8dbioG4aKq	2022-09-22 16:06:46.199779+00	f	joey_geralnik	Joey	Geralnik		t	t	2022-09-22 16:06:46.183106+00	\N	f	\N	\N	\N	f
257	!3LxUezSdeKZ32evVnBooyRW2HADKFBqPwxxcxMG3	2022-09-22 17:30:24.161781+00	f	shai_sadeh	Shai	Sadeh		t	t	2022-09-22 17:30:24.145663+00	\N	f	\N	\N	\N	f
258	!sZwjevM4J4GzV94bgoqSUbW2wBMfUQLNLKpROAMz	2022-09-22 17:30:31.182668+00	f	noam_lev-el	Noam	Lev-el		t	t	2022-09-22 17:30:31.166649+00	\N	f	\N	\N	\N	f
260	!u71ewd2IQDjL4tGxWB3jR3OJkx77XSKUXpe53urJ	2022-09-22 17:36:27.379192+00	f	chanah_zimmerman	Chanah	Zimmerman		t	t	2022-09-22 17:36:27.363299+00	\N	t	\N	\N	\N	f
262	!9xbcQ6apE3mwhIGSWo9fbtFo3AlUOghWZ26W6wWj	2022-09-22 17:42:09.529033+00	f	_				t	t	2022-09-22 17:42:09.512105+00	\N	f	\N	\N	\N	f
261	!hyhcJ3JFX0zjRTGJboQD22qJktNoXSU7wvNUIbnc	2022-09-22 18:12:38.767501+00	f	dekel_lejos	Dekel	Lejos		t	t	2022-09-22 17:37:54.237955+00	\N	f	\N	\N	\N	f
263	!Hh1de0pBcJegqbkegrXFvrNghE25z0jDlVrVgbxG	2022-09-22 18:15:14.703261+00	f	brian_hoffman	Brian	Hoffman		t	t	2022-09-22 18:15:14.685918+00	\N	f	\N	\N	\N	f
264	!MNL302harzlcrPeDwrjY8P2lxvitcrl6iE3GuTXH	2022-09-22 19:41:18.913181+00	f	shiri_moshe	Shiri	Moshe		t	t	2022-09-22 19:41:18.897366+00	\N	f	\N	\N	\N	f
1	pbkdf2_sha256$216000$IRovjU9pnru6$rbp+Kpblhm0wSMtszY4N1KGohNK7SFInfWb8684qIXw=	2022-09-23 07:56:22.615161+00	t	alon_aviv	Alon	Aviv		t	t	2022-06-02 13:31:38+00	\N	f	\N	\N	\N	f
230	!XdUcar9N8qoWrBECENlzyy4t0fXbsdLIm8R2XdgZ	2022-09-22 16:10:18.42375+00	f	tamar_orbach	Tamar	Orbach		t	t	2022-09-22 16:10:18.407006+00	\N	f	\N	\N	\N	f
231	!V4wmFcCJy0qTrtR0Au5T5yk2rrTARXVxZdcI3Qxo	2022-09-22 16:11:28.745945+00	f	eylon_levy	Eylon	Levy		t	t	2022-09-22 16:11:28.730269+00	\N	f	\N	\N	\N	f
71	pbkdf2_sha256$216000$IOWXFrrM10hA$8NB9NALPaX6fp8NSEzXkWGvaqBW8u3YIgooEI039sG8=	2022-09-22 15:54:33.03316+00	t	shani_wahrman	Shani	Wahrman		t	t	2022-07-05 12:57:05+00	\N	f	\N	\N	\N	f
232	!t6JSEYit5JSYHRhvzhXUXDw75CLxzY3ziBWJmN7N	2022-09-22 16:12:56.647501+00	f	omer_shaik	Omer	Shaik		t	t	2022-09-22 16:12:56.631135+00	\N	f	\N	\N	\N	f
233	!2bIl0rOCBAre4dabRbMHMZOS76h4OAojxohcYO6M	2022-09-22 16:15:07.687442+00	f	michal_hass	Michal	Hass		t	t	2022-09-22 16:15:07.671541+00	\N	f	\N	\N	\N	f
\.


--
-- Data for Name: song_signup_singer_groups; Type: TABLE DATA; Schema: public; Owner: twistdbadmin
--

COPY public.song_signup_singer_groups (id, singer_id, group_id) FROM stdin;
270	227	1
271	228	1
272	229	1
273	230	1
274	231	1
275	232	1
276	233	1
277	234	1
278	235	1
279	236	1
280	237	1
281	238	1
282	239	1
283	240	1
284	241	1
285	242	1
286	243	1
287	244	1
288	245	1
289	246	1
290	247	1
291	248	1
292	249	1
293	250	1
294	251	1
295	252	1
296	253	1
297	254	1
298	255	1
300	256	1
301	257	1
302	258	1
303	259	1
304	260	1
305	261	1
306	262	1
308	263	1
309	264	1
108	71	1
187	1	1
\.


--
-- Data for Name: song_signup_singer_user_permissions; Type: TABLE DATA; Schema: public; Owner: twistdbadmin
--

COPY public.song_signup_singer_user_permissions (id, singer_id, permission_id) FROM stdin;
\.


--
-- Data for Name: song_signup_songrequest; Type: TABLE DATA; Schema: public; Owner: twistdbadmin
--

COPY public.song_signup_songrequest (id, song_name, musical, request_time, performance_time, singer_id, priority, "position", duet_partner_id, cycle, placeholder, notes, suggested_by_id) FROM stdin;
8581	For Forever	Dear Evan Hansen	2022-09-22 18:45:18.686815+00	2022-09-22 19:49:07.104445+00	255	1	\N	\N	\N	f		\N
8575	Oh What a Beautiful Morning	Oklahoma	2022-09-22 18:16:49.454989+00	2022-09-22 19:43:01.641481+00	263	1	\N	\N	\N	f		\N
8570	For Good	Wicked	2022-09-22 17:47:28.964826+00	2022-09-22 19:40:49.167077+00	257	1	\N	236	\N	f		\N
8560	Heaven's Light / Hellfire	The Hunchback of Notre	2022-09-22 17:31:36.911551+00	2022-09-22 19:13:36.249292+00	258	1	\N	\N	\N	f		\N
8555	I'm Going Home	The Rocky Horror Show	2022-09-22 17:23:22.178742+00	\N	232	5	\N	\N	\N	f		\N
8558	Anthem	Chess	2022-09-22 17:28:18.822868+00	2022-09-22 19:08:54.282786+00	256	1	\N	\N	\N	f		\N
8582	Last Night on Earth	American Idiot	2022-09-22 18:48:02.82983+00	\N	230	6	\N	\N	\N	f		\N
8578	Goodbye Until Tomorrow/I Could Never Rescue You	The Last Five Years	2022-09-22 18:28:46.566609+00	\N	233	6	\N	262	\N	f		\N
8577	Your Obedient Servant	Hamilton	2022-09-22 18:20:09.014428+00	\N	235	3	\N	246	\N	f		\N
8561	The Greatest Show	The Greatest Showman	2022-09-22 17:32:18.256012+00	\N	228	4	\N	\N	\N	f		\N
8552	Nothing	A Chorus Line	2022-09-22 17:17:14.156961+00	\N	232	4	\N	\N	\N	f		\N
8568	Just One Step	Songs for a New World	2022-09-22 17:44:55.364444+00	\N	233	4	\N	\N	\N	f		\N
8550	Pary of Your World	The Little Mermaid	2022-09-22 17:09:06.663033+00	\N	249	2	\N	\N	\N	f		\N
8511	Naughty	Matilda	2022-09-22 16:13:28.159182+00	2022-09-22 17:05:41.814402+00	229	2	\N	\N	\N	f		\N
8536	I Can Do Anything You Can Do Better	Clamity Jane and See Annie Get Your Gun	2022-09-22 16:51:44.988933+00	\N	244	3	\N	71	\N	f		\N
8519	Guido's Song	Nine	2022-09-22 16:19:37.893158+00	2022-09-22 16:48:50.493765+00	231	1	\N	\N	\N	f	Will need help with the la la las at the end 	\N
8531	Supercalifragilisticexpialidocious	Mary Poppins	2022-09-22 16:44:42.80491+00	\N	242	3	\N	\N	\N	f	Movie version	\N
8572	The Plagues (Thus Saith the Lord)	Prince of Egypt	2022-09-22 18:02:20.017184+00	\N	239	3	1	\N	\N	f		\N
8529	A Little Bit Less Than	It Shoulda Been You	2022-09-22 16:37:37.142859+00	\N	240	2	3	\N	\N	f		\N
8537	Giants in the Sky	Into the Woods	2022-09-22 16:55:55.041636+00	\N	228	3	4	\N	\N	f		\N
8514	Popular	Wicked	2022-09-22 16:14:09.195243+00	\N	230	4	6	\N	\N	f		\N
8580	I Wanna Be a Producer	The Producers	2022-09-22 18:35:31.378329+00	\N	231	3	8	\N	\N	f		\N
8574	My Favourite Things	The Sound of Music	2022-09-22 18:09:51.619184+00	\N	250	2	9	\N	\N	f		\N
8553	Brand New Day	Doctor Horrible	2022-09-22 17:18:06.437302+00	\N	229	4	11	\N	\N	f		\N
8564	Reflection	Mulan	2022-09-22 17:36:53.470414+00	\N	253	2	12	\N	\N	f		1
8571	Sue Me	Guys and Dolls	2022-09-22 17:54:46.100861+00	\N	260	2	13	242	\N	f		\N
8576	First Time in Forever (Reprise)	Frozen	2022-09-22 18:19:35.399099+00	\N	261	2	14	253	\N	f		\N
8579	When He Sees Me	Waitress	2022-09-22 18:29:04.653029+00	\N	262	2	15	\N	\N	f		\N
8508	Ain't Necessarily So	Progy and Bess	2022-09-22 16:12:00.865419+00	2022-09-22 16:22:09.369944+00	228	1	\N	\N	\N	f		\N
8507	I'd Rather Be Sailing	A New Brain	2022-09-22 16:11:09.052012+00	2022-09-22 16:18:20.788574+00	230	1	\N	\N	\N	f		\N
8541	Boundaries	A Strange Loop	2022-09-22 17:02:34.948913+00	\N	240	3	\N	\N	\N	f		\N
8540	Colours of the Wind	Pocahontas	2022-09-22 17:01:46.888268+00	2022-09-22 18:26:00.238897+00	250	1	\N	249	\N	f		\N
8513	I Could Be Jewish for You	.	2022-09-22 16:13:52.510217+00	2022-09-22 17:52:14.074939+00	230	3	\N	\N	\N	f		\N
8509	How Far I'll Go	Moana	2022-09-22 16:12:19.827657+00	2022-09-22 16:26:16.947046+00	229	1	\N	\N	\N	f		\N
8515	Perfectly Marvelous	Cabaret	2022-09-22 16:15:12.169314+00	2022-09-22 16:32:26.544293+00	232	1	\N	\N	\N	f	I don't have a Cliff, i'll need one to be provided for me	\N
8544	There Are Worst Things I Could Do	Grease	2022-09-22 17:05:11.429719+00	2022-09-22 18:37:32.650757+00	241	1	\N	\N	\N	f		\N
8510	All for the Best	Godspell	2022-09-22 16:13:24.655861+00	2022-09-22 16:40:48.075388+00	230	2	\N	232	\N	f		\N
8532	America for Ilana	West Side Story	2022-09-22 16:47:06.695047+00	2022-09-22 18:01:16.688506+00	244	1	\N	71	\N	f	You guys sing it	\N
8521	Guido's Song	Nine	2022-09-22 16:20:34.740378+00	2022-09-22 18:20:50.100285+00	231	2	\N	\N	\N	f		\N
8542	It Was a Shit Show	Crazy Ex Girlfriend	2022-09-22 17:04:31.88143+00	2022-09-22 17:55:26.618443+00	232	3	\N	\N	\N	f		\N
8527	Im Breaking Down	Falsettos	2022-09-22 16:34:37.143531+00	2022-09-22 17:33:45.850578+00	240	1	\N	\N	\N	f		\N
8526	Beauty and the Beast	Beauty and the Beast	2022-09-22 16:31:54.285021+00	2022-09-22 17:22:06.290933+00	237	1	\N	\N	\N	f	The Celine Dion version	\N
8524	Hard to Be the Bard	Hard to Be the Bard	2022-09-22 16:29:40.496433+00	2022-09-22 17:16:57.549705+00	235	1	\N	\N	\N	f		\N
8520	Son of Man	Tarzan	2022-09-22 16:19:58.436201+00	2022-09-22 16:45:08.183579+00	234	1	\N	\N	\N	f		\N
8518	Music of the Night	Phantom of the Opera	2022-09-22 16:16:30.352718+00	2022-09-22 17:01:15.126142+00	228	2	\N	\N	\N	f	Lower key (C major maybe?)	\N
8516	Right Hand Man	Something Rotten	2022-09-22 16:15:31.984368+00	2022-09-22 16:35:55.877413+00	233	1	\N	\N	\N	f		\N
8522	Tonight	West Side Story	2022-09-22 16:20:55.118797+00	2022-09-22 18:01:16.463249+00	234	2	\N	71	\N	f		\N
8533	C'est Moi	Camelot	2022-09-22 16:48:02.446462+00	2022-09-22 18:06:36.173343+00	245	1	\N	\N	\N	f		\N
8557	Claude Franois Comme d'Habitude	French Version of Paul Anka's My Way	2022-09-22 17:25:06.256281+00	2022-09-22 19:04:24.312466+00	254	1	\N	\N	\N	f		\N
8530	Getting Married Today	Company	2022-09-22 16:43:31.60505+00	\N	242	2	5	232	\N	f	Its FAST	\N
8567	A Summer in Ohio	The Last Five Years	2022-09-22 17:43:06.962199+00	2022-09-22 19:35:10.087305+00	262	1	\N	\N	\N	f		\N
8566	Shlomit Bona Soca	Jewish Holidays	2022-09-22 17:40:01.243765+00	2022-09-22 19:30:33.143343+00	261	1	\N	\N	\N	f	  	\N
8565	Welcome to the Rock	Come From Away	2022-09-22 17:38:39.946004+00	2022-09-22 19:26:28.878579+00	260	1	\N	\N	\N	f		\N
8548	Michael in the Bathroom	Be More Chill	2022-09-22 17:07:48.512203+00	2022-09-22 18:51:41.622759+00	252	1	\N	\N	\N	f		\N
8546	Words Fail	Dear Even Hansen	2022-09-22 17:06:03.50801+00	2022-09-22 18:43:33.517344+00	246	1	\N	\N	\N	f		\N
8535	On My Own	Les Miserables	2022-09-22 16:49:29.905766+00	2022-09-22 18:20:50.392756+00	247	1	\N	\N	\N	f		\N
8528	Its a Musical	Something Rotten	2022-09-22 16:36:23.958747+00	2022-09-22 17:42:30.24707+00	242	1	\N	\N	\N	f		\N
8512	Enough	In the Heights	2022-09-22 16:13:46.694116+00	2022-09-22 18:40:57.851365+00	229	3	\N	\N	\N	f		\N
8547	I Enjoy Being a Girl	Flower Drum Story	2022-09-22 17:06:28.926761+00	\N	244	4	\N	71	\N	f		\N
8549	Still Hurting	The Last Five Years	2022-09-22 17:07:55.202666+00	\N	233	3	\N	\N	\N	f		\N
8523	Stars	Les Miserables	2022-09-22 16:28:57.613786+00	2022-09-22 17:11:06.675435+00	239	1	\N	\N	\N	f		\N
8517	Fine	Ordinary Days	2022-09-22 16:16:02.405366+00	2022-09-22 17:37:42.578575+00	233	2	\N	228	\N	f		\N
8554	Dancing Through Life (Solo Version)	Wicked	2022-09-22 17:19:30.676605+00	\N	230	5	\N	\N	\N	f		\N
8506	Singers' Choice	Broadway	2022-09-22 15:59:12.323948+00	2022-09-22 17:34:10.640455+00	227	1	\N	\N	\N	f	Anything that Shani and Alon will sing!	\N
8563	Hopelessly Devoted to You	Grease	2022-09-22 17:36:12.550387+00	2022-09-22 19:22:02.715865+00	253	1	\N	\N	\N	f		\N
8559	I Love You Like a Table	Waitress	2022-09-22 17:30:17.507251+00	\N	235	2	2	233	\N	f		\N
8534	I'm Going to Washthis Man Right Out of My Hair	South Pacific	2022-09-22 16:48:24.691124+00	\N	244	2	7	71	\N	f	You guys sing	\N
8543	When She Loved Me	Toy Story	2022-09-22 17:04:44.744585+00	\N	249	1	10	\N	\N	f		\N
\.


--
-- Data for Name: song_signup_songrequest_additional_singers; Type: TABLE DATA; Schema: public; Owner: twistdbadmin
--

COPY public.song_signup_songrequest_additional_singers (id, songrequest_id, singer_id) FROM stdin;
12	8531	232
13	8532	1
14	8536	1
15	8572	241
16	8572	255
17	8574	249
\.


--
-- Data for Name: song_signup_songsuggestion; Type: TABLE DATA; Schema: public; Owner: twistdbadmin
--

COPY public.song_signup_songsuggestion (id, song_name, musical, request_time, is_used, suggested_by_id) FROM stdin;
8	Reflection	Mulan	2022-09-07 16:22:38.109262+00	t	1
14	Don't Lose Ur Head	Six	2022-09-22 16:20:36.340159+00	f	229
15	Ex-Wives	Six	2022-09-22 16:26:21.782554+00	f	231
16	Anything Goes	Anything Goes	2022-09-22 17:00:04.542135+00	f	248
17	I Enjoy Being a Girl	Flower Drum Song	2022-09-22 17:05:05.466106+00	f	244
18	Welcome to the Rock	Come From Away	2022-09-22 17:07:19.942462+00	t	242
\.


--
-- Name: auth_group_id_seq; Type: SEQUENCE SET; Schema: public; Owner: twistdbadmin
--

SELECT pg_catalog.setval('public.auth_group_id_seq', 1, true);


--
-- Name: auth_group_permissions_id_seq; Type: SEQUENCE SET; Schema: public; Owner: twistdbadmin
--

SELECT pg_catalog.setval('public.auth_group_permissions_id_seq', 2, true);


--
-- Name: auth_permission_id_seq; Type: SEQUENCE SET; Schema: public; Owner: twistdbadmin
--

SELECT pg_catalog.setval('public.auth_permission_id_seq', 40, true);


--
-- Name: django_admin_log_id_seq; Type: SEQUENCE SET; Schema: public; Owner: twistdbadmin
--

SELECT pg_catalog.setval('public.django_admin_log_id_seq', 89, true);


--
-- Name: django_content_type_id_seq; Type: SEQUENCE SET; Schema: public; Owner: twistdbadmin
--

SELECT pg_catalog.setval('public.django_content_type_id_seq', 10, true);


--
-- Name: django_migrations_id_seq; Type: SEQUENCE SET; Schema: public; Owner: twistdbadmin
--

SELECT pg_catalog.setval('public.django_migrations_id_seq', 53, true);


--
-- Name: flags_flagstate_id_seq; Type: SEQUENCE SET; Schema: public; Owner: twistdbadmin
--

SELECT pg_catalog.setval('public.flags_flagstate_id_seq', 1, true);


--
-- Name: song_signup_groupsongrequest_id_seq; Type: SEQUENCE SET; Schema: public; Owner: twistdbadmin
--

SELECT pg_catalog.setval('public.song_signup_groupsongrequest_id_seq', 107, true);


--
-- Name: song_signup_singer_groups_id_seq; Type: SEQUENCE SET; Schema: public; Owner: twistdbadmin
--

SELECT pg_catalog.setval('public.song_signup_singer_groups_id_seq', 309, true);


--
-- Name: song_signup_singer_id_seq; Type: SEQUENCE SET; Schema: public; Owner: twistdbadmin
--

SELECT pg_catalog.setval('public.song_signup_singer_id_seq', 264, true);


--
-- Name: song_signup_singer_user_permissions_id_seq; Type: SEQUENCE SET; Schema: public; Owner: twistdbadmin
--

SELECT pg_catalog.setval('public.song_signup_singer_user_permissions_id_seq', 1, false);


--
-- Name: song_signup_songrequest_additional_singers_id_seq; Type: SEQUENCE SET; Schema: public; Owner: twistdbadmin
--

SELECT pg_catalog.setval('public.song_signup_songrequest_additional_singers_id_seq', 17, true);


--
-- Name: song_signup_songrequest_id_seq; Type: SEQUENCE SET; Schema: public; Owner: twistdbadmin
--

SELECT pg_catalog.setval('public.song_signup_songrequest_id_seq', 8582, true);


--
-- Name: song_signup_songsuggestion_id_seq; Type: SEQUENCE SET; Schema: public; Owner: twistdbadmin
--

SELECT pg_catalog.setval('public.song_signup_songsuggestion_id_seq', 18, true);


--
-- Name: auth_group auth_group_name_key; Type: CONSTRAINT; Schema: public; Owner: twistdbadmin
--

ALTER TABLE ONLY public.auth_group
    ADD CONSTRAINT auth_group_name_key UNIQUE (name);


--
-- Name: auth_group_permissions auth_group_permissions_group_id_permission_id_0cd325b0_uniq; Type: CONSTRAINT; Schema: public; Owner: twistdbadmin
--

ALTER TABLE ONLY public.auth_group_permissions
    ADD CONSTRAINT auth_group_permissions_group_id_permission_id_0cd325b0_uniq UNIQUE (group_id, permission_id);


--
-- Name: auth_group_permissions auth_group_permissions_pkey; Type: CONSTRAINT; Schema: public; Owner: twistdbadmin
--

ALTER TABLE ONLY public.auth_group_permissions
    ADD CONSTRAINT auth_group_permissions_pkey PRIMARY KEY (id);


--
-- Name: auth_group auth_group_pkey; Type: CONSTRAINT; Schema: public; Owner: twistdbadmin
--

ALTER TABLE ONLY public.auth_group
    ADD CONSTRAINT auth_group_pkey PRIMARY KEY (id);


--
-- Name: auth_permission auth_permission_content_type_id_codename_01ab375a_uniq; Type: CONSTRAINT; Schema: public; Owner: twistdbadmin
--

ALTER TABLE ONLY public.auth_permission
    ADD CONSTRAINT auth_permission_content_type_id_codename_01ab375a_uniq UNIQUE (content_type_id, codename);


--
-- Name: auth_permission auth_permission_pkey; Type: CONSTRAINT; Schema: public; Owner: twistdbadmin
--

ALTER TABLE ONLY public.auth_permission
    ADD CONSTRAINT auth_permission_pkey PRIMARY KEY (id);


--
-- Name: django_admin_log django_admin_log_pkey; Type: CONSTRAINT; Schema: public; Owner: twistdbadmin
--

ALTER TABLE ONLY public.django_admin_log
    ADD CONSTRAINT django_admin_log_pkey PRIMARY KEY (id);


--
-- Name: django_content_type django_content_type_app_label_model_76bd3d3b_uniq; Type: CONSTRAINT; Schema: public; Owner: twistdbadmin
--

ALTER TABLE ONLY public.django_content_type
    ADD CONSTRAINT django_content_type_app_label_model_76bd3d3b_uniq UNIQUE (app_label, model);


--
-- Name: django_content_type django_content_type_pkey; Type: CONSTRAINT; Schema: public; Owner: twistdbadmin
--

ALTER TABLE ONLY public.django_content_type
    ADD CONSTRAINT django_content_type_pkey PRIMARY KEY (id);


--
-- Name: django_migrations django_migrations_pkey; Type: CONSTRAINT; Schema: public; Owner: twistdbadmin
--

ALTER TABLE ONLY public.django_migrations
    ADD CONSTRAINT django_migrations_pkey PRIMARY KEY (id);


--
-- Name: django_session django_session_pkey; Type: CONSTRAINT; Schema: public; Owner: twistdbadmin
--

ALTER TABLE ONLY public.django_session
    ADD CONSTRAINT django_session_pkey PRIMARY KEY (session_key);


--
-- Name: flags_flagstate flags_flagstate_name_condition_value_4e81ec48_uniq; Type: CONSTRAINT; Schema: public; Owner: twistdbadmin
--

ALTER TABLE ONLY public.flags_flagstate
    ADD CONSTRAINT flags_flagstate_name_condition_value_4e81ec48_uniq UNIQUE (name, condition, value);


--
-- Name: flags_flagstate flags_flagstate_pkey; Type: CONSTRAINT; Schema: public; Owner: twistdbadmin
--

ALTER TABLE ONLY public.flags_flagstate
    ADD CONSTRAINT flags_flagstate_pkey PRIMARY KEY (id);


--
-- Name: song_signup_groupsongrequest song_signup_groupsongrequest_pkey; Type: CONSTRAINT; Schema: public; Owner: twistdbadmin
--

ALTER TABLE ONLY public.song_signup_groupsongrequest
    ADD CONSTRAINT song_signup_groupsongrequest_pkey PRIMARY KEY (id);


--
-- Name: song_signup_singer_groups song_signup_singer_groups_pkey; Type: CONSTRAINT; Schema: public; Owner: twistdbadmin
--

ALTER TABLE ONLY public.song_signup_singer_groups
    ADD CONSTRAINT song_signup_singer_groups_pkey PRIMARY KEY (id);


--
-- Name: song_signup_singer_groups song_signup_singer_groups_singer_id_group_id_0c2bce52_uniq; Type: CONSTRAINT; Schema: public; Owner: twistdbadmin
--

ALTER TABLE ONLY public.song_signup_singer_groups
    ADD CONSTRAINT song_signup_singer_groups_singer_id_group_id_0c2bce52_uniq UNIQUE (singer_id, group_id);


--
-- Name: song_signup_singer song_signup_singer_pkey; Type: CONSTRAINT; Schema: public; Owner: twistdbadmin
--

ALTER TABLE ONLY public.song_signup_singer
    ADD CONSTRAINT song_signup_singer_pkey PRIMARY KEY (id);


--
-- Name: song_signup_singer_user_permissions song_signup_singer_user__singer_id_permission_id_d96a7da1_uniq; Type: CONSTRAINT; Schema: public; Owner: twistdbadmin
--

ALTER TABLE ONLY public.song_signup_singer_user_permissions
    ADD CONSTRAINT song_signup_singer_user__singer_id_permission_id_d96a7da1_uniq UNIQUE (singer_id, permission_id);


--
-- Name: song_signup_singer_user_permissions song_signup_singer_user_permissions_pkey; Type: CONSTRAINT; Schema: public; Owner: twistdbadmin
--

ALTER TABLE ONLY public.song_signup_singer_user_permissions
    ADD CONSTRAINT song_signup_singer_user_permissions_pkey PRIMARY KEY (id);


--
-- Name: song_signup_singer song_signup_singer_username_key; Type: CONSTRAINT; Schema: public; Owner: twistdbadmin
--

ALTER TABLE ONLY public.song_signup_singer
    ADD CONSTRAINT song_signup_singer_username_key UNIQUE (username);


--
-- Name: song_signup_songrequest_additional_singers song_signup_songrequest__songrequest_id_singer_id_1b295821_uniq; Type: CONSTRAINT; Schema: public; Owner: twistdbadmin
--

ALTER TABLE ONLY public.song_signup_songrequest_additional_singers
    ADD CONSTRAINT song_signup_songrequest__songrequest_id_singer_id_1b295821_uniq UNIQUE (songrequest_id, singer_id);


--
-- Name: song_signup_songrequest_additional_singers song_signup_songrequest_additional_singers_pkey; Type: CONSTRAINT; Schema: public; Owner: twistdbadmin
--

ALTER TABLE ONLY public.song_signup_songrequest_additional_singers
    ADD CONSTRAINT song_signup_songrequest_additional_singers_pkey PRIMARY KEY (id);


--
-- Name: song_signup_songrequest song_signup_songrequest_pkey; Type: CONSTRAINT; Schema: public; Owner: twistdbadmin
--

ALTER TABLE ONLY public.song_signup_songrequest
    ADD CONSTRAINT song_signup_songrequest_pkey PRIMARY KEY (id);


--
-- Name: song_signup_songrequest song_signup_songrequest_song_name_musical_singer_d2c870a5_uniq; Type: CONSTRAINT; Schema: public; Owner: twistdbadmin
--

ALTER TABLE ONLY public.song_signup_songrequest
    ADD CONSTRAINT song_signup_songrequest_song_name_musical_singer_d2c870a5_uniq UNIQUE (song_name, musical, singer_id, cycle, "position");


--
-- Name: song_signup_songsuggestion song_signup_songsuggestion_pkey; Type: CONSTRAINT; Schema: public; Owner: twistdbadmin
--

ALTER TABLE ONLY public.song_signup_songsuggestion
    ADD CONSTRAINT song_signup_songsuggestion_pkey PRIMARY KEY (id);


--
-- Name: auth_group_name_a6ea08ec_like; Type: INDEX; Schema: public; Owner: twistdbadmin
--

CREATE INDEX auth_group_name_a6ea08ec_like ON public.auth_group USING btree (name varchar_pattern_ops);


--
-- Name: auth_group_permissions_group_id_b120cbf9; Type: INDEX; Schema: public; Owner: twistdbadmin
--

CREATE INDEX auth_group_permissions_group_id_b120cbf9 ON public.auth_group_permissions USING btree (group_id);


--
-- Name: auth_group_permissions_permission_id_84c5c92e; Type: INDEX; Schema: public; Owner: twistdbadmin
--

CREATE INDEX auth_group_permissions_permission_id_84c5c92e ON public.auth_group_permissions USING btree (permission_id);


--
-- Name: auth_permission_content_type_id_2f476e4b; Type: INDEX; Schema: public; Owner: twistdbadmin
--

CREATE INDEX auth_permission_content_type_id_2f476e4b ON public.auth_permission USING btree (content_type_id);


--
-- Name: django_admin_log_content_type_id_c4bce8eb; Type: INDEX; Schema: public; Owner: twistdbadmin
--

CREATE INDEX django_admin_log_content_type_id_c4bce8eb ON public.django_admin_log USING btree (content_type_id);


--
-- Name: django_admin_log_user_id_c564eba6; Type: INDEX; Schema: public; Owner: twistdbadmin
--

CREATE INDEX django_admin_log_user_id_c564eba6 ON public.django_admin_log USING btree (user_id);


--
-- Name: django_session_expire_date_a5c62663; Type: INDEX; Schema: public; Owner: twistdbadmin
--

CREATE INDEX django_session_expire_date_a5c62663 ON public.django_session USING btree (expire_date);


--
-- Name: django_session_session_key_c0390e0f_like; Type: INDEX; Schema: public; Owner: twistdbadmin
--

CREATE INDEX django_session_session_key_c0390e0f_like ON public.django_session USING btree (session_key varchar_pattern_ops);


--
-- Name: song_signup_groupsongrequest_requested_by_id_28ee6931; Type: INDEX; Schema: public; Owner: twistdbadmin
--

CREATE INDEX song_signup_groupsongrequest_requested_by_id_28ee6931 ON public.song_signup_groupsongrequest USING btree (suggested_by_id);


--
-- Name: song_signup_singer_groups_group_id_dd867d90; Type: INDEX; Schema: public; Owner: twistdbadmin
--

CREATE INDEX song_signup_singer_groups_group_id_dd867d90 ON public.song_signup_singer_groups USING btree (group_id);


--
-- Name: song_signup_singer_groups_singer_id_2c98845b; Type: INDEX; Schema: public; Owner: twistdbadmin
--

CREATE INDEX song_signup_singer_groups_singer_id_2c98845b ON public.song_signup_singer_groups USING btree (singer_id);


--
-- Name: song_signup_singer_user_permissions_permission_id_94d0d848; Type: INDEX; Schema: public; Owner: twistdbadmin
--

CREATE INDEX song_signup_singer_user_permissions_permission_id_94d0d848 ON public.song_signup_singer_user_permissions USING btree (permission_id);


--
-- Name: song_signup_singer_user_permissions_singer_id_20ebc8cd; Type: INDEX; Schema: public; Owner: twistdbadmin
--

CREATE INDEX song_signup_singer_user_permissions_singer_id_20ebc8cd ON public.song_signup_singer_user_permissions USING btree (singer_id);


--
-- Name: song_signup_singer_username_b362f1d1_like; Type: INDEX; Schema: public; Owner: twistdbadmin
--

CREATE INDEX song_signup_singer_username_b362f1d1_like ON public.song_signup_singer USING btree (username varchar_pattern_ops);


--
-- Name: song_signup_songrequest_ad_songrequest_id_2e38e58b; Type: INDEX; Schema: public; Owner: twistdbadmin
--

CREATE INDEX song_signup_songrequest_ad_songrequest_id_2e38e58b ON public.song_signup_songrequest_additional_singers USING btree (songrequest_id);


--
-- Name: song_signup_songrequest_additional_singers_singer_id_a529a8f4; Type: INDEX; Schema: public; Owner: twistdbadmin
--

CREATE INDEX song_signup_songrequest_additional_singers_singer_id_a529a8f4 ON public.song_signup_songrequest_additional_singers USING btree (singer_id);


--
-- Name: song_signup_songrequest_duet_partner_id_5dad5c17; Type: INDEX; Schema: public; Owner: twistdbadmin
--

CREATE INDEX song_signup_songrequest_duet_partner_id_5dad5c17 ON public.song_signup_songrequest USING btree (duet_partner_id);


--
-- Name: song_signup_songrequest_singer_id_d2a4ad82; Type: INDEX; Schema: public; Owner: twistdbadmin
--

CREATE INDEX song_signup_songrequest_singer_id_d2a4ad82 ON public.song_signup_songrequest USING btree (singer_id);


--
-- Name: song_signup_songrequest_suggested_by_id_c3767ba8; Type: INDEX; Schema: public; Owner: twistdbadmin
--

CREATE INDEX song_signup_songrequest_suggested_by_id_c3767ba8 ON public.song_signup_songrequest USING btree (suggested_by_id);


--
-- Name: song_signup_songsuggestion_suggested_by_id_3bee0033; Type: INDEX; Schema: public; Owner: twistdbadmin
--

CREATE INDEX song_signup_songsuggestion_suggested_by_id_3bee0033 ON public.song_signup_songsuggestion USING btree (suggested_by_id);


--
-- Name: auth_group_permissions auth_group_permissio_permission_id_84c5c92e_fk_auth_perm; Type: FK CONSTRAINT; Schema: public; Owner: twistdbadmin
--

ALTER TABLE ONLY public.auth_group_permissions
    ADD CONSTRAINT auth_group_permissio_permission_id_84c5c92e_fk_auth_perm FOREIGN KEY (permission_id) REFERENCES public.auth_permission(id) DEFERRABLE INITIALLY DEFERRED;


--
-- Name: auth_group_permissions auth_group_permissions_group_id_b120cbf9_fk_auth_group_id; Type: FK CONSTRAINT; Schema: public; Owner: twistdbadmin
--

ALTER TABLE ONLY public.auth_group_permissions
    ADD CONSTRAINT auth_group_permissions_group_id_b120cbf9_fk_auth_group_id FOREIGN KEY (group_id) REFERENCES public.auth_group(id) DEFERRABLE INITIALLY DEFERRED;


--
-- Name: auth_permission auth_permission_content_type_id_2f476e4b_fk_django_co; Type: FK CONSTRAINT; Schema: public; Owner: twistdbadmin
--

ALTER TABLE ONLY public.auth_permission
    ADD CONSTRAINT auth_permission_content_type_id_2f476e4b_fk_django_co FOREIGN KEY (content_type_id) REFERENCES public.django_content_type(id) DEFERRABLE INITIALLY DEFERRED;


--
-- Name: django_admin_log django_admin_log_content_type_id_c4bce8eb_fk_django_co; Type: FK CONSTRAINT; Schema: public; Owner: twistdbadmin
--

ALTER TABLE ONLY public.django_admin_log
    ADD CONSTRAINT django_admin_log_content_type_id_c4bce8eb_fk_django_co FOREIGN KEY (content_type_id) REFERENCES public.django_content_type(id) DEFERRABLE INITIALLY DEFERRED;


--
-- Name: django_admin_log django_admin_log_user_id_c564eba6_fk_song_signup_singer_id; Type: FK CONSTRAINT; Schema: public; Owner: twistdbadmin
--

ALTER TABLE ONLY public.django_admin_log
    ADD CONSTRAINT django_admin_log_user_id_c564eba6_fk_song_signup_singer_id FOREIGN KEY (user_id) REFERENCES public.song_signup_singer(id) DEFERRABLE INITIALLY DEFERRED;


--
-- Name: song_signup_groupsongrequest song_signup_groupson_suggested_by_id_5d16a13a_fk_song_sign; Type: FK CONSTRAINT; Schema: public; Owner: twistdbadmin
--

ALTER TABLE ONLY public.song_signup_groupsongrequest
    ADD CONSTRAINT song_signup_groupson_suggested_by_id_5d16a13a_fk_song_sign FOREIGN KEY (suggested_by_id) REFERENCES public.song_signup_singer(id) DEFERRABLE INITIALLY DEFERRED;


--
-- Name: song_signup_singer_groups song_signup_singer_g_singer_id_2c98845b_fk_song_sign; Type: FK CONSTRAINT; Schema: public; Owner: twistdbadmin
--

ALTER TABLE ONLY public.song_signup_singer_groups
    ADD CONSTRAINT song_signup_singer_g_singer_id_2c98845b_fk_song_sign FOREIGN KEY (singer_id) REFERENCES public.song_signup_singer(id) DEFERRABLE INITIALLY DEFERRED;


--
-- Name: song_signup_singer_groups song_signup_singer_groups_group_id_dd867d90_fk_auth_group_id; Type: FK CONSTRAINT; Schema: public; Owner: twistdbadmin
--

ALTER TABLE ONLY public.song_signup_singer_groups
    ADD CONSTRAINT song_signup_singer_groups_group_id_dd867d90_fk_auth_group_id FOREIGN KEY (group_id) REFERENCES public.auth_group(id) DEFERRABLE INITIALLY DEFERRED;


--
-- Name: song_signup_singer_user_permissions song_signup_singer_u_permission_id_94d0d848_fk_auth_perm; Type: FK CONSTRAINT; Schema: public; Owner: twistdbadmin
--

ALTER TABLE ONLY public.song_signup_singer_user_permissions
    ADD CONSTRAINT song_signup_singer_u_permission_id_94d0d848_fk_auth_perm FOREIGN KEY (permission_id) REFERENCES public.auth_permission(id) DEFERRABLE INITIALLY DEFERRED;


--
-- Name: song_signup_singer_user_permissions song_signup_singer_u_singer_id_20ebc8cd_fk_song_sign; Type: FK CONSTRAINT; Schema: public; Owner: twistdbadmin
--

ALTER TABLE ONLY public.song_signup_singer_user_permissions
    ADD CONSTRAINT song_signup_singer_u_singer_id_20ebc8cd_fk_song_sign FOREIGN KEY (singer_id) REFERENCES public.song_signup_singer(id) DEFERRABLE INITIALLY DEFERRED;


--
-- Name: song_signup_songrequest song_signup_songrequ_duet_partner_id_5dad5c17_fk_song_sign; Type: FK CONSTRAINT; Schema: public; Owner: twistdbadmin
--

ALTER TABLE ONLY public.song_signup_songrequest
    ADD CONSTRAINT song_signup_songrequ_duet_partner_id_5dad5c17_fk_song_sign FOREIGN KEY (duet_partner_id) REFERENCES public.song_signup_singer(id) DEFERRABLE INITIALLY DEFERRED;


--
-- Name: song_signup_songrequest_additional_singers song_signup_songrequ_singer_id_a529a8f4_fk_song_sign; Type: FK CONSTRAINT; Schema: public; Owner: twistdbadmin
--

ALTER TABLE ONLY public.song_signup_songrequest_additional_singers
    ADD CONSTRAINT song_signup_songrequ_singer_id_a529a8f4_fk_song_sign FOREIGN KEY (singer_id) REFERENCES public.song_signup_singer(id) DEFERRABLE INITIALLY DEFERRED;


--
-- Name: song_signup_songrequest song_signup_songrequ_singer_id_d2a4ad82_fk_song_sign; Type: FK CONSTRAINT; Schema: public; Owner: twistdbadmin
--

ALTER TABLE ONLY public.song_signup_songrequest
    ADD CONSTRAINT song_signup_songrequ_singer_id_d2a4ad82_fk_song_sign FOREIGN KEY (singer_id) REFERENCES public.song_signup_singer(id) DEFERRABLE INITIALLY DEFERRED;


--
-- Name: song_signup_songrequest_additional_singers song_signup_songrequ_songrequest_id_2e38e58b_fk_song_sign; Type: FK CONSTRAINT; Schema: public; Owner: twistdbadmin
--

ALTER TABLE ONLY public.song_signup_songrequest_additional_singers
    ADD CONSTRAINT song_signup_songrequ_songrequest_id_2e38e58b_fk_song_sign FOREIGN KEY (songrequest_id) REFERENCES public.song_signup_songrequest(id) DEFERRABLE INITIALLY DEFERRED;


--
-- Name: song_signup_songrequest song_signup_songrequ_suggested_by_id_c3767ba8_fk_song_sign; Type: FK CONSTRAINT; Schema: public; Owner: twistdbadmin
--

ALTER TABLE ONLY public.song_signup_songrequest
    ADD CONSTRAINT song_signup_songrequ_suggested_by_id_c3767ba8_fk_song_sign FOREIGN KEY (suggested_by_id) REFERENCES public.song_signup_singer(id) DEFERRABLE INITIALLY DEFERRED;


--
-- Name: song_signup_songsuggestion song_signup_songsugg_suggested_by_id_3bee0033_fk_song_sign; Type: FK CONSTRAINT; Schema: public; Owner: twistdbadmin
--

ALTER TABLE ONLY public.song_signup_songsuggestion
    ADD CONSTRAINT song_signup_songsugg_suggested_by_id_3bee0033_fk_song_sign FOREIGN KEY (suggested_by_id) REFERENCES public.song_signup_singer(id) DEFERRABLE INITIALLY DEFERRED;


--
-- PostgreSQL database dump complete
--

